{
	"__comment": "Designed by CreatorLabs with Cubik Studio - https://cubik.studio - Download 3D CreatorCraft at https://www.planetminecraft.com/texture_pack/3d-creatorcraft/",
	"textures": {
		"stone": "item/swords_pack/stone_texture",
		"stone_light": "item/swords_pack/stone_texture_light",
		"stone_v_light": "item/swords_pack/stone_texture_very_light",
		"stone_dark": "item/swords_pack/stone_texture_dark",
		"stone_v_dark": "item/swords_pack/stone_texture_v_dark",
		"wood": "item/swords_pack/wood_texture"
	},
	"elements": [ 	 
		{
			"__comment": "stone_dark",
			"from": [ 7.625, 1.125, 6.5 ],
			"to": [ 9.125, 2.125, 7.5 ],
			"faces": {
				"down": { "uv": [ 3.5, 9, 5, 10 ], "texture": "#stone_dark" },
				"up": { "uv": [ 3.5, 6, 5, 7 ], "texture": "#stone_dark" },
				"north": { "uv": [ 11, 10.75, 12.5, 11.75 ], "texture": "#stone_dark" },
				"south": { "uv": [ 3.5, 10.75, 5, 11.75 ], "texture": "#stone_dark" },
				"west": { "uv": [ 6, 10.75, 7, 11.75 ], "texture": "#stone_dark" },
				"east": { "uv": [ 9, 10.75, 10, 11.75 ], "texture": "#stone_dark" }
			}
		},
		{
			"__comment": "stone_dark1",
			"from": [ 7.625, 1.125, 7.5 ],
			"to": [ 9.125, 1.625, 10 ],
			"faces": {
				"down": { "uv": [ 3.5, 6.5, 5, 9 ], "texture": "#stone_dark" },
				"up": { "uv": [ 3.5, 7, 5, 9.5 ], "texture": "#stone_dark" },
				"north": { "uv": [ 11, 11.25, 12.5, 11.75 ], "texture": "#stone_dark" },
				"south": { "uv": [ 3.5, 11.25, 5, 11.75 ], "texture": "#stone_dark" },
				"west": { "uv": [ 7, 11.25, 9.5, 11.75 ], "texture": "#stone_dark" },
				"east": { "uv": [ 6.5, 11.25, 9, 11.75 ], "texture": "#stone_dark" }
			}
		},
		{
			"__comment": "stone_dark2",
			"from": [ 7.625, 1.625, 6 ],
			"to": [ 9.125, 2.125, 6.5 ],
			"faces": {
				"down": { "uv": [ 3.5, 10, 5, 10.5 ], "texture": "#stone_dark" },
				"up": { "uv": [ 3.5, 5.5, 5, 6 ], "texture": "#stone_dark" },
				"north": { "uv": [ 11, 10.75, 12.5, 11.25 ], "texture": "#stone_dark" },
				"south": { "uv": [ 3.5, 10.75, 5, 11.25 ], "texture": "#stone_dark" },
				"west": { "uv": [ 5.5, 10.75, 6, 11.25 ], "texture": "#stone_dark" },
				"east": { "uv": [ 10, 10.75, 10.5, 11.25 ], "texture": "#stone_dark" }
			}
		},
		{
			"__comment": "stone_v_dark",
			"from": [ 7.5, 1.625, 7.5 ],
			"to": [ 8.125, 4.625, 8 ],
			"faces": {
				"down": { "uv": [ 3.375, 8.5, 4, 9 ], "texture": "#stone_v_dark" },
				"up": { "uv": [ 3.375, 7, 4, 7.5 ], "texture": "#stone_v_dark" },
				"north": { "uv": [ 12, 8.25, 12.625, 11.25 ], "texture": "#stone_v_dark" },
				"south": { "uv": [ 3.375, 8.25, 4, 11.25 ], "texture": "#stone_v_dark" },
				"west": { "uv": [ 7, 8.25, 7.5, 11.25 ], "texture": "#stone_v_dark" },
				"east": { "uv": [ 8.5, 8.25, 9, 11.25 ], "texture": "#stone_v_dark" }
			}
		},
		{
			"__comment": "stone_v_dark1",
			"from": [ 7.5, 1.625, 8 ],
			"to": [ 8.125, 2.625, 9 ],
			"faces": {
				"down": { "uv": [ 3.375, 7.5, 4, 8.5 ], "texture": "#stone_v_dark" },
				"up": { "uv": [ 3.375, 7.5, 4, 8.5 ], "texture": "#stone_v_dark" },
				"north": { "uv": [ 12, 10.25, 12.625, 11.25 ], "texture": "#stone_v_dark" },
				"south": { "uv": [ 3.375, 10.25, 4, 11.25 ], "texture": "#stone_v_dark" },
				"west": { "uv": [ 7.5, 10.25, 8.5, 11.25 ], "texture": "#stone_v_dark" },
				"east": { "uv": [ 7.5, 10.25, 8.5, 11.25 ], "texture": "#stone_v_dark" }
			}
		},
		{
			"__comment": "stone_dark3",
			"from": [ 7.625, 1.625, 9 ],
			"to": [ 9.125, 2.125, 10.5 ],
			"faces": {
				"down": { "uv": [ 3.5, 6, 5, 7.5 ], "texture": "#stone_dark" },
				"up": { "uv": [ 3.5, 8.5, 5, 10 ], "texture": "#stone_dark" },
				"north": { "uv": [ 11, 10.75, 12.5, 11.25 ], "texture": "#stone_dark" },
				"south": { "uv": [ 3.5, 10.75, 5, 11.25 ], "texture": "#stone_dark" },
				"west": { "uv": [ 8.5, 10.75, 10, 11.25 ], "texture": "#stone_dark" },
				"east": { "uv": [ 6, 10.75, 7.5, 11.25 ], "texture": "#stone_dark" }
			}
		},
		{
			"__comment": "stone_dark4",
			"from": [ 7.625, 2.625, 8 ],
			"to": [ 9.125, 3.125, 8.5 ],
			"faces": {
				"down": { "uv": [ 3.5, 8, 5, 8.5 ], "texture": "#stone_dark" },
				"up": { "uv": [ 3.5, 7.5, 5, 8 ], "texture": "#stone_dark" },
				"north": { "uv": [ 11, 9.75, 12.5, 10.25 ], "texture": "#stone_dark" },
				"south": { "uv": [ 3.5, 9.75, 5, 10.25 ], "texture": "#stone_dark" },
				"west": { "uv": [ 7.5, 9.75, 8, 10.25 ], "texture": "#stone_dark" },
				"east": { "uv": [ 8, 9.75, 8.5, 10.25 ], "texture": "#stone_dark" }
			}
		},
		{
			"__comment": "stone_v_dark2",
			"from": [ 7.5, 2.625, 8.5 ],
			"to": [ 8.125, 4.625, 9 ],
			"faces": {
				"down": { "uv": [ 3.375, 7.5, 4, 8 ], "texture": "#stone_v_dark" },
				"up": { "uv": [ 3.375, 8, 4, 8.5 ], "texture": "#stone_v_dark" },
				"north": { "uv": [ 12, 8.25, 12.625, 10.25 ], "texture": "#stone_v_dark" },
				"south": { "uv": [ 3.375, 8.25, 4, 10.25 ], "texture": "#stone_v_dark" },
				"west": { "uv": [ 8, 8.25, 8.5, 10.25 ], "texture": "#stone_v_dark" },
				"east": { "uv": [ 7.5, 8.25, 8, 10.25 ], "texture": "#stone_v_dark" }
			}
		},
		{
			"__comment": "stone_v_dark3",
			"from": [ 7.5, 3.125, 8 ],
			"to": [ 8.125, 3.625, 8.5 ],
			"faces": {
				"down": { "uv": [ 3.375, 8, 4, 8.5 ], "texture": "#stone_v_dark" },
				"up": { "uv": [ 3.375, 7.5, 4, 8 ], "texture": "#stone_v_dark" },
				"north": { "uv": [ 12, 9.25, 12.625, 9.75 ], "texture": "#stone_v_dark" },
				"south": { "uv": [ 3.375, 9.25, 4, 9.75 ], "texture": "#stone_v_dark" },
				"west": { "uv": [ 7.5, 9.25, 8, 9.75 ], "texture": "#stone_v_dark" },
				"east": { "uv": [ 8, 9.25, 8.5, 9.75 ], "texture": "#stone_v_dark" }
			}
		},
		{
			"__comment": "stone_dark5",
			"from": [ 7.625, 3.625, 8 ],
			"to": [ 9.125, 4.125, 8.5 ],
			"faces": {
				"down": { "uv": [ 3.5, 8, 5, 8.5 ], "texture": "#stone_dark" },
				"up": { "uv": [ 3.5, 7.5, 5, 8 ], "texture": "#stone_dark" },
				"north": { "uv": [ 11, 8.75, 12.5, 9.25 ], "texture": "#stone_dark" },
				"south": { "uv": [ 3.5, 8.75, 5, 9.25 ], "texture": "#stone_dark" },
				"west": { "uv": [ 7.5, 8.75, 8, 9.25 ], "texture": "#stone_dark" },
				"east": { "uv": [ 8, 8.75, 8.5, 9.25 ], "texture": "#stone_dark" }
			}
		},
		{
			"__comment": "stone_v_dark4",
			"from": [ 7.5, 4.125, 8 ],
			"to": [ 8.125, 4.625, 8.5 ],
			"faces": {
				"down": { "uv": [ 3.375, 8, 4, 8.5 ], "texture": "#stone_v_dark" },
				"up": { "uv": [ 3.375, 7.5, 4, 8 ], "texture": "#stone_v_dark" },
				"north": { "uv": [ 12, 8.25, 12.625, 8.75 ], "texture": "#stone_v_dark" },
				"south": { "uv": [ 3.375, 8.25, 4, 8.75 ], "texture": "#stone_v_dark" },
				"west": { "uv": [ 7.5, 8.25, 8, 8.75 ], "texture": "#stone_v_dark" },
				"east": { "uv": [ 8, 8.25, 8.5, 8.75 ], "texture": "#stone_v_dark" }
			}
		},
		{
			"__comment": "handle_ends",
			"from": [ 8, -2.375, 7.875 ],
			"to": [ 8.75, -1.875, 8.625 ],
			"faces": {
				"down": { "uv": [ 3.875, 7.875, 4.625, 8.625 ], "texture": "#stone_light" },
				"up": { "uv": [ 3.875, 7.375, 4.625, 8.125 ], "texture": "#stone_light" },
				"north": { "uv": [ 11.375, 14.75, 12.125, 15.25 ], "texture": "#stone_light" },
				"south": { "uv": [ 3.875, 14.75, 4.625, 15.25 ], "texture": "#stone_light" },
				"west": { "uv": [ 7.375, 14.75, 8.125, 15.25 ], "texture": "#stone_light" },
				"east": { "uv": [ 7.875, 14.75, 8.625, 15.25 ], "texture": "#stone_light" }
			}
		},
		{
			"__comment": "handle",
			"from": [ 8.125, -1.875, 8 ],
			"to": [ 8.625, 0.625, 8.5 ],
			"faces": {
				"down": { "uv": [ 4, 8, 4.5, 8.5 ], "texture": "#wood" },
				"up": { "uv": [ 4, 7.5, 4.5, 8 ], "texture": "#wood" },
				"north": { "uv": [ 11.5, 12.25, 12, 14.75 ], "texture": "#wood" },
				"south": { "uv": [ 4, 12.25, 4.5, 14.75 ], "texture": "#wood" },
				"west": { "uv": [ 7.5, 12.25, 8, 14.75 ], "texture": "#wood" },
				"east": { "uv": [ 8, 12.25, 8.5, 14.75 ], "texture": "#wood" }
			}
		},
		{
			"__comment": "handle_ends1",
			"from": [ 8, 0.625, 7.875 ],
			"to": [ 8.75, 1.125, 8.625 ],
			"faces": {
				"down": { "uv": [ 3.875, 7.875, 4.625, 8.625 ], "texture": "#stone_light" },
				"up": { "uv": [ 3.875, 7.375, 4.625, 8.125 ], "texture": "#stone_light" },
				"north": { "uv": [ 11.375, 11.75, 12.125, 12.25 ], "texture": "#stone_light" },
				"south": { "uv": [ 3.875, 11.75, 4.625, 12.25 ], "texture": "#stone_light" },
				"west": { "uv": [ 7.375, 11.75, 8.125, 12.25 ], "texture": "#stone_light" },
				"east": { "uv": [ 7.875, 11.75, 8.625, 12.25 ], "texture": "#stone_light" }
			}
		},
		{
			"__comment": "stone_dark6",
			"from": [ 8.125, 1.625, 7.5 ],
			"to": [ 8.625, 2.125, 9 ],
			"faces": {
				"down": { "uv": [ 4, 7.5, 4.5, 9 ], "texture": "#stone_dark" },
				"up": { "uv": [ 4, 7, 4.5, 8.5 ], "texture": "#stone_dark" },
				"north": { "uv": [ 11.5, 10.75, 12, 11.25 ], "texture": "#stone_dark" },
				"south": { "uv": [ 4, 10.75, 4.5, 11.25 ], "texture": "#stone_dark" },
				"west": { "uv": [ 7, 10.75, 8.5, 11.25 ], "texture": "#stone_dark" },
				"east": { "uv": [ 7.5, 10.75, 9, 11.25 ], "texture": "#stone_dark" }
			}
		},
		{
			"__comment": "stone_v_light",
			"from": [ 8.224999, 2.125, 6.5 ],
			"to": [ 8.525, 15.625, 7 ],
			"faces": {
				"down": { "uv": [ 4.125, 9.5, 4.425, 10 ], "texture": "#stone_v_light" },
				"up": { "uv": [ 4.125, 6, 4.425, 6.5 ], "texture": "#stone_v_light" },
				"north": { "uv": [ 11.575, 2.25, 11.875, 15.75 ], "texture": "#stone_v_light" },
				"south": { "uv": [ 4.125, 2.25, 4.425, 15.75 ], "texture": "#stone_v_light" },
				"west": { "uv": [ 6, 2.25, 6.5, 15.75 ], "texture": "#stone_v_light" },
				"east": { "uv": [ 9.5, 2.25, 10, 15.75 ], "texture": "#stone_v_light" }
			}
		},
		{
			"__comment": "stone_light",
			"from": [ 8.175, 2.125, 7 ],
			"to": [ 8.575, 15.625, 7.5 ],
			"faces": {
				"down": { "uv": [ 4.05, 9, 4.45, 9.5 ], "texture": "#stone_light" },
				"up": { "uv": [ 4.05, 6.5, 4.45, 7 ], "texture": "#stone_light" },
				"north": { "uv": [ 11.55, 2.125, 11.95, 15.625 ], "texture": "#stone_light" },
				"south": { "uv": [ 4.05, 2.125, 4.45, 15.625 ], "texture": "#stone_light" },
				"west": { "uv": [ 6.5, 2.125, 7, 15.625 ], "texture": "#stone_light" },
				"east": { "uv": [ 9, 2.125, 9.5, 15.625 ], "texture": "#stone_light" }
			}
		},
		{
			"__comment": "stone_sword",
			"from": [ 8.125, 2.125, 7.5 ],
			"to": [ 8.625, 15.625, 8 ],
			"faces": {
				"down": { "uv": [ 4, 8.5, 4.5, 9 ], "texture": "#stone" },
				"up": { "uv": [ 4, 7, 4.5, 7.5 ], "texture": "#stone" },
				"north": { "uv": [ 11.5, 2.125, 12, 15.625 ], "texture": "#stone" },
				"south": { "uv": [ 4, 2.125, 4.5, 15.625 ], "texture": "#stone" },
				"west": { "uv": [ 7, 2.125, 7.5, 15.625 ], "texture": "#stone" },
				"east": { "uv": [ 8.5, 2.125, 9, 15.625 ], "texture": "#stone" }
			}
		},
		{
			"__comment": "stone_sword1",
			"from": [ 8.125, 2.125, 8 ],
			"to": [ 8.625, 2.625, 10 ],
			"faces": {
				"down": { "uv": [ 4, 6.5, 4.5, 8.5 ], "texture": "#stone" },
				"up": { "uv": [ 4, 7.5, 4.5, 9.5 ], "texture": "#stone" },
				"north": { "uv": [ 11.5, 15.125, 12, 15.625 ], "texture": "#stone" },
				"south": { "uv": [ 4, 15.125, 4.5, 15.625 ], "texture": "#stone" },
				"west": { "uv": [ 7.5, 15.125, 9.5, 15.625 ], "texture": "#stone" },
				"east": { "uv": [ 6.5, 15.125, 8.5, 15.625 ], "texture": "#stone" }
			}
		},
		{
			"__comment": "stone_sword2",
			"from": [ 8.125, 2.625, 8.5 ],
			"to": [ 8.625, 16.625, 10 ],
			"faces": {
				"down": { "uv": [ 4, 6.5, 4.5, 8 ], "texture": "#stone" },
				"up": { "uv": [ 4, 8, 4.5, 9.5 ], "texture": "#stone" },
				"north": { "uv": [ 11.5, 1.125, 12, 15.125 ], "texture": "#stone" },
				"south": { "uv": [ 4, 1.125, 4.5, 15.125 ], "texture": "#stone" },
				"west": { "uv": [ 8, 1.125, 9.5, 15.125 ], "texture": "#stone" },
				"east": { "uv": [ 6.5, 1.125, 8, 15.125 ], "texture": "#stone" }
			}
		},
		{
			"__comment": "stone_sword3",
			"from": [ 8.125, 3.125, 8 ],
			"to": [ 8.625, 3.625, 8.5 ],
			"faces": {
				"down": { "uv": [ 4, 8, 4.5, 8.5 ], "texture": "#stone" },
				"up": { "uv": [ 4, 7.5, 4.5, 8 ], "texture": "#stone" },
				"north": { "uv": [ 11.5, 14.125, 12, 14.625 ], "texture": "#stone" },
				"south": { "uv": [ 4, 14.125, 4.5, 14.625 ], "texture": "#stone" },
				"west": { "uv": [ 7.5, 14.125, 8, 14.625 ], "texture": "#stone" },
				"east": { "uv": [ 8, 14.125, 8.5, 14.625 ], "texture": "#stone" }
			}
		},
		{
			"__comment": "stone_sword4",
			"from": [ 8.125, 4.125, 8 ],
			"to": [ 8.625, 16.125, 8.5 ],
			"faces": {
				"down": { "uv": [ 4, 8, 4.5, 8.5 ], "texture": "#stone" },
				"up": { "uv": [ 4, 7.5, 4.5, 8 ], "texture": "#stone" },
				"north": { "uv": [ 11.5, 1.625, 12, 13.625 ], "texture": "#stone" },
				"south": { "uv": [ 4, 1.625, 4.5, 13.625 ], "texture": "#stone" },
				"west": { "uv": [ 7.5, 1.625, 8, 13.625 ], "texture": "#stone" },
				"east": { "uv": [ 8, 1.625, 8.5, 13.625 ], "texture": "#stone" }
			}
		},
		{
			"__comment": "stone_v_dark5",
			"from": [ 8.625, 1.625, 7.5 ],
			"to": [ 9.25, 4.625, 8 ],
			"faces": {
				"down": { "uv": [ 4.5, 8.5, 5.125, 9 ], "texture": "#stone_v_dark" },
				"up": { "uv": [ 4.5, 7, 5.125, 7.5 ], "texture": "#stone_v_dark" },
				"north": { "uv": [ 10.875, 8.25, 11.5, 11.25 ], "texture": "#stone_v_dark" },
				"south": { "uv": [ 4.5, 8.25, 5.125, 11.25 ], "texture": "#stone_v_dark" },
				"west": { "uv": [ 7, 8.25, 7.5, 11.25 ], "texture": "#stone_v_dark" },
				"east": { "uv": [ 8.5, 8.25, 9, 11.25 ], "texture": "#stone_v_dark" }
			}
		},
		{
			"__comment": "stone_v_dark6",
			"from": [ 8.625, 1.625, 8 ],
			"to": [ 9.25, 2.625, 9 ],
			"faces": {
				"down": { "uv": [ 4.5, 7.5, 5.125, 8.5 ], "texture": "#stone_v_dark" },
				"up": { "uv": [ 4.5, 7.5, 5.125, 8.5 ], "texture": "#stone_v_dark" },
				"north": { "uv": [ 10.875, 10.25, 11.5, 11.25 ], "texture": "#stone_v_dark" },
				"south": { "uv": [ 4.5, 10.25, 5.125, 11.25 ], "texture": "#stone_v_dark" },
				"west": { "uv": [ 7.5, 10.25, 8.5, 11.25 ], "texture": "#stone_v_dark" },
				"east": { "uv": [ 7.5, 10.25, 8.5, 11.25 ], "texture": "#stone_v_dark" }
			}
		},
		{
			"__comment": "stone_v_dark7",
			"from": [ 8.625, 2.625, 8.5 ],
			"to": [ 9.25, 4.625, 9 ],
			"faces": {
				"down": { "uv": [ 4.5, 7.5, 5.125, 8 ], "texture": "#stone_v_dark" },
				"up": { "uv": [ 4.5, 8, 5.125, 8.5 ], "texture": "#stone_v_dark" },
				"north": { "uv": [ 10.875, 8.25, 11.5, 10.25 ], "texture": "#stone_v_dark" },
				"south": { "uv": [ 4.5, 8.25, 5.125, 10.25 ], "texture": "#stone_v_dark" },
				"west": { "uv": [ 8, 8.25, 8.5, 10.25 ], "texture": "#stone_v_dark" },
				"east": { "uv": [ 7.5, 8.25, 8, 10.25 ], "texture": "#stone_v_dark" }
			}
		},
		{
			"__comment": "stone_v_dark8",
			"from": [ 8.625, 3.125, 8 ],
			"to": [ 9.25, 3.625, 8.5 ],
			"faces": {
				"down": { "uv": [ 4.5, 8, 5.125, 8.5 ], "texture": "#stone_v_dark" },
				"up": { "uv": [ 4.5, 7.5, 5.125, 8 ], "texture": "#stone_v_dark" },
				"north": { "uv": [ 10.875, 9.25, 11.5, 9.75 ], "texture": "#stone_v_dark" },
				"south": { "uv": [ 4.5, 9.25, 5.125, 9.75 ], "texture": "#stone_v_dark" },
				"west": { "uv": [ 7.5, 9.25, 8, 9.75 ], "texture": "#stone_v_dark" },
				"east": { "uv": [ 8, 9.25, 8.5, 9.75 ], "texture": "#stone_v_dark" }
			}
		},
		{
			"__comment": "stone_v_dark9",
			"from": [ 8.625, 4.125, 8 ],
			"to": [ 9.25, 4.625, 8.5 ],
			"faces": {
				"down": { "uv": [ 4.5, 8, 5.125, 8.5 ], "texture": "#stone_v_dark" },
				"up": { "uv": [ 4.5, 7.5, 5.125, 8 ], "texture": "#stone_v_dark" },
				"north": { "uv": [ 10.875, 8.25, 11.5, 8.75 ], "texture": "#stone_v_dark" },
				"south": { "uv": [ 4.5, 8.25, 5.125, 8.75 ], "texture": "#stone_v_dark" },
				"west": { "uv": [ 7.5, 8.25, 8, 8.75 ], "texture": "#stone_v_dark" },
				"east": { "uv": [ 8, 8.25, 8.5, 8.75 ], "texture": "#stone_v_dark" }
			}
		},
		{
			"__comment": "stone_v_light1",
			"from": [ 8.224999, 15.625, 7 ],
			"to": [ 8.525, 16.125, 7.5 ],
			"faces": {
				"down": { "uv": [ 4.125, 9, 4.425, 9.5 ], "texture": "#stone_v_light" },
				"up": { "uv": [ 4.125, 6.5, 4.425, 7 ], "texture": "#stone_v_light" },
				"north": { "uv": [ 11.575, 1.75, 11.875, 2.25 ], "texture": "#stone_v_light" },
				"south": { "uv": [ 4.125, 1.75, 4.425, 2.25 ], "texture": "#stone_v_light" },
				"west": { "uv": [ 6.5, 1.75, 7, 2.25 ], "texture": "#stone_v_light" },
				"east": { "uv": [ 9, 1.75, 9.5, 2.25 ], "texture": "#stone_v_light" }
			}
		},
		{
			"__comment": "stone_light1",
			"from": [ 8.175, 15.625, 7.5 ],
			"to": [ 8.575, 16.125, 8 ],
			"faces": {
				"down": { "uv": [ 4.05, 8.5, 4.45, 9 ], "texture": "#stone_light" },
				"up": { "uv": [ 4.05, 7, 4.45, 7.5 ], "texture": "#stone_light" },
				"north": { "uv": [ 11.55, 1.625, 11.95, 2.125 ], "texture": "#stone_light" },
				"south": { "uv": [ 4.05, 1.625, 4.45, 2.125 ], "texture": "#stone_light" },
				"west": { "uv": [ 7, 1.625, 7.5, 2.125 ], "texture": "#stone_light" },
				"east": { "uv": [ 8.5, 1.625, 9, 2.125 ], "texture": "#stone_light" }
			}
		},
		{
			"__comment": "stone_v_light2",
			"from": [ 8.224999, 16.125, 7.5 ],
			"to": [ 8.525, 16.625, 8 ],
			"faces": {
				"down": { "uv": [ 4.125, 8.5, 4.425, 9 ], "texture": "#stone_v_light" },
				"up": { "uv": [ 4.125, 7, 4.425, 7.5 ], "texture": "#stone_v_light" },
				"north": { "uv": [ 11.575, 1.25, 11.875, 1.75 ], "texture": "#stone_v_light" },
				"south": { "uv": [ 4.125, 1.25, 4.425, 1.75 ], "texture": "#stone_v_light" },
				"west": { "uv": [ 7, 1.25, 7.5, 1.75 ], "texture": "#stone_v_light" },
				"east": { "uv": [ 8.5, 1.25, 9, 1.75 ], "texture": "#stone_v_light" }
			}
		},
		{
			"__comment": "stone_light2",
			"from": [ 8.175, 16.125, 8 ],
			"to": [ 8.575, 16.625, 8.5 ],
			"faces": {
				"down": { "uv": [ 4.05, 8, 4.45, 8.5 ], "texture": "#stone_light" },
				"up": { "uv": [ 4.05, 7.5, 4.45, 8 ], "texture": "#stone_light" },
				"north": { "uv": [ 11.55, 1.125, 11.95, 1.625 ], "texture": "#stone_light" },
				"south": { "uv": [ 4.05, 1.125, 4.45, 1.625 ], "texture": "#stone_light" },
				"west": { "uv": [ 7.5, 1.125, 8, 1.625 ], "texture": "#stone_light" },
				"east": { "uv": [ 8, 1.125, 8.5, 1.625 ], "texture": "#stone_light" }
			}
		},
		{
			"__comment": "stone_v_light3",
			"from": [ 8.224999, 16.625, 8 ],
			"to": [ 8.525, 17.125, 8.5 ],
			"faces": {
				"down": { "uv": [ 4.125, 8, 4.425, 8.5 ], "texture": "#stone_v_light" },
				"up": { "uv": [ 4.125, 7.5, 4.425, 8 ], "texture": "#stone_v_light" },
				"north": { "uv": [ 11.575, 0.75, 11.875, 1.25 ], "texture": "#stone_v_light" },
				"south": { "uv": [ 4.125, 0.75, 4.425, 1.25 ], "texture": "#stone_v_light" },
				"west": { "uv": [ 7.5, 0.75, 8, 1.25 ], "texture": "#stone_v_light" },
				"east": { "uv": [ 8, 0.75, 8.5, 1.25 ], "texture": "#stone_v_light" }
			}
		},
		{
			"__comment": "stone_light3",
			"from": [ 8.175, 16.625, 8.5 ],
			"to": [ 8.575, 17.125, 9 ],
			"faces": {
				"down": { "uv": [ 4.05, 7.5, 4.45, 8 ], "texture": "#stone_light" },
				"up": { "uv": [ 4.05, 8, 4.45, 8.5 ], "texture": "#stone_light" },
				"north": { "uv": [ 11.55, 0.625, 11.95, 1.125 ], "texture": "#stone_light" },
				"south": { "uv": [ 4.05, 0.625, 4.45, 1.125 ], "texture": "#stone_light" },
				"west": { "uv": [ 8, 0.625, 8.5, 1.125 ], "texture": "#stone_light" },
				"east": { "uv": [ 7.5, 0.625, 8, 1.125 ], "texture": "#stone_light" }
			}
		},
		{
			"__comment": "stone_sword5",
			"from": [ 8.125, 16.625, 9 ],
			"to": [ 8.625, 17.125, 10 ],
			"faces": {
				"down": { "uv": [ 4, 6.5, 4.5, 7.5 ], "texture": "#stone" },
				"up": { "uv": [ 4, 8.5, 4.5, 9.5 ], "texture": "#stone" },
				"north": { "uv": [ 11.5, 0.625, 12, 1.125 ], "texture": "#stone" },
				"south": { "uv": [ 4, 0.625, 4.5, 1.125 ], "texture": "#stone" },
				"west": { "uv": [ 8.5, 0.625, 9.5, 1.125 ], "texture": "#stone" },
				"east": { "uv": [ 6.5, 0.625, 7.5, 1.125 ], "texture": "#stone" }
			}
		},
		{
			"__comment": "stone_v_light4",
			"from": [ 8.224999, 17.125, 8.5 ],
			"to": [ 8.525, 17.625, 9 ],
			"faces": {
				"down": { "uv": [ 4.125, 7.5, 4.425, 8 ], "texture": "#stone_v_light" },
				"up": { "uv": [ 4.125, 8, 4.425, 8.5 ], "texture": "#stone_v_light" },
				"north": { "uv": [ 11.575, 1.375, 11.875, 1.875 ], "texture": "#stone_v_light" },
				"south": { "uv": [ 4.125, 1.375, 4.425, 1.875 ], "texture": "#stone_v_light" },
				"west": { "uv": [ 8, 1.375, 8.5, 1.875 ], "texture": "#stone_v_light" },
				"east": { "uv": [ 7.5, 1.375, 8, 1.875 ], "texture": "#stone_v_light" }
			}
		},
		{
			"__comment": "stone_light4",
			"from": [ 8.175, 17.125, 9 ],
			"to": [ 8.575, 17.625, 9.5 ],
			"faces": {
				"down": { "uv": [ 4.05, 7, 4.45, 7.5 ], "texture": "#stone_light" },
				"up": { "uv": [ 4.05, 8.5, 4.45, 9 ], "texture": "#stone_light" },
				"north": { "uv": [ 11.55, 1.5, 11.95, 2 ], "texture": "#stone_light" },
				"south": { "uv": [ 4.05, 1.5, 4.45, 2 ], "texture": "#stone_light" },
				"west": { "uv": [ 8.5, 1.5, 9, 2 ], "texture": "#stone_light" },
				"east": { "uv": [ 7, 1.5, 7.5, 2 ], "texture": "#stone_light" }
			}
		},
		{
			"__comment": "stone_sword6",
			"from": [ 8.125, 17.125, 9.5 ],
			"to": [ 8.625, 17.625, 10 ],
			"faces": {
				"down": { "uv": [ 4, 6.5, 4.5, 7 ], "texture": "#stone" },
				"up": { "uv": [ 4, 9, 4.5, 9.5 ], "texture": "#stone" },
				"north": { "uv": [ 11.5, 0.125, 12, 0.625 ], "texture": "#stone" },
				"south": { "uv": [ 4, 0.125, 4.5, 0.625 ], "texture": "#stone" },
				"west": { "uv": [ 9, 0.125, 9.5, 0.625 ], "texture": "#stone" },
				"east": { "uv": [ 6.5, 0.125, 7, 0.625 ], "texture": "#stone" }
			}
		},
		{
			"__comment": "stone_v_light5",
			"from": [ 8.224999, 17.625, 9 ],
			"to": [ 8.525, 18.125, 9.5 ],
			"faces": {
				"down": { "uv": [ 4.125, 7, 4.425, 7.5 ], "texture": "#stone_v_light" },
				"up": { "uv": [ 4.125, 8.5, 4.425, 9 ], "texture": "#stone_v_light" },
				"north": { "uv": [ 11.575, 0.875, 11.875, 1.375 ], "texture": "#stone_v_light" },
				"south": { "uv": [ 4.125, 0.875, 4.425, 1.375 ], "texture": "#stone_v_light" },
				"west": { "uv": [ 8.5, 0.875, 9, 1.375 ], "texture": "#stone_v_light" },
				"east": { "uv": [ 7, 0.875, 7.5, 1.375 ], "texture": "#stone_v_light" }
			}
		},
		{
			"__comment": "stone_light5",
			"from": [ 8.175, 17.625, 9.5 ],
			"to": [ 8.575, 18.125, 10 ],
			"faces": {
				"down": { "uv": [ 4.05, 6.5, 4.45, 7 ], "texture": "#stone_light" },
				"up": { "uv": [ 4.05, 9, 4.45, 9.5 ], "texture": "#stone_light" },
				"north": { "uv": [ 11.55, 1, 11.95, 1.5 ], "texture": "#stone_light" },
				"south": { "uv": [ 4.05, 1, 4.45, 1.5 ], "texture": "#stone_light" },
				"west": { "uv": [ 9, 1, 9.5, 1.5 ], "texture": "#stone_light" },
				"east": { "uv": [ 6.5, 1, 7, 1.5 ], "texture": "#stone_light" }
			}
		},
		{
			"__comment": "stone_v_light6",
			"from": [ 8.224999, 18.125, 9.5 ],
			"to": [ 8.525, 18.625, 10 ],
			"faces": {
				"down": { "uv": [ 4.125, 6.5, 4.425, 7 ], "texture": "#stone_v_light" },
				"up": { "uv": [ 4.125, 9, 4.425, 9.5 ], "texture": "#stone_v_light" },
				"north": { "uv": [ 11.575, 0.375, 11.875, 0.875 ], "texture": "#stone_v_light" },
				"south": { "uv": [ 4.125, 0.375, 4.425, 0.875 ], "texture": "#stone_v_light" },
				"west": { "uv": [ 9, 0.375, 9.5, 0.875 ], "texture": "#stone_v_light" },
				"east": { "uv": [ 6.5, 0.375, 7, 0.875 ], "texture": "#stone_v_light" }
			}
		}
	],
	"display": {
		"thirdperson_righthand": {
			"translation":  [ 0, 6.9565, 1.3912 ],
			"scale":  [ 0.95, 0.95, 0.95 ]
		},
		"thirdperson_lefthand": {
			"translation":  [ 0, 6.9565, 1.3912 ],
			"scale":  [ 0.95, 0.95, 0.95 ]
		},
		"firstperson_righthand": {
			"rotation":  [ -2, 2, 0 ],
			"translation":  [ 0, 7.6521, 0 ],
			"scale":  [ 0.95, 0.95, 0.95 ]
		},
		"firstperson_lefthand": {
			"rotation":  [ -2, 2, 0 ],
			"translation":  [ 0, 7.6521, 0 ],
			"scale":  [ 0.95, 0.95, 0.95 ]
		},
		"gui": {
			"rotation":  [ 84, 47, -98 ],
			"translation":  [ -0.695, 0.4, 0 ],
			"scale":  [ 0.95, 0.95, 0.95 ]
		},
		"ground": {
			"translation":  [ 0, 4.8695, 0 ],
			"scale":  [ 0.6, 0.6, 0.6 ]
		},
		"fixed": {
			"rotation":  [ 0, 90, 0 ],
			"translation":  [ 0, 0, 1 ],
			"scale":  [ 0.6869, 0.6869, 0.6869 ]
		}
	}
}