{
	"credit": "Made with Blockbench",
	"textures": {
		"texture": "item/custom_swords/nice_sword"
	},
	"elements": [
		{
			"from": [7, 1.5, 7.5],
			"to": [9.5, 3.5, 8.5],
			"faces": {
				"north": {"uv": [10.5, 0, 11.75, 1], "texture": "#texture"},
				"east": {"uv": [10.5, 0, 11, 1], "texture": "#texture"},
				"south": {"uv": [10.5, 0, 11.75, 1], "texture": "#texture"},
				"west": {"uv": [10.5, 0, 11, 1], "texture": "#texture"},
				"up": {"uv": [10.5, 0, 11.75, 0.5], "texture": "#texture"},
				"down": {"uv": [10.5, 0, 11.75, 0.5], "texture": "#texture"}
			}
		},
		{
			"from": [7, 2, 8.5],
			"to": [9.5, 3, 9],
			"faces": {
				"east": {"uv": [10.5, 0, 10.75, 0.5], "texture": "#texture"},
				"south": {"uv": [10.5, 0, 11.75, 0.5], "texture": "#texture"},
				"west": {"uv": [10.5, 0, 10.75, 0.5], "texture": "#texture"},
				"up": {"uv": [10.5, 0, 11.75, 0.25], "texture": "#texture"},
				"down": {"uv": [10.5, 0, 11.75, 0.25], "texture": "#texture"}
			}
		},
		{
			"from": [7, 2, 7],
			"to": [9.5, 3, 7.5],
			"faces": {
				"north": {"uv": [10.5, 0, 11.75, 0.5], "texture": "#texture"},
				"east": {"uv": [10.5, 0, 10.75, 0.5], "texture": "#texture"},
				"west": {"uv": [10.5, 0, 10.75, 0.5], "texture": "#texture"},
				"up": {"uv": [10.5, 0, 11.75, 0.25], "texture": "#texture"},
				"down": {"uv": [10.5, 0, 11.75, 0.25], "texture": "#texture"}
			}
		},
		{
			"from": [7, 9.5, 7.5],
			"to": [9.5, 13.5, 8.5],
			"faces": {
				"north": {"uv": [7, 0, 8.25, 2], "texture": "#texture"},
				"east": {"uv": [8.25, 0, 8.75, 2], "texture": "#texture"},
				"south": {"uv": [7, 0, 8.25, 2], "texture": "#texture"},
				"west": {"uv": [8.25, 0, 8.75, 2], "texture": "#texture"},
				"up": {"uv": [12.75, 0, 14, 0.5], "texture": "#texture"},
				"down": {"uv": [10.5, 0, 11.75, 0.5], "texture": "#texture"}
			}
		},
		{
			"from": [7, 10, 8.5],
			"to": [9.5, 12.5, 9],
			"faces": {
				"east": {"uv": [9.25, 0, 9.5, 1.25], "texture": "#texture"},
				"south": {"uv": [9.25, 0, 10.5, 1.25], "texture": "#texture"},
				"west": {"uv": [9.25, 0, 9.5, 1.25], "texture": "#texture"},
				"up": {"uv": [12.75, 0, 14, 0.25], "texture": "#texture"},
				"down": {"uv": [10.5, 0, 11.75, 0.25], "texture": "#texture"}
			}
		},
		{
			"from": [7, 10, 7],
			"to": [9.5, 12.5, 7.5],
			"faces": {
				"north": {"uv": [9.25, 0, 10.5, 1.25], "texture": "#texture"},
				"east": {"uv": [9.25, 0, 9.5, 1.25], "texture": "#texture"},
				"west": {"uv": [9.25, 0, 9.5, 1.25], "texture": "#texture"},
				"up": {"uv": [12.75, 0, 14, 0.25], "texture": "#texture"},
				"down": {"uv": [10.5, 0, 11.75, 0.25], "texture": "#texture"}
			}
		},
		{
			"from": [7, 10.5, 9.5],
			"to": [9.5, 11, 10],
			"faces": {
				"east": {"uv": [10.5, 0, 10.75, 0.25], "texture": "#texture"},
				"south": {"uv": [10.5, 0, 11.75, 0.25], "texture": "#texture"},
				"west": {"uv": [10.5, 0, 10.75, 0.25], "texture": "#texture"},
				"up": {"uv": [10.5, 0, 11.75, 0.25], "texture": "#texture"},
				"down": {"uv": [10.5, 0, 11.75, 0.25], "texture": "#texture"}
			}
		},
		{
			"from": [7, 10.5, 9],
			"to": [9.5, 11.5, 9.5],
			"faces": {
				"east": {"uv": [7, 0, 7.25, 0.5], "texture": "#texture"},
				"south": {"uv": [14, 0, 15.25, 0.5], "texture": "#texture"},
				"west": {"uv": [7, 0, 7.25, 0.5], "texture": "#texture"},
				"up": {"uv": [14, 0, 15.25, 0.25], "texture": "#texture"},
				"down": {"uv": [10.5, 0, 11.75, 0.25], "texture": "#texture"}
			}
		},
		{
			"from": [7, 10.5, 6.5],
			"to": [9.5, 11.5, 7],
			"faces": {
				"north": {"uv": [14, 0, 15.25, 0.5], "texture": "#texture"},
				"east": {"uv": [7, 0, 7.25, 0.5], "texture": "#texture"},
				"west": {"uv": [7, 0, 7.25, 0.5], "texture": "#texture"},
				"up": {"uv": [14, 0, 15.25, 0.25], "texture": "#texture"},
				"down": {"uv": [10.5, 0, 11.75, 0.25], "texture": "#texture"}
			}
		},
		{
			"from": [7, 10.5, 6],
			"to": [9.5, 11, 6.5],
			"faces": {
				"north": {"uv": [10.5, 0, 11.75, 0.25], "texture": "#texture"},
				"east": {"uv": [10.5, 0, 10.75, 0.25], "texture": "#texture"},
				"west": {"uv": [10.5, 0, 10.75, 0.25], "texture": "#texture"},
				"up": {"uv": [10.5, 0, 11.75, 0.25], "texture": "#texture"},
				"down": {"uv": [10.5, 0, 11.75, 0.25], "texture": "#texture"}
			}
		},
		{
			"from": [7.5, 0.5, 7.5],
			"to": [9, 1.5, 8.5],
			"faces": {
				"north": {"uv": [10.5, 0, 11.25, 0.5], "texture": "#texture"},
				"east": {"uv": [10.5, 0, 11, 0.5], "texture": "#texture"},
				"south": {"uv": [10.5, 0, 11.25, 0.5], "texture": "#texture"},
				"west": {"uv": [10.5, 0, 11, 0.5], "texture": "#texture"},
				"down": {"uv": [10.5, 0, 11.25, 0.5], "texture": "#texture"}
			}
		},
		{
			"from": [7.5, 1, 8.5],
			"to": [9, 2, 9],
			"faces": {
				"north": {"uv": [10.5, 0, 11.25, 0.5], "texture": "#texture"},
				"east": {"uv": [10.5, 0, 10.75, 0.5], "texture": "#texture"},
				"south": {"uv": [10.5, 0, 11.25, 0.5], "texture": "#texture"},
				"west": {"uv": [10.5, 0, 10.75, 0.5], "texture": "#texture"},
				"down": {"uv": [10.5, 0, 11.25, 0.25], "texture": "#texture"}
			}
		},
		{
			"from": [7.5, 1, 7],
			"to": [9, 2, 7.5],
			"faces": {
				"north": {"uv": [10.5, 0, 11.25, 0.5], "texture": "#texture"},
				"east": {"uv": [10.5, 0, 10.75, 0.5], "texture": "#texture"},
				"south": {"uv": [10.5, 0, 11.25, 0.5], "texture": "#texture"},
				"west": {"uv": [10.5, 0, 10.75, 0.5], "texture": "#texture"},
				"down": {"uv": [10.5, 0, 11.25, 0.25], "texture": "#texture"}
			}
		},
		{
			"from": [7.5, 1.5, 9],
			"to": [9, 3, 9.5],
			"faces": {
				"north": {"uv": [10.5, 0, 11.25, 0.75], "texture": "#texture"},
				"east": {"uv": [10.5, 0, 10.75, 0.75], "texture": "#texture"},
				"south": {"uv": [10.5, 0, 11.25, 0.75], "texture": "#texture"},
				"west": {"uv": [10.5, 0, 10.75, 0.75], "texture": "#texture"},
				"up": {"uv": [10.5, 0, 11.25, 0.25], "texture": "#texture"},
				"down": {"uv": [10.5, 0, 11.25, 0.25], "texture": "#texture"}
			}
		},
		{
			"from": [7.5, 1.5, 6.5],
			"to": [9, 3, 7],
			"faces": {
				"north": {"uv": [10.5, 0, 11.25, 0.75], "texture": "#texture"},
				"east": {"uv": [10.5, 0, 10.75, 0.75], "texture": "#texture"},
				"south": {"uv": [10.5, 0, 11.25, 0.75], "texture": "#texture"},
				"west": {"uv": [10.5, 0, 10.75, 0.75], "texture": "#texture"},
				"up": {"uv": [10.5, 0, 11.25, 0.25], "texture": "#texture"},
				"down": {"uv": [10.5, 0, 11.25, 0.25], "texture": "#texture"}
			}
		},
		{
			"from": [7.5, 3, 8.5],
			"to": [9, 4, 9],
			"faces": {
				"north": {"uv": [15.25, 0, 16, 0.5], "texture": "#texture"},
				"east": {"uv": [15.25, 0, 15.5, 0.5], "texture": "#texture"},
				"south": {"uv": [15.25, 0, 16, 0.5], "texture": "#texture"},
				"west": {"uv": [15.25, 0, 15.5, 0.5], "texture": "#texture"},
				"up": {"uv": [15.25, 0, 16, 0.25], "texture": "#texture"}
			}
		},
		{
			"from": [7.5, 3, 7],
			"to": [9, 4, 7.5],
			"faces": {
				"north": {"uv": [15.25, 0, 16, 0.5], "texture": "#texture"},
				"east": {"uv": [15.25, 0, 15.5, 0.5], "texture": "#texture"},
				"south": {"uv": [15.25, 0, 16, 0.5], "texture": "#texture"},
				"west": {"uv": [15.25, 0, 15.5, 0.5], "texture": "#texture"},
				"up": {"uv": [15.25, 0, 16, 0.25], "texture": "#texture"}
			}
		},
		{
			"from": [7.5, 3.5, 7.5],
			"to": [9, 9.5, 8.5],
			"faces": {
				"north": {"uv": [4.5, 0, 5.25, 3], "texture": "#texture"},
				"east": {"uv": [6.5, 0, 7, 3], "texture": "#texture"},
				"south": {"uv": [5.25, 0, 6, 3], "texture": "#texture"},
				"west": {"uv": [6, 0, 6.5, 3], "texture": "#texture"}
			}
		},
		{
			"from": [7.5, 8.5, 8.5],
			"to": [9, 10, 9],
			"faces": {
				"north": {"uv": [12, 0, 12.75, 0.75], "texture": "#texture"},
				"east": {"uv": [12, 0, 12.25, 0.75], "texture": "#texture"},
				"south": {"uv": [12, 0, 12.75, 0.75], "texture": "#texture"},
				"west": {"uv": [12, 0, 12.25, 0.75], "texture": "#texture"},
				"down": {"uv": [15.25, 0, 16, 0.25], "texture": "#texture"}
			}
		},
		{
			"from": [7.5, 8.5, 7],
			"to": [9, 10, 7.5],
			"faces": {
				"north": {"uv": [12, 0, 12.75, 0.75], "texture": "#texture"},
				"east": {"uv": [12, 0, 12.25, 0.75], "texture": "#texture"},
				"south": {"uv": [12, 0, 12.75, 0.75], "texture": "#texture"},
				"west": {"uv": [12, 0, 12.25, 0.75], "texture": "#texture"},
				"down": {"uv": [15.25, 0, 16, 0.25], "texture": "#texture"}
			}
		},
		{
			"from": [7.5, 9, 12],
			"to": [9, 10.5, 12.5],
			"faces": {
				"north": {"uv": [10.5, 0, 11.25, 0.75], "texture": "#texture"},
				"east": {"uv": [10.5, 0, 10.75, 0.75], "texture": "#texture"},
				"south": {"uv": [10.5, 0, 11.25, 0.75], "texture": "#texture"},
				"west": {"uv": [10.5, 0, 10.75, 0.75], "texture": "#texture"},
				"up": {"uv": [10.5, 0, 11.25, 0.25], "texture": "#texture"},
				"down": {"uv": [10.5, 0, 11.25, 0.25], "texture": "#texture"}
			}
		},
		{
			"from": [7.5, 9.5, 11.5],
			"to": [9, 11, 12],
			"faces": {
				"north": {"uv": [10.5, 0, 11.25, 0.75], "texture": "#texture"},
				"east": {"uv": [10.5, 0, 10.75, 0.75], "texture": "#texture"},
				"south": {"uv": [10.5, 0, 11.25, 0.75], "texture": "#texture"},
				"west": {"uv": [10.5, 0, 10.75, 0.75], "texture": "#texture"},
				"up": {"uv": [10.5, 0, 11.25, 0.25], "texture": "#texture"},
				"down": {"uv": [10.5, 0, 11.25, 0.25], "texture": "#texture"}
			}
		},
		{
			"from": [7.5, 9.5, 9],
			"to": [9, 10.5, 9.5],
			"faces": {
				"north": {"uv": [10.5, 0, 11.25, 0.5], "texture": "#texture"},
				"east": {"uv": [10.5, 0, 10.75, 0.5], "texture": "#texture"},
				"south": {"uv": [10.5, 0, 11.25, 0.5], "texture": "#texture"},
				"west": {"uv": [10.5, 0, 10.75, 0.5], "texture": "#texture"},
				"down": {"uv": [10.5, 0, 11.25, 0.25], "texture": "#texture"}
			}
		},
		{
			"from": [7.5, 9.5, 6.5],
			"to": [9, 10.5, 7],
			"faces": {
				"north": {"uv": [10.5, 0, 11.25, 0.5], "texture": "#texture"},
				"east": {"uv": [10.5, 0, 10.75, 0.5], "texture": "#texture"},
				"south": {"uv": [10.5, 0, 11.25, 0.5], "texture": "#texture"},
				"west": {"uv": [10.5, 0, 10.75, 0.5], "texture": "#texture"},
				"down": {"uv": [10.5, 0, 11.25, 0.25], "texture": "#texture"}
			}
		},
		{
			"from": [7.5, 10, 10],
			"to": [9, 11, 11.5],
			"faces": {
				"north": {"uv": [10.5, 0, 11.25, 0.5], "texture": "#texture"},
				"east": {"uv": [10.5, 0, 11.25, 0.5], "texture": "#texture"},
				"west": {"uv": [10.5, 0, 11.25, 0.5], "texture": "#texture"},
				"up": {"uv": [10.5, 0, 11.25, 0.75], "texture": "#texture"},
				"down": {"uv": [10.5, 0, 11.25, 0.75], "texture": "#texture"}
			}
		},
		{
			"from": [7.5, 10, 9.5],
			"to": [9, 10.5, 10],
			"faces": {
				"east": {"uv": [10.5, 0, 10.75, 0.25], "texture": "#texture"},
				"west": {"uv": [10.5, 0, 10.75, 0.25], "texture": "#texture"},
				"down": {"uv": [10.5, 0, 11.25, 0.25], "texture": "#texture"}
			}
		},
		{
			"from": [7.5, 10, 6],
			"to": [9, 10.5, 6.5],
			"faces": {
				"east": {"uv": [10.5, 0, 10.75, 0.25], "texture": "#texture"},
				"west": {"uv": [10.5, 0, 10.75, 0.25], "texture": "#texture"},
				"down": {"uv": [10.5, 0, 11.25, 0.25], "texture": "#texture"}
			}
		},
		{
			"from": [7.5, 10, 4.5],
			"to": [9, 11, 6],
			"faces": {
				"east": {"uv": [10.5, 0, 11.25, 0.5], "texture": "#texture"},
				"south": {"uv": [10.5, 0, 11.25, 0.5], "texture": "#texture"},
				"west": {"uv": [10.5, 0, 11.25, 0.5], "texture": "#texture"},
				"up": {"uv": [10.5, 0, 11.25, 0.75], "texture": "#texture"},
				"down": {"uv": [10.5, 0, 11.25, 0.75], "texture": "#texture"}
			}
		},
		{
			"from": [7.5, 10, 4],
			"to": [9, 11.5, 4.5],
			"faces": {
				"north": {"uv": [10.5, 0, 11.25, 0.75], "texture": "#texture"},
				"east": {"uv": [10.5, 0, 10.75, 0.75], "texture": "#texture"},
				"south": {"uv": [10.5, 0, 11.25, 0.75], "texture": "#texture"},
				"west": {"uv": [10.5, 0, 10.75, 0.75], "texture": "#texture"},
				"up": {"uv": [10.5, 0, 11.25, 0.25], "texture": "#texture"},
				"down": {"uv": [10.5, 0, 11.25, 0.25], "texture": "#texture"}
			}
		},
		{
			"from": [7.5, 10.5, 3.5],
			"to": [9, 12, 4],
			"faces": {
				"north": {"uv": [10.5, 0, 11.25, 0.75], "texture": "#texture"},
				"east": {"uv": [10.5, 0, 10.75, 0.75], "texture": "#texture"},
				"south": {"uv": [10.5, 0, 11.25, 0.75], "texture": "#texture"},
				"west": {"uv": [10.5, 0, 10.75, 0.75], "texture": "#texture"},
				"up": {"uv": [10.5, 0, 11.25, 0.25], "texture": "#texture"},
				"down": {"uv": [10.5, 0, 11.25, 0.25], "texture": "#texture"}
			}
		},
		{
			"from": [7.5, 11, 9.5],
			"to": [9, 15, 10],
			"faces": {
				"north": {"uv": [3.75, 0, 4.5, 2], "texture": "#texture"},
				"east": {"uv": [3.75, 0, 4, 2], "texture": "#texture"},
				"south": {"uv": [3.75, 0, 4.5, 2], "texture": "#texture"},
				"west": {"uv": [3.75, 0, 4, 2], "texture": "#texture"},
				"up": {"uv": [7.25, 1, 8, 1.25], "texture": "#texture"}
			}
		},
		{
			"from": [7.5, 11, 6],
			"to": [9, 15, 6.5],
			"faces": {
				"north": {"uv": [3.75, 0, 4.5, 2], "texture": "#texture"},
				"east": {"uv": [3.75, 0, 4, 2], "texture": "#texture"},
				"south": {"uv": [3.75, 0, 4.5, 2], "texture": "#texture"},
				"west": {"uv": [3.75, 0, 4, 2], "texture": "#texture"},
				"up": {"uv": [7.25, 1, 8, 1.25], "texture": "#texture"}
			}
		},
		{
			"from": [7.5, 11.5, 9],
			"to": [9, 24, 9.5],
			"faces": {
				"north": {"uv": [3.75, 0, 4.5, 6.25], "texture": "#texture"},
				"east": {"uv": [3.75, 0, 4, 6.25], "texture": "#texture"},
				"south": {"uv": [3.75, 0, 4.5, 6.25], "texture": "#texture"},
				"west": {"uv": [3.75, 0, 4, 6.25], "texture": "#texture"},
				"up": {"uv": [7.25, 1, 8, 1.25], "texture": "#texture"}
			}
		},
		{
			"from": [7.5, 11.5, 6.5],
			"to": [9, 24, 7],
			"faces": {
				"north": {"uv": [3.75, 0, 4.5, 6.25], "texture": "#texture"},
				"east": {"uv": [3.75, 0, 4, 6.25], "texture": "#texture"},
				"south": {"uv": [3.75, 0, 4.5, 6.25], "texture": "#texture"},
				"west": {"uv": [3.75, 0, 4, 6.25], "texture": "#texture"},
				"up": {"uv": [7.25, 1, 8, 1.25], "texture": "#texture"}
			}
		},
		{
			"from": [7.5, 12.5, 8.5],
			"to": [9, 26, 9],
			"faces": {
				"north": {"uv": [3, 0, 3.75, 6.75], "texture": "#texture"},
				"east": {"uv": [3, 0, 3.25, 6.75], "texture": "#texture"},
				"south": {"uv": [3, 0, 3.75, 6.75], "texture": "#texture"},
				"west": {"uv": [3, 0, 3.25, 6.75], "texture": "#texture"},
				"up": {"uv": [7.25, 1, 8, 1.25], "texture": "#texture"}
			}
		},
		{
			"from": [7.5, 12.5, 7],
			"to": [9, 26, 7.5],
			"faces": {
				"north": {"uv": [3, 0, 3.75, 6.75], "texture": "#texture"},
				"east": {"uv": [3, 0, 3.25, 6.75], "texture": "#texture"},
				"south": {"uv": [3, 0, 3.75, 6.75], "texture": "#texture"},
				"west": {"uv": [3, 0, 3.25, 6.75], "texture": "#texture"},
				"up": {"uv": [7.25, 1, 8, 1.25], "texture": "#texture"}
			}
		},
		{
			"from": [7.5, 13.5, 7.5],
			"to": [9, 30, 8.5],
			"faces": {
				"north": {"uv": [0, 0, 0.75, 8.25], "texture": "#texture"},
				"east": {"uv": [2, 0, 2.5, 8.25], "texture": "#texture"},
				"south": {"uv": [0.75, 0, 1.5, 8.25], "texture": "#texture"},
				"west": {"uv": [1.5, 0, 2, 8.25], "texture": "#texture"},
				"up": {"uv": [3.75, 0, 4.5, 0.5], "texture": "#texture"}
			}
		},
		{
			"from": [8, 0, 7.5],
			"to": [8.5, 0.5, 8.5],
			"faces": {
				"north": {"uv": [10.5, 0, 10.75, 0.25], "texture": "#texture"},
				"east": {"uv": [10.5, 0, 11, 0.25], "texture": "#texture"},
				"south": {"uv": [10.5, 0, 10.75, 0.25], "texture": "#texture"},
				"west": {"uv": [10.5, 0, 11, 0.25], "texture": "#texture"},
				"down": {"uv": [10.5, 0, 10.75, 0.5], "texture": "#texture"}
			}
		},
		{
			"from": [8, 0.5, 8.5],
			"to": [8.5, 1, 9],
			"faces": {
				"east": {"uv": [10.5, 0, 10.75, 0.25], "texture": "#texture"},
				"south": {"uv": [10.5, 0, 10.75, 0.25], "texture": "#texture"},
				"west": {"uv": [10.5, 0, 10.75, 0.25], "texture": "#texture"},
				"down": {"uv": [10.5, 0, 10.75, 0.25], "texture": "#texture"}
			}
		},
		{
			"from": [8, 0.5, 7],
			"to": [8.5, 1, 7.5],
			"faces": {
				"north": {"uv": [10.5, 0, 10.75, 0.25], "texture": "#texture"},
				"east": {"uv": [10.5, 0, 10.75, 0.25], "texture": "#texture"},
				"west": {"uv": [10.5, 0, 10.75, 0.25], "texture": "#texture"},
				"down": {"uv": [10.5, 0, 10.75, 0.25], "texture": "#texture"}
			}
		},
		{
			"from": [8, 1, 9],
			"to": [8.5, 1.5, 9.5],
			"faces": {
				"east": {"uv": [10.5, 0, 10.75, 0.25], "texture": "#texture"},
				"south": {"uv": [10.5, 0, 10.75, 0.25], "texture": "#texture"},
				"west": {"uv": [10.5, 0, 10.75, 0.25], "texture": "#texture"},
				"down": {"uv": [10.5, 0, 10.75, 0.25], "texture": "#texture"}
			}
		},
		{
			"from": [8, 1, 6.5],
			"to": [8.5, 1.5, 7],
			"faces": {
				"north": {"uv": [10.5, 0, 10.75, 0.25], "texture": "#texture"},
				"east": {"uv": [10.5, 0, 10.75, 0.25], "texture": "#texture"},
				"west": {"uv": [10.5, 0, 10.75, 0.25], "texture": "#texture"},
				"down": {"uv": [10.5, 0, 10.75, 0.25], "texture": "#texture"}
			}
		},
		{
			"from": [8, 1.5, 9.5],
			"to": [8.5, 3, 10],
			"faces": {
				"east": {"uv": [10.5, 0, 10.75, 0.75], "texture": "#texture"},
				"south": {"uv": [10.5, 0, 10.75, 0.75], "texture": "#texture"},
				"west": {"uv": [10.5, 0, 10.75, 0.75], "texture": "#texture"},
				"up": {"uv": [10.5, 0, 10.75, 0.25], "texture": "#texture"},
				"down": {"uv": [10.5, 0, 10.75, 0.25], "texture": "#texture"}
			}
		},
		{
			"from": [8, 1.5, 6],
			"to": [8.5, 3, 6.5],
			"faces": {
				"north": {"uv": [10.5, 0, 10.75, 0.75], "texture": "#texture"},
				"east": {"uv": [10.5, 0, 10.75, 0.75], "texture": "#texture"},
				"west": {"uv": [10.5, 0, 10.75, 0.75], "texture": "#texture"},
				"up": {"uv": [10.5, 0, 10.75, 0.25], "texture": "#texture"},
				"down": {"uv": [10.5, 0, 10.75, 0.25], "texture": "#texture"}
			}
		},
		{
			"from": [8, 3, 9],
			"to": [8.5, 3.5, 9.5],
			"faces": {
				"east": {"uv": [10.5, 0, 10.75, 0.25], "texture": "#texture"},
				"south": {"uv": [10.5, 0, 10.75, 0.25], "texture": "#texture"},
				"west": {"uv": [10.5, 0, 10.75, 0.25], "texture": "#texture"},
				"up": {"uv": [10.5, 0, 10.75, 0.25], "texture": "#texture"}
			}
		},
		{
			"from": [8, 3, 6.5],
			"to": [8.5, 3.5, 7],
			"faces": {
				"north": {"uv": [10.5, 0, 10.75, 0.25], "texture": "#texture"},
				"east": {"uv": [10.5, 0, 10.75, 0.25], "texture": "#texture"},
				"west": {"uv": [10.5, 0, 10.75, 0.25], "texture": "#texture"},
				"up": {"uv": [10.5, 0, 10.75, 0.25], "texture": "#texture"}
			}
		},
		{
			"from": [8, 4, 8.5],
			"to": [8.5, 8.5, 9],
			"faces": {
				"east": {"uv": [4.5, 0.5, 4.75, 2.75], "texture": "#texture"},
				"south": {"uv": [4.5, 0.5, 4.75, 2.75], "texture": "#texture"},
				"west": {"uv": [4.5, 0.5, 4.75, 2.75], "texture": "#texture"}
			}
		},
		{
			"from": [8, 4, 7],
			"to": [8.5, 8.5, 7.5],
			"faces": {
				"north": {"uv": [5.25, 0.5, 5.5, 2.75], "texture": "#texture"},
				"east": {"uv": [5.25, 0.5, 5.5, 2.75], "texture": "#texture"},
				"west": {"uv": [5.25, 0.5, 5.5, 2.75], "texture": "#texture"}
			}
		},
		{
			"from": [8, 8.5, 12],
			"to": [8.5, 9, 12.5],
			"faces": {
				"north": {"uv": [12.75, 0, 13, 0.25], "texture": "#texture"},
				"east": {"uv": [12.75, 0, 13, 0.25], "texture": "#texture"},
				"south": {"uv": [12.75, 0, 13, 0.25], "texture": "#texture"},
				"west": {"uv": [12.75, 0, 13, 0.25], "texture": "#texture"},
				"down": {"uv": [12.75, 0, 13, 0.25], "texture": "#texture"}
			}
		},
		{
			"from": [8, 8.5, 9],
			"to": [8.5, 9.5, 9.5],
			"faces": {
				"east": {"uv": [10.5, 0, 10.75, 0.5], "texture": "#texture"},
				"south": {"uv": [10.5, 0, 10.75, 0.5], "texture": "#texture"},
				"west": {"uv": [10.5, 0, 10.75, 0.5], "texture": "#texture"},
				"down": {"uv": [10.5, 0, 10.75, 0.25], "texture": "#texture"}
			}
		},
		{
			"from": [8, 8.5, 6.5],
			"to": [8.5, 9.5, 7],
			"faces": {
				"north": {"uv": [10.5, 0, 10.75, 0.5], "texture": "#texture"},
				"east": {"uv": [10.5, 0, 10.75, 0.5], "texture": "#texture"},
				"west": {"uv": [10.5, 0, 10.75, 0.5], "texture": "#texture"},
				"down": {"uv": [10.5, 0, 10.75, 0.25], "texture": "#texture"}
			}
		},
		{
			"from": [8, 9, 12.5],
			"to": [8.5, 10.5, 13],
			"faces": {
				"east": {"uv": [11.75, 0, 12, 0.75], "texture": "#texture"},
				"south": {"uv": [11.75, 0, 12, 0.75], "texture": "#texture"},
				"west": {"uv": [11.75, 0, 12, 0.75], "texture": "#texture"},
				"up": {"uv": [12.75, 0, 13, 0.25], "texture": "#texture"},
				"down": {"uv": [12.75, 0, 13, 0.25], "texture": "#texture"}
			}
		},
		{
			"from": [8, 9, 11.5],
			"to": [8.5, 9.5, 12],
			"faces": {
				"north": {"uv": [12.75, 0, 13, 0.25], "texture": "#texture"},
				"east": {"uv": [12.75, 0, 13, 0.25], "texture": "#texture"},
				"west": {"uv": [12.75, 0, 13, 0.25], "texture": "#texture"},
				"down": {"uv": [12.75, 0, 13, 0.25], "texture": "#texture"}
			}
		},
		{
			"from": [8, 9, 9.5],
			"to": [8.5, 10, 10],
			"faces": {
				"north": {"uv": [10.5, 0, 10.75, 0.5], "texture": "#texture"},
				"east": {"uv": [10.5, 0, 10.75, 0.5], "texture": "#texture"},
				"south": {"uv": [10.5, 0, 10.75, 0.5], "texture": "#texture"},
				"west": {"uv": [10.5, 0, 10.75, 0.5], "texture": "#texture"},
				"down": {"uv": [10.5, 0, 10.75, 0.25], "texture": "#texture"}
			}
		},
		{
			"from": [8, 9, 6],
			"to": [8.5, 10, 6.5],
			"faces": {
				"north": {"uv": [10.5, 0, 10.75, 0.5], "texture": "#texture"},
				"east": {"uv": [10.5, 0, 10.75, 0.5], "texture": "#texture"},
				"south": {"uv": [10.5, 0, 10.75, 0.5], "texture": "#texture"},
				"west": {"uv": [10.5, 0, 10.75, 0.5], "texture": "#texture"},
				"down": {"uv": [10.5, 0, 10.75, 0.25], "texture": "#texture"}
			}
		},
		{
			"from": [8, 9.5, 10],
			"to": [8.5, 10, 11.5],
			"faces": {
				"east": {"uv": [1, 8.25, 1.75, 8.5], "texture": "#texture"},
				"west": {"uv": [1, 8.25, 1.75, 8.5], "texture": "#texture"},
				"down": {"uv": [11.75, 0, 12, 0.75], "texture": "#texture"}
			}
		},
		{
			"from": [8, 9.5, 4],
			"to": [8.5, 10, 6],
			"faces": {
				"north": {"uv": [12.75, 0, 13, 0.25], "texture": "#texture"},
				"east": {"uv": [1, 8.25, 2, 8.5], "texture": "#texture"},
				"west": {"uv": [1, 8.25, 2, 8.5], "texture": "#texture"},
				"up": {"uv": [11.75, 0, 12, 1], "texture": "#texture"},
				"down": {"uv": [11.75, 0, 12, 1], "texture": "#texture"}
			}
		},
		{
			"from": [8, 10, 3.5],
			"to": [8.5, 10.5, 4],
			"faces": {
				"north": {"uv": [12.75, 0, 13, 0.25], "texture": "#texture"},
				"east": {"uv": [12.75, 0, 13, 0.25], "texture": "#texture"},
				"west": {"uv": [12.75, 0, 13, 0.25], "texture": "#texture"},
				"down": {"uv": [12.75, 0, 13, 0.25], "texture": "#texture"}
			}
		},
		{
			"from": [8, 10.5, 12],
			"to": [8.5, 11, 12.5],
			"faces": {
				"east": {"uv": [12.75, 0, 13, 0.25], "texture": "#texture"},
				"south": {"uv": [12.75, 0, 13, 0.25], "texture": "#texture"},
				"west": {"uv": [12.75, 0, 13, 0.25], "texture": "#texture"},
				"up": {"uv": [12.75, 0, 13, 0.25], "texture": "#texture"}
			}
		},
		{
			"from": [8, 10.5, 3],
			"to": [8.5, 12, 3.5],
			"faces": {
				"north": {"uv": [11.75, 0, 12, 0.75], "texture": "#texture"},
				"east": {"uv": [11.75, 0, 12, 0.75], "texture": "#texture"},
				"west": {"uv": [11.75, 0, 12, 0.75], "texture": "#texture"},
				"up": {"uv": [12.75, 0, 13, 0.25], "texture": "#texture"},
				"down": {"uv": [12.75, 0, 13, 0.25], "texture": "#texture"}
			}
		},
		{
			"from": [8, 11, 11],
			"to": [8.5, 11.5, 12],
			"faces": {
				"north": {"uv": [12.75, 0, 13, 0.25], "texture": "#texture"},
				"east": {"uv": [8.25, 0, 8.75, 0.25], "texture": "#texture"},
				"south": {"uv": [12.75, 0, 13, 0.25], "texture": "#texture"},
				"west": {"uv": [8.25, 0, 8.75, 0.25], "texture": "#texture"},
				"up": {"uv": [12.75, 0, 13, 0.5], "texture": "#texture"},
				"down": {"uv": [12.75, 0, 13, 0.5], "texture": "#texture"}
			}
		},
		{
			"from": [8, 11, 10],
			"to": [8.5, 26.5, 10.5],
			"faces": {
				"north": {"uv": [2.5, 0, 2.75, 7.75], "texture": "#texture"},
				"east": {"uv": [2.5, 0, 2.75, 7.75], "texture": "#texture"},
				"south": {"uv": [2.5, 0, 2.75, 7.75], "texture": "#texture"},
				"west": {"uv": [2.5, 0, 2.75, 7.75], "texture": "#texture"},
				"up": {"uv": [2.5, 0, 2.75, 0.25], "texture": "#texture"}
			}
		},
		{
			"from": [8, 11, 5.5],
			"to": [8.5, 26.5, 6],
			"faces": {
				"north": {"uv": [2.5, 0, 2.75, 7.75], "texture": "#texture"},
				"east": {"uv": [2.5, 0, 2.75, 7.75], "texture": "#texture"},
				"south": {"uv": [2.5, 0, 2.75, 7.75], "texture": "#texture"},
				"west": {"uv": [2.5, 0, 2.75, 7.75], "texture": "#texture"},
				"up": {"uv": [2.5, 0, 2.75, 0.25], "texture": "#texture"}
			}
		},
		{
			"from": [8, 11, 4.5],
			"to": [8.5, 11.5, 5],
			"faces": {
				"east": {"uv": [12.75, 0, 13, 0.25], "texture": "#texture"},
				"south": {"uv": [12.75, 0, 13, 0.25], "texture": "#texture"},
				"west": {"uv": [12.75, 0, 13, 0.25], "texture": "#texture"},
				"up": {"uv": [12.75, 0, 13, 0.25], "texture": "#texture"}
			}
		},
		{
			"from": [8, 11.5, 4],
			"to": [8.5, 12, 4.5],
			"faces": {
				"east": {"uv": [12.75, 0, 13, 0.25], "texture": "#texture"},
				"south": {"uv": [12.75, 0, 13, 0.25], "texture": "#texture"},
				"west": {"uv": [12.75, 0, 13, 0.25], "texture": "#texture"},
				"up": {"uv": [12.75, 0, 13, 0.25], "texture": "#texture"}
			}
		},
		{
			"from": [8, 12, 3.5],
			"to": [8.5, 12.5, 4],
			"faces": {
				"north": {"uv": [12.75, 0, 13, 0.25], "texture": "#texture"},
				"east": {"uv": [12.75, 0, 13, 0.25], "texture": "#texture"},
				"south": {"uv": [12.75, 0, 13, 0.25], "texture": "#texture"},
				"west": {"uv": [12.75, 0, 13, 0.25], "texture": "#texture"},
				"up": {"uv": [12.75, 0, 13, 0.25], "texture": "#texture"}
			}
		},
		{
			"from": [8, 15, 9.5],
			"to": [8.5, 29, 10],
			"faces": {
				"north": {"uv": [2.75, 0, 3, 7], "texture": "#texture"},
				"east": {"uv": [2.75, 0, 3, 7], "texture": "#texture"},
				"south": {"uv": [2.75, 0, 3, 7], "texture": "#texture"},
				"west": {"uv": [2.75, 0, 3, 7], "texture": "#texture"},
				"up": {"uv": [2.5, 0, 2.75, 0.25], "texture": "#texture"}
			}
		},
		{
			"from": [8, 15, 6],
			"to": [8.5, 29, 6.5],
			"faces": {
				"north": {"uv": [2.75, 0, 3, 7], "texture": "#texture"},
				"east": {"uv": [2.75, 0, 3, 7], "texture": "#texture"},
				"south": {"uv": [2.75, 0, 3, 7], "texture": "#texture"},
				"west": {"uv": [2.75, 0, 3, 7], "texture": "#texture"},
				"up": {"uv": [2.5, 0, 2.75, 0.25], "texture": "#texture"}
			}
		},
		{
			"from": [8, 24, 9],
			"to": [8.5, 31, 9.5],
			"faces": {
				"north": {"uv": [2.75, 0.25, 3, 3.75], "texture": "#texture"},
				"east": {"uv": [2.75, 0.25, 3, 3.75], "texture": "#texture"},
				"south": {"uv": [2.75, 0.25, 3, 3.75], "texture": "#texture"},
				"west": {"uv": [2.75, 0.25, 3, 3.75], "texture": "#texture"},
				"up": {"uv": [2.5, 0, 2.75, 0.25], "texture": "#texture"}
			}
		},
		{
			"from": [8, 24, 6.5],
			"to": [8.5, 31, 7],
			"faces": {
				"north": {"uv": [2.75, 0.25, 3, 3.75], "texture": "#texture"},
				"east": {"uv": [2.75, 0.25, 3, 3.75], "texture": "#texture"},
				"south": {"uv": [2.75, 0.25, 3, 3.75], "texture": "#texture"},
				"west": {"uv": [2.75, 0.25, 3, 3.75], "texture": "#texture"},
				"up": {"uv": [2.5, 0, 2.75, 0.25], "texture": "#texture"}
			}
		},
		{
			"from": [8, 26, 8.5],
			"to": [8.5, 31, 9],
			"faces": {
				"north": {"uv": [2.75, 0.5, 3, 3.75], "texture": "#texture"},
				"east": {"uv": [2.75, 0.5, 3, 3.75], "texture": "#texture"},
				"south": {"uv": [2.75, 0.5, 3, 3.75], "texture": "#texture"},
				"west": {"uv": [2.75, 0.5, 3, 3.75], "texture": "#texture"},
				"up": {"uv": [2.5, 0, 2.75, 0.25], "texture": "#texture"}
			}
		},
		{
			"from": [8, 26, 7],
			"to": [8.5, 31, 7.5],
			"faces": {
				"north": {"uv": [2.75, 0.5, 3, 3.75], "texture": "#texture"},
				"east": {"uv": [2.75, 0.5, 3, 3.75], "texture": "#texture"},
				"south": {"uv": [2.75, 0.5, 3, 3.75], "texture": "#texture"},
				"west": {"uv": [2.75, 0.5, 3, 3.75], "texture": "#texture"},
				"up": {"uv": [2.5, 0, 2.75, 0.25], "texture": "#texture"}
			}
		},
		{
			"from": [8, 30, 7.5],
			"to": [8.5, 32, 8.5],
			"faces": {
				"north": {"uv": [2.75, 0.75, 3, 2.5], "texture": "#texture"},
				"east": {"uv": [8.75, 0, 9.25, 1.75], "texture": "#texture"},
				"south": {"uv": [2.75, 0.75, 3, 2.5], "texture": "#texture"},
				"west": {"uv": [8.75, 0, 9.25, 1.75], "texture": "#texture"},
				"up": {"uv": [2.5, 0, 2.75, 0.5], "texture": "#texture"}
			}
		}
	],
	"display": {
		"thirdperson_righthand": {
			"translation": [0, 0, 1.25]
		},
		"thirdperson_lefthand": {
			"rotation": [-165, 0, 0],
			"translation": [-1, -0.25, 1.5]
		},
		"firstperson_righthand": {
			"rotation": [-26, 0, 0]
		},
		"firstperson_lefthand": {
			"rotation": [116, 0, 0],
			"translation": [0.5, -5.25, 0]
		},
		"ground": {
			"translation": [0, 4.25, 0],
			"scale": [0.5, 0.5, 0.5]
		},
		"gui": {
			"rotation": [90, -135, 90],
			"translation": [-4, -4.25, 0],
			"scale": [0.67, 0.67, 0.67]
		},
		"head": {
			"rotation": [-180, 90, 0],
			"translation": [0, 19, 0]
		},
		"fixed": {
			"rotation": [90, -46, 90],
			"translation": [5.25, -5.5, -0.5]
		}
	}
}