{
	"credit": "Made with Blockbench",
	"texture_size": [128, 128],
	"textures": {
		"0": "item/custom_swords/zenitsu_sword"
	},
	"elements": [
		{
			"name": "handle0",
			"from": [7.5, 0, -9.25],
			"to": [8.5, 1, -1.25],
			"rotation": {"angle": 0, "axis": "y", "origin": [15.5, 8, 8.75]},
			"faces": {
				"north": {"uv": [12, 5.875, 13.25, 7.125], "texture": "#0"},
				"east": {"uv": [8, 7.25, 16, 8.25], "texture": "#0"},
				"west": {"uv": [8, 7.25, 16, 8.25], "rotation": 180, "texture": "#0"},
				"up": {"uv": [8, 7.25, 16, 8.25], "rotation": 270, "texture": "#0"},
				"down": {"uv": [8, 7.25, 16, 8.25], "rotation": 90, "texture": "#0"}
			}
		},
		{
			"name": "handle1",
			"from": [7.25, -0.25, -9],
			"to": [8.75, 1.25, -8.5],
			"rotation": {"angle": 0, "axis": "y", "origin": [15.5, 8, 9]},
			"faces": {
				"north": {"uv": [11.875, 5.75, 13.375, 7.25], "texture": "#0"},
				"east": {"uv": [11.375, 5.75, 11.875, 7.25], "texture": "#0"},
				"south": {"uv": [11.875, 5.75, 13.375, 7.25], "texture": "#0"},
				"west": {"uv": [11.375, 5.75, 11.875, 7.25], "texture": "#0"},
				"up": {"uv": [11.375, 5.75, 11.875, 7.25], "rotation": 90, "texture": "#0"},
				"down": {"uv": [11.375, 5.75, 11.875, 7.25], "rotation": 90, "texture": "#0"}
			}
		},
		{
			"name": "handle2",
			"from": [7.25, -0.25, -1.25],
			"to": [8.75, 1.25, -0.25],
			"rotation": {"angle": 0, "axis": "y", "origin": [15.5, 8, 6.75]},
			"faces": {
				"north": {"uv": [14.5, 5.75, 16, 7.25], "texture": "#0"},
				"east": {"uv": [13.375, 5.75, 14.5, 7.25], "texture": "#0"},
				"west": {"uv": [13.375, 5.75, 14.5, 7.25], "texture": "#0"},
				"up": {"uv": [13.375, 5.75, 14.5, 7.25], "rotation": 90, "texture": "#0"},
				"down": {"uv": [13.375, 5.75, 14.5, 7.25], "rotation": 90, "texture": "#0"}
			}
		},
		{
			"name": "handle3",
			"from": [6.5, -1, -0.25],
			"to": [9.5, 2, 0],
			"rotation": {"angle": 0, "axis": "y", "origin": [15.5, 8, 7]},
			"faces": {
				"north": {"uv": [12.875, 2.25, 16, 5.375], "texture": "#0"},
				"east": {"uv": [12.875, 5.375, 16, 5.625], "rotation": 90, "texture": "#0"},
				"south": {"uv": [12.875, 2.25, 16, 5.375], "texture": "#0"},
				"west": {"uv": [12.875, 5.375, 16, 5.625], "rotation": 90, "texture": "#0"},
				"up": {"uv": [12.875, 5.375, 16, 5.625], "texture": "#0"},
				"down": {"uv": [12.875, 5.375, 16, 5.625], "rotation": 180, "texture": "#0"}
			}
		},
		{
			"name": "blade0",
			"from": [7.875, -0.25, 0],
			"to": [8.125, 0.25, 24],
			"rotation": {"angle": 0, "axis": "y", "origin": [15.75, 7.75, 8]},
			"faces": {
				"east": {"uv": [0, 1.875, 16, 2.25], "rotation": 180, "texture": "#0"},
				"south": {"uv": [0.875, 0.75, 1.25, 1.125], "texture": "#0"},
				"west": {"uv": [0, 0, 16, 0.375], "texture": "#0"},
				"up": {"uv": [0.125, 1.125, 0.25, 1.25], "rotation": 180, "texture": "#0"},
				"down": {"uv": [0, 0.125, 0.125, 0.25], "rotation": 90, "texture": "#0"}
			}
		},
		{
			"name": "blade1",
			"from": [7.875, 0.25, 0],
			"to": [8.125, 0.75, 23],
			"rotation": {"angle": 0, "axis": "y", "origin": [15.75, 8.25, 8]},
			"faces": {
				"east": {"uv": [0, 1.5, 15.5, 1.875], "rotation": 180, "texture": "#0"},
				"south": {"uv": [0.875, 0.75, 1.25, 1.125], "texture": "#0"},
				"west": {"uv": [0, 0.375, 15.5, 0.75], "texture": "#0"},
				"up": {"uv": [0.125, 1, 0.25, 1.125], "rotation": 270, "texture": "#0"}
			}
		},
		{
			"name": "blade3",
			"from": [7.875, 0.75, 0],
			"to": [8.125, 1.25, 22],
			"rotation": {"angle": 0, "axis": "y", "origin": [15.75, 8.75, 8]},
			"faces": {
				"east": {"uv": [0, 1.125, 15, 1.5], "rotation": 180, "texture": "#0"},
				"south": {"uv": [0.5, 0.75, 0.875, 1.125], "texture": "#0"},
				"west": {"uv": [0, 0.75, 15, 1.125], "texture": "#0"},
				"up": {"uv": [0, 0.75, 15, 0.875], "rotation": 90, "texture": "#0"}
			}
		},
		{
			"name": "blade4",
			"from": [8, -0.25, 21.75],
			"to": [8, 1.25, 24.5],
			"rotation": {"angle": 0, "axis": "y", "origin": [16, 8.75, 7.75]},
			"faces": {
				"east": {"uv": [0, 2.25, 1.8125, 3.375], "texture": "#0"},
				"west": {"uv": [1.75, 2.25, 3.5625, 3.375], "texture": "#0"}
			}
		}
	],
	"display": {
		"thirdperson_righthand": {
			"rotation": [-90, 0, 0],
			"translation": [0, 9.25, -4.75],
			"scale": [0.95, 0.95, 0.95]
		},
		"thirdperson_lefthand": {
			"rotation": [-90, 0, 0],
			"translation": [0, 10, -5.25],
			"scale": [0.95, 0.95, 0.95]
		},
		"firstperson_righthand": {
			"rotation": [-90, 6, 6],
			"translation": [1.75, 5.75, -7.5],
			"scale": [0.75, 0.75, 0.75]
		},
		"firstperson_lefthand": {
			"rotation": [-90, 6, 6],
			"translation": [1.75, 5.75, -7.5],
			"scale": [0.75, 0.75, 0.75]
		},
		"ground": {
			"rotation": [26, -180, 180],
			"translation": [0, -3.5, 0]
		},
		"gui": {
			"rotation": [-91, 46, 90],
			"translation": [-6, 7, 0.25],
			"scale": [0.63, 1.2, 0.62]
		},
		"head": {
			"rotation": [90, 0, 0],
			"translation": [0, 14, 7.25]
		},
		"fixed": {
			"rotation": [90, 45, 90],
			"translation": [-3.75, -4, -0.25],
			"scale": [0.75, 0.75, 0.75]
		}
	},
	"groups": [
		{
			"name": "Zenitsu Sword",
			"origin": [8, 8, 8],
			"color": 0,
			"children": [
				{
					"name": "handle",
					"origin": [8, 8, 8],
					"color": 0,
					"children": [0, 1, 2, 3]
				},
				{
					"name": "blade",
					"origin": [8, 8, 8],
					"color": 0,
					"children": [4, 5, 6, 7]
				}
			]
		}
	]
}