{
	"credit": "Made with Blockbench",
	"textures": {
		"0": "item/gm_staff/staff_handle",
		"2": "block/command_block_back",
		"4": "item/gm_staff/staff_holder",
		"particle": "block/command_block_back"
	},
	"elements": [
		{
			"name": "staff5",
			"from": [7, 20, 7],
			"to": [8, 21.5, 8],
			"rotation": {"angle": 0, "axis": "y", "origin": [7.5, 18, 9.25]},
			"faces": {
				"north": {"uv": [4, 8, 6, 11], "texture": "#4"},
				"east": {"uv": [8, 4, 10, 7], "texture": "#4"},
				"south": {"uv": [6, 8, 8, 11], "texture": "#4"},
				"west": {"uv": [8, 8, 10, 11], "texture": "#4"},
				"up": {"uv": [12, 10, 10, 8], "texture": "#4"},
				"down": {"uv": [12, 10, 10, 12], "texture": "#4"}
			}
		},
		{
			"name": "staff4",
			"from": [7, 20, 8],
			"to": [8, 20.5, 10],
			"faces": {
				"north": {"uv": [12, 8, 14, 9], "texture": "#4"},
				"east": {"uv": [10, 4, 14, 5], "texture": "#4"},
				"south": {"uv": [10, 12, 12, 13], "texture": "#4"},
				"west": {"uv": [10, 6, 14, 7], "texture": "#4"},
				"up": {"uv": [10, 4, 8, 0], "texture": "#4"},
				"down": {"uv": [4, 8, 2, 12], "texture": "#4"}
			}
		},
		{
			"name": "staff3",
			"from": [7, 16, 9.5],
			"to": [8, 20, 10],
			"faces": {
				"north": {"uv": [0, 0, 2, 8], "texture": "#4"},
				"east": {"uv": [6, 0, 7, 8], "texture": "#4"},
				"south": {"uv": [2, 0, 4, 8], "texture": "#4"},
				"west": {"uv": [0, 8, 1, 16], "texture": "#4"},
				"up": {"uv": [8, 13, 6, 12], "texture": "#4"},
				"down": {"uv": [10, 12, 8, 13], "texture": "#4"}
			}
		},
		{
			"name": "staff2",
			"from": [7, 15.5, 8],
			"to": [8, 16, 10],
			"faces": {
				"north": {"uv": [2, 12, 4, 13], "texture": "#4"},
				"east": {"uv": [10, 0, 14, 1], "texture": "#4"},
				"south": {"uv": [4, 12, 6, 13], "texture": "#4"},
				"west": {"uv": [10, 2, 14, 3], "texture": "#4"},
				"up": {"uv": [6, 4, 4, 0], "texture": "#4"},
				"down": {"uv": [6, 4, 4, 8], "texture": "#4"}
			}
		},
		{
			"name": "staff1",
			"from": [7, 0, 7],
			"to": [8, 16, 8],
			"faces": {
				"north": {"uv": [1, 0, 2, 16], "texture": "#0"},
				"east": {"uv": [0, 0, 1, 16], "texture": "#0"},
				"south": {"uv": [2, 0, 3, 16], "texture": "#0"},
				"west": {"uv": [3, 0, 4, 16], "texture": "#0"},
				"up": {"uv": [5, 1, 4, 0], "texture": "#0"},
				"down": {"uv": [5, 1, 4, 2], "texture": "#0"}
			}
		},
		{
			"name": "command_block",
			"from": [5.5, 16, 5.5],
			"to": [9.5, 20, 9.5],
			"faces": {
				"north": {"uv": [0, 0, 16, 16], "texture": "#2"},
				"east": {"uv": [0, 0, 16, 16], "texture": "#2"},
				"south": {"uv": [0, 0, 16, 16], "texture": "#2"},
				"west": {"uv": [0, 0, 16, 16], "texture": "#2"},
				"up": {"uv": [0, 0, 16, 16], "texture": "#2"},
				"down": {"uv": [0, 0, 16, 16], "texture": "#2"}
			}
		}
	],
	"display": {
		"thirdperson_righthand": {
			"rotation": [37.99, -87.54, 38.21],
			"translation": [-0.5, -2, 0.75],
			"scale": [1.25, 1.25, 1.25]
		},
		"thirdperson_lefthand": {
			"rotation": [90, 11, 148],
			"translation": [-2.75, -6, 6.75],
			"scale": [1.25, 1.25, 1.25]
		},
		"firstperson_righthand": {
			"rotation": [0, 0, -3.75]
		},
		"firstperson_lefthand": {
			"rotation": [0, 0, -3.75],
			"scale": [0, 0, 0]
		},
		"ground": {
			"translation": [0, 6.25, 0],
			"scale": [0.8, 0.8, 0.8]
		},
		"gui": {
			"rotation": [-88.54, 46.71, 88.89],
			"translation": [1.5, -1.75, 0],
			"scale": [0.85, 0.85, 0.85]
		},
		"fixed": {
			"rotation": [-88.54, 46.71, 88.89],
			"translation": [2.25, -2, -0.75]
		}
	},
	"groups": [
		{
			"name": "staff",
			"origin": [7.5, 18, 9.25],
			"color": 9,
			"children": [0, 1, 2, 3, 4]
		},
		5
	]
}