{
    "sources": [
        {
            "type": "single",
            "resource": "minecraft:item/assassin_texture/assassin_blade"
        },
        {
            "type": "single",
            "resource": "minecraft:item/assassin_texture/assassin_blade_shiny"
        },
        {
            "type": "single",
            "resource": "minecraft:item/assassin_texture/assassin_dagger_a"
        },
        {
            "type": "single",
            "resource": "minecraft:item/assassin_texture/assassin_dash1"
        },
        {
            "type": "single",
            "resource": "minecraft:item/assassin_texture/assassin_impact1"
        },
        {
            "type": "single",
            "resource": "minecraft:item/assassin_texture/assassin_dash2"
        },
        {
            "type": "single",
            "resource": "minecraft:item/assassin_texture/assassin_impact2"
        },
        {
            "type": "single",
            "resource": "minecraft:item/assassin_texture/assassin_dash3"
        },
        {
            "type": "single",
            "resource": "minecraft:item/assassin_texture/assassin_impact3"
        },
        {
            "type": "single",
            "resource": "minecraft:item/assassin_texture/assassin_dash4"
        },
        {
            "type": "single",
            "resource": "minecraft:item/assassin_texture/assassin_impact4"
        },
        {
            "type": "single",
            "resource": "minecraft:item/assassin_texture/assassin_slash1"
        },
        {
            "type": "single",
            "resource": "minecraft:item/assassin_texture/assassin_slash2"
        },
        {
            "type": "single",
            "resource": "minecraft:item/assassin_texture/assassin_slash3"
        },
        {
            "type": "single",
            "resource": "minecraft:item/assassin_texture/assassin_slash4"
        },
        {
            "type": "single",
            "resource": "minecraft:item/assassin_texture/assassin_slash5"
        },
        {
            "type": "single",
            "resource": "minecraft:item/assassin_texture/assassin_slash6"
        },
        {
            "type": "single",
            "resource": "minecraft:item/assassin_texture/assassin_spin1"
        },
        {
            "type": "single",
            "resource": "minecraft:item/assassin_texture/assassin_spin2"
        },
        {
            "type": "single",
            "resource": "minecraft:item/assassin_texture/assassin_spin3"
        },
        {
            "type": "single",
            "resource": "minecraft:item/assassin_texture/assassin_spin4"
        },
        {
            "type": "single",
            "resource": "minecraft:item/assassin_texture/assassin_spin5"
        },
        {
            "type": "single",
            "resource": "minecraft:item/assassin_texture/assassin_spin6"
        },
        {
            "type": "single",
            "resource": "minecraft:item/assassin_texture/assassin_x_1"
        },
        {
            "type": "single",
            "resource": "minecraft:item/assassin_texture/assassin_x2"
        },
        {
            "type": "single",
            "resource": "minecraft:item/assassin_texture/assassin_x3"
        },
        {
            "type": "single",
            "resource": "minecraft:item/assassin_texture/assassin_x4"
        },
        {
            "type": "single",
            "resource": "minecraft:item/assassin_texture/assassin_x5"
        },
        {
            "type": "single",
            "resource": "minecraft:item/assassin_texture/icon_assassins_blade"
        },
        {
            "type": "single",
            "resource": "minecraft:item/assassin_texture/icon_blade_dance"
        },
        {
            "type": "single",
            "resource": "minecraft:item/assassin_texture/icon_blade_slash"
        },
        {
            "type": "single",
            "resource": "minecraft:item/assassin_texture/icon_dagger_throw"
        },
        {
            "type": "single",
            "resource": "minecraft:item/assassin_texture/icon_dash"
        },
        {
            "type": "single",
            "resource": "minecraft:item/assassin_texture/icon_shadow_walk"
        }
    ]
}