{
	"credit": "Made with Blockbench",
	"parent": "item/handheld",
	"textures": {
		"layer0": "item/weapons/greatswords/brimlash_buster"
	},
	"display": {
		"thirdperson_righthand": {
			"rotation": [0, -90, 45],
			"translation": [0, 5.5, 2],
			"scale": [1.5, 1.5, 1]
		},
		"thirdperson_lefthand": {
			"rotation": [-105, 0, -10],
			"translation": [-3.75, -6.5, 6.5],
			"scale": [1.5, 1.5, 1]
		},
		"firstperson_righthand": {
			"rotation": [0, -90, 45],
			"translation": [0, 2.75, 0],
			"scale": [1.25, 1.25, 1]
		},
		"firstperson_lefthand": {
			"rotation": [0, 90, -45],
			"translation": [0, 2.75, 0],
			"scale": [0, 0, 0]
		},
		"ground": {
			"translation": [0, 4.75, 0]
		},
		"gui": {
			"translation": [-0.75, -0.75, 0],
			"scale": [1.2, 1.2, 1]
		},
		"head": {
			"rotation": [0, 0, 45],
			"translation": [0, 11, 0]
		},
		"fixed": {
			"rotation": [-180, 0, 180],
			"translation": [0.75, -0.75, 0],
			"scale": [1.25, 1.25, 1]
		}
	}
}