{
	"credit": "Made with Blockbench",
	"parent": "item/handheld",
	"textures": {
		"layer0": "item/weapons/greatswords/holy_greatsword"
	},
	"display": {
		"thirdperson_righthand": {
			"rotation": [0, -90, 45],
			"translation": [0, 11, 2],
			"scale": [1.35, 1.35, 1]
		},
		"thirdperson_lefthand": {
			"rotation": [-109, 0, -10],
			"translation": [-5.5, -7, 3.25],
			"scale": [1.35, 1.35, 1]
		},
		"firstperson_righthand": {
			"rotation": [0, -90, 45],
			"translation": [0, 5, 0]
		},
		"firstperson_lefthand": {
			"rotation": [0, 90, -45],
			"translation": [0, 5, 0],
			"scale": [0, 0, 0]
		},
		"ground": {
			"translation": [0, 4, 0],
			"scale": [0.8, 0.8, 1]
		},
		"head": {
			"rotation": [0, 0, 45],
			"translation": [0, 11, 0]
		},
		"fixed": {
			"scale": [1, 1, 0.5]
		}
	}
}