{
	"credit": "Made with Blockbench",
	"parent": "item/handheld",
	"textures": {
		"layer0": "item/weapons/greatswords/marco_dimensional_scissors"
	},
	"display": {
		"thirdperson_righthand": {
			"rotation": [0, -90, 45],
			"translation": [0, 5.5, -3.75],
			"scale": [1.5, 1.5, 1]
		},
		"thirdperson_lefthand": {
			"rotation": [-110, 0, 0],
			"translation": [-1.25, -7.75, 5],
			"scale": [1.5, 1.5, 1]
		},
		"firstperson_righthand": {
			"rotation": [0, -90, 45],
			"translation": [0, 2.75, -1.75],
			"scale": [1.25, 1.25, 1]
		},
		"firstperson_lefthand": {
			"rotation": [0, 90, -45],
			"translation": [0, 2.75, -1.75],
			"scale": [0, 0, 0]
		},
		"ground": {
			"translation": [0, 7.25, 0]
		},
		"head": {
			"rotation": [0, 0, 45],
			"translation": [0, 11, 0]
		},
		"fixed": {
			"rotation": [-180, 0, 180]
		}
	}
}