{
	"credit": "Made with Blockbench",
	"parent": "item/handheld",
	"textures": {
		"layer0": "item/weapons/greatswords/ravenwing"
	},
	"display": {
		"thirdperson_righthand": {
			"rotation": [0, 90, 45],
			"translation": [0, 10.75, 2],
			"scale": [1.5, 1.5, 1]
		},
		"thirdperson_lefthand": {
			"rotation": [-105, 0, -9],
			"translation": [-5.75, -7, 3.75],
			"scale": [1.5, 1.5, 1]
		},
		"firstperson_righthand": {
			"rotation": [0, 90, 45],
			"translation": [0, 2.75, 0],
			"scale": [1.25, 1.25, 1]
		},
		"firstperson_lefthand": {
			"rotation": [0, -90, -45],
			"translation": [0, 2.75, 0],
			"scale": [0, 0, 0]
		},
		"ground": {
			"translation": [0, 4.75, 0],
			"scale": [0.8, 0.8, 1]
		},
		"head": {
			"rotation": [0, 0, 45],
			"translation": [0, 11, 0]
		},
		"fixed": {
			"rotation": [-180, 0, 180]
		}
	}
}