{
	"credit": "Made with Blockbench",
	"texture_size": [8, 8],
	"textures": {
		"0": "item/carved_pumpkin/hat_texture/hat_s"
	},
	"elements": [
		{
			"name": "crown",
			"from": [1, 2.25, 0],
			"to": [7, 6, 6],
			"faces": {
				"north": {"uv": [0, 9, 7, 13], "texture": "#0"},
				"east": {"uv": [0, 9, 7, 13], "texture": "#0"},
				"south": {"uv": [0, 9, 7, 13], "texture": "#0"},
				"west": {"uv": [0, 9, 7, 13], "texture": "#0"},
				"up": {"uv": [0, 24, 12, 32], "texture": "#0"},
				"down": {"uv": [0, 24, 12, 32], "texture": "#0"}
			}
		},
		{
			"name": "brim",
			"from": [0, 0, -1],
			"to": [8, 0.75, 7],
			"faces": {
				"north": {"uv": [9, 8, 15, 9], "texture": "#0"},
				"east": {"uv": [0, 2, 2, 4], "texture": "#missing"},
				"south": {"uv": [9, 8, 15, 9], "texture": "#0"},
				"west": {"uv": [0, 2, 2, 4], "texture": "#missing"},
				"up": {"uv": [9, 8, 15, 9], "texture": "#0"},
				"down": {"uv": [9, 3, 14, 8], "texture": "#0"}
			}
		},
		{
			"name": "left curved brim",
			"from": [-1.44194, 0.34727, -1],
			"to": [0.30806, 1.09727, 7],
			"rotation": {"angle": -22.5, "axis": "z", "origin": [-0.69194, 0.72227, 3]},
			"faces": {
				"north": {"uv": [9, 8, 10, 9], "texture": "#0"},
				"east": {"uv": [0, 2, 4, 4], "texture": "#missing"},
				"south": {"uv": [14, 8, 15, 9], "texture": "#0"},
				"west": {"uv": [9, 9, 15, 10], "texture": "#0"},
				"up": {"uv": [9, 10, 11, 16], "texture": "#0"},
				"down": {"uv": [14, 8, 15, 9], "texture": "#0"}
			}
		},
		{
			"name": "left curved brim",
			"from": [7.68703, 0.32764, -1],
			"to": [9.43703, 1.07764, 7],
			"rotation": {"angle": 22.5, "axis": "z", "origin": [8.68703, 0.70264, 3]},
			"faces": {
				"north": {"uv": [14, 8, 15, 9], "rotation": 270, "texture": "#0"},
				"east": {"uv": [11, 12, 12, 18], "rotation": 90, "texture": "#0"},
				"south": {"uv": [14, 8, 15, 9], "rotation": 90, "texture": "#0"},
				"west": {"uv": [0, 2, 4, 4], "rotation": 90, "texture": "#missing"},
				"up": {"uv": [11, 10, 17, 12], "rotation": 90, "texture": "#0"},
				"down": {"uv": [14, 8, 15, 9], "rotation": 90, "texture": "#0"}
			}
		},
		{
			"name": "band",
			"from": [0.25, 0.75, -0.5],
			"to": [7.75, 2.25, 6.5],
			"rotation": {"angle": 0, "axis": "y", "origin": [-0.25, 0, 0]},
			"faces": {
				"north": {"uv": [0, 13, 7, 15], "texture": "#0"},
				"east": {"uv": [12, 13, 16, 15], "texture": "#0"},
				"south": {"uv": [0, 13, 7, 15], "texture": "#0"},
				"west": {"uv": [12, 13, 16, 15], "texture": "#0"},
				"up": {"uv": [10, 0, 13, 3], "texture": "#0"},
				"down": {"uv": [0, 0, 8, 2], "texture": "#missing"}
			}
		},
		{
			"name": "crown shape",
			"from": [0.5, 6, -0.5],
			"to": [7.5, 6.75, 6.5],
			"faces": {
				"north": {"uv": [14, 0, 16, 2], "texture": "#0"},
				"east": {"uv": [14, 2, 16, 4], "texture": "#0"},
				"south": {"uv": [14, 4, 16, 6], "texture": "#0"},
				"west": {"uv": [14, 6, 16, 8], "texture": "#0"},
				"up": {"uv": [9, 9, 0, 0], "texture": "#0"},
				"down": {"uv": [9, 0, 0, 9], "texture": "#0"}
			}
		}
	],
	"display": {
		"thirdperson_righthand": {
			"rotation": [45, 45, 0],
			"translation": [4.75, 4.5, 1.5],
			"scale": [0.75, 0.75, 0.75]
		},
		"thirdperson_lefthand": {
			"rotation": [45, 45, 0],
			"translation": [0.5, 2.5, 4.5],
			"scale": [0.75, 0.75, 0.75]
		},
		"firstperson_righthand": {
			"rotation": [11, -57, 0],
			"translation": [2.75, 5.25, 0],
			"scale": [0.8, 0.8, 0.8]
		},
		"firstperson_lefthand": {
			"rotation": [11, 127, 0],
			"translation": [6.5, 7.5, -4],
			"scale": [0.8, 0.8, 0.8]
		},
		"ground": {
			"translation": [0, 3, 0]
		},
		"gui": {
			"rotation": [30, 225, 0],
			"translation": [-7.5, 4.75, 0],
			"scale": [1.15, 1.25, 1.2]
		},
		"head": {
			"translation": [7.13, 17.75, 10.5],
			"scale": [1.8, 1.9, 2.1]
		},
		"fixed": {
			"translation": [7.25, 7.75, 14.5],
			"scale": [1.8, 1.8, 1.8]
		}
	},
	"groups": [
		{
			"name": "crown",
			"origin": [0, 0, 0],
			"color": 0,
			"children": [0, 1, 2, 3, 4, 5]
		}
	]
}