{
	"credit": "Made with Blockbench",
	"texture_size": [32, 32],
	"textures": {
		"0": "item/weapons/swords/samurai/wooden_sword",
		"particle": "item/weapons/swords/samurai/wooden_sword"
	},
	"elements": [
		{
			"name": "iron_sword_0",
			"from": [11, 0, 4.5],
			"to": [11.5, 0.5, 5],
			"faces": {
				"north": {"uv": [11.5, 4.5, 11, 5], "texture": "#0"},
				"east": {"uv": [11, 4.5, 11.5, 5], "rotation": 90, "texture": "#0"},
				"south": {"uv": [11, 4.5, 11.5, 5], "texture": "#0"},
				"west": {"uv": [11, 4.5, 11.5, 5], "rotation": 270, "texture": "#0"},
				"up": {"uv": [11, 4.5, 11.5, 5], "texture": "#0"},
				"down": {"uv": [11, 5, 11.5, 4.5], "texture": "#0"}
			}
		},
		{
			"name": "iron_sword_1",
			"from": [11.5, 0, 4.5],
			"to": [12, 0.5, 5],
			"faces": {
				"north": {"uv": [12, 4.5, 11.5, 5], "texture": "#0"},
				"east": {"uv": [11.5, 4.5, 12, 5], "rotation": 90, "texture": "#0"},
				"south": {"uv": [11.5, 4.5, 12, 5], "texture": "#0"},
				"west": {"uv": [11.5, 4.5, 12, 5], "rotation": 270, "texture": "#0"},
				"up": {"uv": [11.5, 4.5, 12, 5], "texture": "#0"},
				"down": {"uv": [11.5, 5, 12, 4.5], "texture": "#0"}
			}
		},
		{
			"name": "iron_sword_2",
			"from": [10, 0, 5],
			"to": [10.5, 0.5, 5.5],
			"faces": {
				"north": {"uv": [10.5, 5, 10, 5.5], "texture": "#0"},
				"east": {"uv": [10, 5, 10.5, 5.5], "rotation": 90, "texture": "#0"},
				"south": {"uv": [10, 5, 10.5, 5.5], "texture": "#0"},
				"west": {"uv": [10, 5, 10.5, 5.5], "rotation": 270, "texture": "#0"},
				"up": {"uv": [10, 5, 10.5, 5.5], "texture": "#0"},
				"down": {"uv": [10, 5.5, 10.5, 5], "texture": "#0"}
			}
		},
		{
			"name": "iron_sword_3",
			"from": [10.5, 0, 5],
			"to": [11, 0.5, 5.5],
			"faces": {
				"north": {"uv": [11, 5, 10.5, 5.5], "texture": "#0"},
				"east": {"uv": [10.5, 5, 11, 5.5], "rotation": 90, "texture": "#0"},
				"south": {"uv": [10.5, 5, 11, 5.5], "texture": "#0"},
				"west": {"uv": [10.5, 5, 11, 5.5], "rotation": 270, "texture": "#0"},
				"up": {"uv": [10.5, 5, 11, 5.5], "texture": "#0"},
				"down": {"uv": [10.5, 5.5, 11, 5], "texture": "#0"}
			}
		},
		{
			"name": "iron_sword_4",
			"from": [11, 0, 5],
			"to": [11.5, 0.5, 5.5],
			"faces": {
				"north": {"uv": [11.5, 5, 11, 5.5], "texture": "#0"},
				"east": {"uv": [11, 5, 11.5, 5.5], "rotation": 90, "texture": "#0"},
				"south": {"uv": [11, 5, 11.5, 5.5], "texture": "#0"},
				"west": {"uv": [11, 5, 11.5, 5.5], "rotation": 270, "texture": "#0"},
				"up": {"uv": [11, 5, 11.5, 5.5], "texture": "#0"},
				"down": {"uv": [11, 5.5, 11.5, 5], "texture": "#0"}
			}
		},
		{
			"name": "iron_sword_5",
			"from": [11.5, 0, 5],
			"to": [12, 0.5, 5.5],
			"faces": {
				"north": {"uv": [12, 5, 11.5, 5.5], "texture": "#0"},
				"east": {"uv": [11.5, 5, 12, 5.5], "rotation": 90, "texture": "#0"},
				"south": {"uv": [11.5, 5, 12, 5.5], "texture": "#0"},
				"west": {"uv": [11.5, 5, 12, 5.5], "rotation": 270, "texture": "#0"},
				"up": {"uv": [11.5, 5, 12, 5.5], "texture": "#0"},
				"down": {"uv": [11.5, 5.5, 12, 5], "texture": "#0"}
			}
		},
		{
			"name": "iron_sword_6",
			"from": [9, 0, 5.5],
			"to": [9.5, 0.5, 6],
			"faces": {
				"north": {"uv": [9.5, 5.5, 9, 6], "texture": "#0"},
				"east": {"uv": [9, 5.5, 9.5, 6], "rotation": 90, "texture": "#0"},
				"south": {"uv": [9, 5.5, 9.5, 6], "texture": "#0"},
				"west": {"uv": [9, 5.5, 9.5, 6], "rotation": 270, "texture": "#0"},
				"up": {"uv": [9, 5.5, 9.5, 6], "texture": "#0"},
				"down": {"uv": [9, 6, 9.5, 5.5], "texture": "#0"}
			}
		},
		{
			"name": "iron_sword_7",
			"from": [9.5, 0, 5.5],
			"to": [10, 0.5, 6],
			"faces": {
				"north": {"uv": [10, 5.5, 9.5, 6], "texture": "#0"},
				"east": {"uv": [9.5, 5.5, 10, 6], "rotation": 90, "texture": "#0"},
				"south": {"uv": [9.5, 5.5, 10, 6], "texture": "#0"},
				"west": {"uv": [9.5, 5.5, 10, 6], "rotation": 270, "texture": "#0"},
				"up": {"uv": [9.5, 5.5, 10, 6], "texture": "#0"},
				"down": {"uv": [9.5, 6, 10, 5.5], "texture": "#0"}
			}
		},
		{
			"name": "iron_sword_8",
			"from": [10, 0, 5.5],
			"to": [10.5, 0.5, 6],
			"faces": {
				"north": {"uv": [10.5, 5.5, 10, 6], "texture": "#0"},
				"east": {"uv": [10, 5.5, 10.5, 6], "rotation": 90, "texture": "#0"},
				"south": {"uv": [10, 5.5, 10.5, 6], "texture": "#0"},
				"west": {"uv": [10, 5.5, 10.5, 6], "rotation": 270, "texture": "#0"},
				"up": {"uv": [10, 5.5, 10.5, 6], "texture": "#0"},
				"down": {"uv": [10, 6, 10.5, 5.5], "texture": "#0"}
			}
		},
		{
			"name": "iron_sword_9",
			"from": [10.5, 0, 5.5],
			"to": [11, 0.5, 6],
			"faces": {
				"north": {"uv": [11, 5.5, 10.5, 6], "texture": "#0"},
				"east": {"uv": [10.5, 5.5, 11, 6], "rotation": 90, "texture": "#0"},
				"south": {"uv": [10.5, 5.5, 11, 6], "texture": "#0"},
				"west": {"uv": [10.5, 5.5, 11, 6], "rotation": 270, "texture": "#0"},
				"up": {"uv": [10.5, 5.5, 11, 6], "texture": "#0"},
				"down": {"uv": [10.5, 6, 11, 5.5], "texture": "#0"}
			}
		},
		{
			"name": "iron_sword_10",
			"from": [11, 0, 5.5],
			"to": [11.5, 0.5, 6],
			"faces": {
				"north": {"uv": [11.5, 5.5, 11, 6], "texture": "#0"},
				"east": {"uv": [11, 5.5, 11.5, 6], "rotation": 90, "texture": "#0"},
				"south": {"uv": [11, 5.5, 11.5, 6], "texture": "#0"},
				"west": {"uv": [11, 5.5, 11.5, 6], "rotation": 270, "texture": "#0"},
				"up": {"uv": [11, 5.5, 11.5, 6], "texture": "#0"},
				"down": {"uv": [11, 6, 11.5, 5.5], "texture": "#0"}
			}
		},
		{
			"name": "iron_sword_11",
			"from": [8.5, 0, 6],
			"to": [9, 0.5, 6.5],
			"faces": {
				"north": {"uv": [9, 6, 8.5, 6.5], "texture": "#0"},
				"east": {"uv": [8.5, 6, 9, 6.5], "rotation": 90, "texture": "#0"},
				"south": {"uv": [8.5, 6, 9, 6.5], "texture": "#0"},
				"west": {"uv": [8.5, 6, 9, 6.5], "rotation": 270, "texture": "#0"},
				"up": {"uv": [8.5, 6, 9, 6.5], "texture": "#0"},
				"down": {"uv": [8.5, 6.5, 9, 6], "texture": "#0"}
			}
		},
		{
			"name": "iron_sword_12",
			"from": [9, 0, 6],
			"to": [9.5, 0.5, 6.5],
			"faces": {
				"north": {"uv": [9.5, 6, 9, 6.5], "texture": "#0"},
				"east": {"uv": [9, 6, 9.5, 6.5], "rotation": 90, "texture": "#0"},
				"south": {"uv": [9, 6, 9.5, 6.5], "texture": "#0"},
				"west": {"uv": [9, 6, 9.5, 6.5], "rotation": 270, "texture": "#0"},
				"up": {"uv": [9, 6, 9.5, 6.5], "texture": "#0"},
				"down": {"uv": [9, 6.5, 9.5, 6], "texture": "#0"}
			}
		},
		{
			"name": "iron_sword_13",
			"from": [9.5, 0, 6],
			"to": [10, 0.5, 6.5],
			"faces": {
				"north": {"uv": [10, 6, 9.5, 6.5], "texture": "#0"},
				"east": {"uv": [9.5, 6, 10, 6.5], "rotation": 90, "texture": "#0"},
				"south": {"uv": [9.5, 6, 10, 6.5], "texture": "#0"},
				"west": {"uv": [9.5, 6, 10, 6.5], "rotation": 270, "texture": "#0"},
				"up": {"uv": [9.5, 6, 10, 6.5], "texture": "#0"},
				"down": {"uv": [9.5, 6.5, 10, 6], "texture": "#0"}
			}
		},
		{
			"name": "iron_sword_14",
			"from": [10, 0, 6],
			"to": [10.5, 0.5, 6.5],
			"faces": {
				"north": {"uv": [10.5, 6, 10, 6.5], "texture": "#0"},
				"east": {"uv": [10, 6, 10.5, 6.5], "rotation": 90, "texture": "#0"},
				"south": {"uv": [10, 6, 10.5, 6.5], "texture": "#0"},
				"west": {"uv": [10, 6, 10.5, 6.5], "rotation": 270, "texture": "#0"},
				"up": {"uv": [10, 6, 10.5, 6.5], "texture": "#0"},
				"down": {"uv": [10, 6.5, 10.5, 6], "texture": "#0"}
			}
		},
		{
			"name": "iron_sword_15",
			"from": [8, 0, 6.5],
			"to": [8.5, 0.5, 7],
			"faces": {
				"north": {"uv": [8.5, 6.5, 8, 7], "texture": "#0"},
				"east": {"uv": [8, 6.5, 8.5, 7], "rotation": 90, "texture": "#0"},
				"south": {"uv": [8, 6.5, 8.5, 7], "texture": "#0"},
				"west": {"uv": [8, 6.5, 8.5, 7], "rotation": 270, "texture": "#0"},
				"up": {"uv": [8, 6.5, 8.5, 7], "texture": "#0"},
				"down": {"uv": [8, 7, 8.5, 6.5], "texture": "#0"}
			}
		},
		{
			"name": "iron_sword_16",
			"from": [8.5, 0, 6.5],
			"to": [9, 0.5, 7],
			"faces": {
				"north": {"uv": [9, 6.5, 8.5, 7], "texture": "#0"},
				"east": {"uv": [8.5, 6.5, 9, 7], "rotation": 90, "texture": "#0"},
				"south": {"uv": [8.5, 6.5, 9, 7], "texture": "#0"},
				"west": {"uv": [8.5, 6.5, 9, 7], "rotation": 270, "texture": "#0"},
				"up": {"uv": [8.5, 6.5, 9, 7], "texture": "#0"},
				"down": {"uv": [8.5, 7, 9, 6.5], "texture": "#0"}
			}
		},
		{
			"name": "iron_sword_17",
			"from": [9, 0, 6.5],
			"to": [9.5, 0.5, 7],
			"faces": {
				"north": {"uv": [9.5, 6.5, 9, 7], "texture": "#0"},
				"east": {"uv": [9, 6.5, 9.5, 7], "rotation": 90, "texture": "#0"},
				"south": {"uv": [9, 6.5, 9.5, 7], "texture": "#0"},
				"west": {"uv": [9, 6.5, 9.5, 7], "rotation": 270, "texture": "#0"},
				"up": {"uv": [9, 6.5, 9.5, 7], "texture": "#0"},
				"down": {"uv": [9, 7, 9.5, 6.5], "texture": "#0"}
			}
		},
		{
			"name": "iron_sword_18",
			"from": [9.5, 0, 6.5],
			"to": [10, 0.5, 7],
			"faces": {
				"north": {"uv": [10, 6.5, 9.5, 7], "texture": "#0"},
				"east": {"uv": [9.5, 6.5, 10, 7], "rotation": 90, "texture": "#0"},
				"south": {"uv": [9.5, 6.5, 10, 7], "texture": "#0"},
				"west": {"uv": [9.5, 6.5, 10, 7], "rotation": 270, "texture": "#0"},
				"up": {"uv": [9.5, 6.5, 10, 7], "texture": "#0"},
				"down": {"uv": [9.5, 7, 10, 6.5], "texture": "#0"}
			}
		},
		{
			"name": "iron_sword_19",
			"from": [7.5, 0, 7],
			"to": [8, 0.5, 7.5],
			"faces": {
				"north": {"uv": [8, 7, 7.5, 7.5], "texture": "#0"},
				"east": {"uv": [7.5, 7, 8, 7.5], "rotation": 90, "texture": "#0"},
				"south": {"uv": [7.5, 7, 8, 7.5], "texture": "#0"},
				"west": {"uv": [7.5, 7, 8, 7.5], "rotation": 270, "texture": "#0"},
				"up": {"uv": [7.5, 7, 8, 7.5], "texture": "#0"},
				"down": {"uv": [7.5, 7.5, 8, 7], "texture": "#0"}
			}
		},
		{
			"name": "iron_sword_20",
			"from": [8, 0, 7],
			"to": [8.5, 0.5, 7.5],
			"faces": {
				"north": {"uv": [8.5, 7, 8, 7.5], "texture": "#0"},
				"east": {"uv": [8, 7, 8.5, 7.5], "rotation": 90, "texture": "#0"},
				"south": {"uv": [8, 7, 8.5, 7.5], "texture": "#0"},
				"west": {"uv": [8, 7, 8.5, 7.5], "rotation": 270, "texture": "#0"},
				"up": {"uv": [8, 7, 8.5, 7.5], "texture": "#0"},
				"down": {"uv": [8, 7.5, 8.5, 7], "texture": "#0"}
			}
		},
		{
			"name": "iron_sword_21",
			"from": [8.5, 0, 7],
			"to": [9, 0.5, 7.5],
			"faces": {
				"north": {"uv": [9, 7, 8.5, 7.5], "texture": "#0"},
				"east": {"uv": [8.5, 7, 9, 7.5], "rotation": 90, "texture": "#0"},
				"south": {"uv": [8.5, 7, 9, 7.5], "texture": "#0"},
				"west": {"uv": [8.5, 7, 9, 7.5], "rotation": 270, "texture": "#0"},
				"up": {"uv": [8.5, 7, 9, 7.5], "texture": "#0"},
				"down": {"uv": [8.5, 7.5, 9, 7], "texture": "#0"}
			}
		},
		{
			"name": "iron_sword_22",
			"from": [9, 0, 7],
			"to": [9.5, 0.5, 7.5],
			"faces": {
				"north": {"uv": [9.5, 7, 9, 7.5], "texture": "#0"},
				"east": {"uv": [9, 7, 9.5, 7.5], "rotation": 90, "texture": "#0"},
				"south": {"uv": [9, 7, 9.5, 7.5], "texture": "#0"},
				"west": {"uv": [9, 7, 9.5, 7.5], "rotation": 270, "texture": "#0"},
				"up": {"uv": [9, 7, 9.5, 7.5], "texture": "#0"},
				"down": {"uv": [9, 7.5, 9.5, 7], "texture": "#0"}
			}
		},
		{
			"name": "iron_sword_23",
			"from": [7, 0, 7.5],
			"to": [7.5, 0.5, 8],
			"faces": {
				"north": {"uv": [7.5, 7.5, 7, 8], "texture": "#0"},
				"east": {"uv": [7, 7.5, 7.5, 8], "rotation": 90, "texture": "#0"},
				"south": {"uv": [7, 7.5, 7.5, 8], "texture": "#0"},
				"west": {"uv": [7, 7.5, 7.5, 8], "rotation": 270, "texture": "#0"},
				"up": {"uv": [7, 7.5, 7.5, 8], "texture": "#0"},
				"down": {"uv": [7, 8, 7.5, 7.5], "texture": "#0"}
			}
		},
		{
			"name": "iron_sword_24",
			"from": [7.5, 0, 7.5],
			"to": [8, 0.5, 8],
			"faces": {
				"north": {"uv": [8, 7.5, 7.5, 8], "texture": "#0"},
				"east": {"uv": [7.5, 7.5, 8, 8], "rotation": 90, "texture": "#0"},
				"south": {"uv": [7.5, 7.5, 8, 8], "texture": "#0"},
				"west": {"uv": [7.5, 7.5, 8, 8], "rotation": 270, "texture": "#0"},
				"up": {"uv": [7.5, 7.5, 8, 8], "texture": "#0"},
				"down": {"uv": [7.5, 8, 8, 7.5], "texture": "#0"}
			}
		},
		{
			"name": "iron_sword_25",
			"from": [8, 0, 7.5],
			"to": [8.5, 0.5, 8],
			"faces": {
				"north": {"uv": [8.5, 7.5, 8, 8], "texture": "#0"},
				"east": {"uv": [8, 7.5, 8.5, 8], "rotation": 90, "texture": "#0"},
				"south": {"uv": [8, 7.5, 8.5, 8], "texture": "#0"},
				"west": {"uv": [8, 7.5, 8.5, 8], "rotation": 270, "texture": "#0"},
				"up": {"uv": [8, 7.5, 8.5, 8], "texture": "#0"},
				"down": {"uv": [8, 8, 8.5, 7.5], "texture": "#0"}
			}
		},
		{
			"name": "iron_sword_26",
			"from": [8.5, 0, 7.5],
			"to": [9, 0.5, 8],
			"faces": {
				"north": {"uv": [9, 7.5, 8.5, 8], "texture": "#0"},
				"east": {"uv": [8.5, 7.5, 9, 8], "rotation": 90, "texture": "#0"},
				"south": {"uv": [8.5, 7.5, 9, 8], "texture": "#0"},
				"west": {"uv": [8.5, 7.5, 9, 8], "rotation": 270, "texture": "#0"},
				"up": {"uv": [8.5, 7.5, 9, 8], "texture": "#0"},
				"down": {"uv": [8.5, 8, 9, 7.5], "texture": "#0"}
			}
		},
		{
			"name": "iron_sword_27",
			"from": [6.5, 0, 8],
			"to": [7, 0.5, 8.5],
			"faces": {
				"north": {"uv": [7, 8, 6.5, 8.5], "texture": "#0"},
				"east": {"uv": [6.5, 8, 7, 8.5], "rotation": 90, "texture": "#0"},
				"south": {"uv": [6.5, 8, 7, 8.5], "texture": "#0"},
				"west": {"uv": [6.5, 8, 7, 8.5], "rotation": 270, "texture": "#0"},
				"up": {"uv": [6.5, 8, 7, 8.5], "texture": "#0"},
				"down": {"uv": [6.5, 8.5, 7, 8], "texture": "#0"}
			}
		},
		{
			"name": "iron_sword_28",
			"from": [7, 0, 8],
			"to": [7.5, 0.5, 8.5],
			"faces": {
				"north": {"uv": [7.5, 8, 7, 8.5], "texture": "#0"},
				"east": {"uv": [7, 8, 7.5, 8.5], "rotation": 90, "texture": "#0"},
				"south": {"uv": [7, 8, 7.5, 8.5], "texture": "#0"},
				"west": {"uv": [7, 8, 7.5, 8.5], "rotation": 270, "texture": "#0"},
				"up": {"uv": [7, 8, 7.5, 8.5], "texture": "#0"},
				"down": {"uv": [7, 8.5, 7.5, 8], "texture": "#0"}
			}
		},
		{
			"name": "iron_sword_29",
			"from": [7.5, 0, 8],
			"to": [8, 0.5, 8.5],
			"faces": {
				"north": {"uv": [8, 8, 7.5, 8.5], "texture": "#0"},
				"east": {"uv": [7.5, 8, 8, 8.5], "rotation": 90, "texture": "#0"},
				"south": {"uv": [7.5, 8, 8, 8.5], "texture": "#0"},
				"west": {"uv": [7.5, 8, 8, 8.5], "rotation": 270, "texture": "#0"},
				"up": {"uv": [7.5, 8, 8, 8.5], "texture": "#0"},
				"down": {"uv": [7.5, 8.5, 8, 8], "texture": "#0"}
			}
		},
		{
			"name": "iron_sword_30",
			"from": [8, 0, 8],
			"to": [8.5, 0.5, 8.5],
			"faces": {
				"north": {"uv": [8.5, 8, 8, 8.5], "texture": "#0"},
				"east": {"uv": [8, 8, 8.5, 8.5], "rotation": 90, "texture": "#0"},
				"south": {"uv": [8, 8, 8.5, 8.5], "texture": "#0"},
				"west": {"uv": [8, 8, 8.5, 8.5], "rotation": 270, "texture": "#0"},
				"up": {"uv": [8, 8, 8.5, 8.5], "texture": "#0"},
				"down": {"uv": [8, 8.5, 8.5, 8], "texture": "#0"}
			}
		},
		{
			"name": "iron_sword_31",
			"from": [6, 0, 8.5],
			"to": [6.5, 0.5, 9],
			"faces": {
				"north": {"uv": [6.5, 8.5, 6, 9], "texture": "#0"},
				"east": {"uv": [6, 8.5, 6.5, 9], "rotation": 90, "texture": "#0"},
				"south": {"uv": [6, 8.5, 6.5, 9], "texture": "#0"},
				"west": {"uv": [6, 8.5, 6.5, 9], "rotation": 270, "texture": "#0"},
				"up": {"uv": [6, 8.5, 6.5, 9], "texture": "#0"},
				"down": {"uv": [6, 9, 6.5, 8.5], "texture": "#0"}
			}
		},
		{
			"name": "iron_sword_32",
			"from": [6.5, 0, 8.5],
			"to": [7, 0.5, 9],
			"faces": {
				"north": {"uv": [7, 8.5, 6.5, 9], "texture": "#0"},
				"east": {"uv": [6.5, 8.5, 7, 9], "rotation": 90, "texture": "#0"},
				"south": {"uv": [6.5, 8.5, 7, 9], "texture": "#0"},
				"west": {"uv": [6.5, 8.5, 7, 9], "rotation": 270, "texture": "#0"},
				"up": {"uv": [6.5, 8.5, 7, 9], "texture": "#0"},
				"down": {"uv": [6.5, 9, 7, 8.5], "texture": "#0"}
			}
		},
		{
			"name": "iron_sword_33",
			"from": [7, 0, 8.5],
			"to": [7.5, 0.5, 9],
			"faces": {
				"north": {"uv": [7.5, 8.5, 7, 9], "texture": "#0"},
				"east": {"uv": [7, 8.5, 7.5, 9], "rotation": 90, "texture": "#0"},
				"south": {"uv": [7, 8.5, 7.5, 9], "texture": "#0"},
				"west": {"uv": [7, 8.5, 7.5, 9], "rotation": 270, "texture": "#0"},
				"up": {"uv": [7, 8.5, 7.5, 9], "texture": "#0"},
				"down": {"uv": [7, 9, 7.5, 8.5], "texture": "#0"}
			}
		},
		{
			"name": "iron_sword_34",
			"from": [7.5, 0, 8.5],
			"to": [8, 0.5, 9],
			"faces": {
				"north": {"uv": [8, 8.5, 7.5, 9], "texture": "#0"},
				"east": {"uv": [7.5, 8.5, 8, 9], "rotation": 90, "texture": "#0"},
				"south": {"uv": [7.5, 8.5, 8, 9], "texture": "#0"},
				"west": {"uv": [7.5, 8.5, 8, 9], "rotation": 270, "texture": "#0"},
				"up": {"uv": [7.5, 8.5, 8, 9], "texture": "#0"},
				"down": {"uv": [7.5, 9, 8, 8.5], "texture": "#0"}
			}
		},
		{
			"name": "iron_sword_35",
			"from": [5.5, 0, 9],
			"to": [6, 0.5, 9.5],
			"faces": {
				"north": {"uv": [6, 9, 5.5, 9.5], "texture": "#0"},
				"east": {"uv": [5.5, 9, 6, 9.5], "rotation": 90, "texture": "#0"},
				"south": {"uv": [5.5, 9, 6, 9.5], "texture": "#0"},
				"west": {"uv": [5.5, 9, 6, 9.5], "rotation": 270, "texture": "#0"},
				"up": {"uv": [5.5, 9, 6, 9.5], "texture": "#0"},
				"down": {"uv": [5.5, 9.5, 6, 9], "texture": "#0"}
			}
		},
		{
			"name": "iron_sword_36",
			"from": [6, 0, 9],
			"to": [6.5, 0.5, 9.5],
			"faces": {
				"north": {"uv": [6.5, 9, 6, 9.5], "texture": "#0"},
				"east": {"uv": [6, 9, 6.5, 9.5], "rotation": 90, "texture": "#0"},
				"south": {"uv": [6, 9, 6.5, 9.5], "texture": "#0"},
				"west": {"uv": [6, 9, 6.5, 9.5], "rotation": 270, "texture": "#0"},
				"up": {"uv": [6, 9, 6.5, 9.5], "texture": "#0"},
				"down": {"uv": [6, 9.5, 6.5, 9], "texture": "#0"}
			}
		},
		{
			"name": "iron_sword_37",
			"from": [6.5, 0, 9],
			"to": [7, 0.5, 9.5],
			"faces": {
				"north": {"uv": [7, 9, 6.5, 9.5], "texture": "#0"},
				"east": {"uv": [6.5, 9, 7, 9.5], "rotation": 90, "texture": "#0"},
				"south": {"uv": [6.5, 9, 7, 9.5], "texture": "#0"},
				"west": {"uv": [6.5, 9, 7, 9.5], "rotation": 270, "texture": "#0"},
				"up": {"uv": [6.5, 9, 7, 9.5], "texture": "#0"},
				"down": {"uv": [6.5, 9.5, 7, 9], "texture": "#0"}
			}
		},
		{
			"name": "iron_sword_38",
			"from": [7, 0, 9],
			"to": [7.5, 0.5, 9.5],
			"faces": {
				"north": {"uv": [7.5, 9, 7, 9.5], "texture": "#0"},
				"east": {"uv": [7, 9, 7.5, 9.5], "rotation": 90, "texture": "#0"},
				"south": {"uv": [7, 9, 7.5, 9.5], "texture": "#0"},
				"west": {"uv": [7, 9, 7.5, 9.5], "rotation": 270, "texture": "#0"},
				"up": {"uv": [7, 9, 7.5, 9.5], "texture": "#0"},
				"down": {"uv": [7, 9.5, 7.5, 9], "texture": "#0"}
			}
		},
		{
			"name": "iron_sword_39",
			"from": [5, 0, 9.5],
			"to": [5.5, 0.5, 10],
			"faces": {
				"north": {"uv": [5.5, 9.5, 5, 10], "texture": "#0"},
				"east": {"uv": [5, 9.5, 5.5, 10], "rotation": 90, "texture": "#0"},
				"south": {"uv": [5, 9.5, 5.5, 10], "texture": "#0"},
				"west": {"uv": [5, 9.5, 5.5, 10], "rotation": 270, "texture": "#0"},
				"up": {"uv": [5, 9.5, 5.5, 10], "texture": "#0"},
				"down": {"uv": [5, 10, 5.5, 9.5], "texture": "#0"}
			}
		},
		{
			"name": "iron_sword_40",
			"from": [5.5, 0, 9.5],
			"to": [6, 0.5, 10],
			"faces": {
				"north": {"uv": [6, 9.5, 5.5, 10], "texture": "#0"},
				"east": {"uv": [5.5, 9.5, 6, 10], "rotation": 90, "texture": "#0"},
				"south": {"uv": [5.5, 9.5, 6, 10], "texture": "#0"},
				"west": {"uv": [5.5, 9.5, 6, 10], "rotation": 270, "texture": "#0"},
				"up": {"uv": [5.5, 9.5, 6, 10], "texture": "#0"},
				"down": {"uv": [5.5, 10, 6, 9.5], "texture": "#0"}
			}
		},
		{
			"name": "iron_sword_41",
			"from": [6, 0, 9.5],
			"to": [6.5, 0.5, 10],
			"faces": {
				"north": {"uv": [6.5, 9.5, 6, 10], "texture": "#0"},
				"east": {"uv": [6, 9.5, 6.5, 10], "rotation": 90, "texture": "#0"},
				"south": {"uv": [6, 9.5, 6.5, 10], "texture": "#0"},
				"west": {"uv": [6, 9.5, 6.5, 10], "rotation": 270, "texture": "#0"},
				"up": {"uv": [6, 9.5, 6.5, 10], "texture": "#0"},
				"down": {"uv": [6, 10, 6.5, 9.5], "texture": "#0"}
			}
		},
		{
			"name": "iron_sword_42",
			"from": [6.5, 0, 9.5],
			"to": [7, 0.5, 10],
			"faces": {
				"north": {"uv": [7, 9.5, 6.5, 10], "texture": "#0"},
				"east": {"uv": [6.5, 9.5, 7, 10], "rotation": 90, "texture": "#0"},
				"south": {"uv": [6.5, 9.5, 7, 10], "texture": "#0"},
				"west": {"uv": [6.5, 9.5, 7, 10], "rotation": 270, "texture": "#0"},
				"up": {"uv": [6.5, 9.5, 7, 10], "texture": "#0"},
				"down": {"uv": [6.5, 10, 7, 9.5], "texture": "#0"}
			}
		},
		{
			"name": "iron_sword_43",
			"from": [4.5, 0, 10],
			"to": [5, 0.5, 10.5],
			"faces": {
				"north": {"uv": [5, 10, 4.5, 10.5], "texture": "#0"},
				"east": {"uv": [4.5, 10, 5, 10.5], "rotation": 90, "texture": "#0"},
				"south": {"uv": [4.5, 10, 5, 10.5], "texture": "#0"},
				"west": {"uv": [4.5, 10, 5, 10.5], "rotation": 270, "texture": "#0"},
				"up": {"uv": [4.5, 10, 5, 10.5], "texture": "#0"},
				"down": {"uv": [4.5, 10.5, 5, 10], "texture": "#0"}
			}
		},
		{
			"name": "iron_sword_44",
			"from": [5, 0, 10],
			"to": [5.5, 0.5, 10.5],
			"faces": {
				"north": {"uv": [5.5, 10, 5, 10.5], "texture": "#0"},
				"east": {"uv": [5, 10, 5.5, 10.5], "rotation": 90, "texture": "#0"},
				"south": {"uv": [5, 10, 5.5, 10.5], "texture": "#0"},
				"west": {"uv": [5, 10, 5.5, 10.5], "rotation": 270, "texture": "#0"},
				"up": {"uv": [5, 10, 5.5, 10.5], "texture": "#0"},
				"down": {"uv": [5, 10.5, 5.5, 10], "texture": "#0"}
			}
		},
		{
			"name": "iron_sword_45",
			"from": [5.5, 0, 10],
			"to": [6, 0.5, 10.5],
			"faces": {
				"north": {"uv": [6, 10, 5.5, 10.5], "texture": "#0"},
				"east": {"uv": [5.5, 10, 6, 10.5], "rotation": 90, "texture": "#0"},
				"south": {"uv": [5.5, 10, 6, 10.5], "texture": "#0"},
				"west": {"uv": [5.5, 10, 6, 10.5], "rotation": 270, "texture": "#0"},
				"up": {"uv": [5.5, 10, 6, 10.5], "texture": "#0"},
				"down": {"uv": [5.5, 10.5, 6, 10], "texture": "#0"}
			}
		},
		{
			"name": "iron_sword_46",
			"from": [6, 0, 10],
			"to": [6.5, 0.5, 10.5],
			"faces": {
				"north": {"uv": [6.5, 10, 6, 10.5], "texture": "#0"},
				"east": {"uv": [6, 10, 6.5, 10.5], "rotation": 90, "texture": "#0"},
				"south": {"uv": [6, 10, 6.5, 10.5], "texture": "#0"},
				"west": {"uv": [6, 10, 6.5, 10.5], "rotation": 270, "texture": "#0"},
				"up": {"uv": [6, 10, 6.5, 10.5], "texture": "#0"},
				"down": {"uv": [6, 10.5, 6.5, 10], "texture": "#0"}
			}
		},
		{
			"name": "iron_sword_47",
			"from": [4, 0, 10.5],
			"to": [4.5, 0.5, 11],
			"faces": {
				"north": {"uv": [4.5, 10.5, 4, 11], "texture": "#0"},
				"east": {"uv": [4, 10.5, 4.5, 11], "rotation": 90, "texture": "#0"},
				"south": {"uv": [4, 10.5, 4.5, 11], "texture": "#0"},
				"west": {"uv": [4, 10.5, 4.5, 11], "rotation": 270, "texture": "#0"},
				"up": {"uv": [4, 10.5, 4.5, 11], "texture": "#0"},
				"down": {"uv": [4, 11, 4.5, 10.5], "texture": "#0"}
			}
		},
		{
			"name": "iron_sword_48",
			"from": [4.5, 0, 10.5],
			"to": [5, 0.5, 11],
			"faces": {
				"north": {"uv": [5, 10.5, 4.5, 11], "texture": "#0"},
				"east": {"uv": [4.5, 10.5, 5, 11], "rotation": 90, "texture": "#0"},
				"south": {"uv": [4.5, 10.5, 5, 11], "texture": "#0"},
				"west": {"uv": [4.5, 10.5, 5, 11], "rotation": 270, "texture": "#0"},
				"up": {"uv": [4.5, 10.5, 5, 11], "texture": "#0"},
				"down": {"uv": [4.5, 11, 5, 10.5], "texture": "#0"}
			}
		},
		{
			"name": "iron_sword_49",
			"from": [5, 0, 10.5],
			"to": [5.5, 0.5, 11],
			"faces": {
				"north": {"uv": [5.5, 10.5, 5, 11], "texture": "#0"},
				"east": {"uv": [5, 10.5, 5.5, 11], "rotation": 90, "texture": "#0"},
				"south": {"uv": [5, 10.5, 5.5, 11], "texture": "#0"},
				"west": {"uv": [5, 10.5, 5.5, 11], "rotation": 270, "texture": "#0"},
				"up": {"uv": [5, 10.5, 5.5, 11], "texture": "#0"},
				"down": {"uv": [5, 11, 5.5, 10.5], "texture": "#0"}
			}
		},
		{
			"name": "iron_sword_50",
			"from": [5.5, 0, 10.5],
			"to": [6, 0.5, 11],
			"faces": {
				"north": {"uv": [6, 10.5, 5.5, 11], "texture": "#0"},
				"east": {"uv": [5.5, 10.5, 6, 11], "rotation": 90, "texture": "#0"},
				"south": {"uv": [5.5, 10.5, 6, 11], "texture": "#0"},
				"west": {"uv": [5.5, 10.5, 6, 11], "rotation": 270, "texture": "#0"},
				"up": {"uv": [5.5, 10.5, 6, 11], "texture": "#0"},
				"down": {"uv": [5.5, 11, 6, 10.5], "texture": "#0"}
			}
		},
		{
			"name": "iron_sword_51",
			"from": [3.5, 0, 11],
			"to": [4, 0.5, 11.5],
			"faces": {
				"north": {"uv": [4, 11, 3.5, 11.5], "texture": "#0"},
				"east": {"uv": [3.5, 11, 4, 11.5], "rotation": 90, "texture": "#0"},
				"south": {"uv": [3.5, 11, 4, 11.5], "texture": "#0"},
				"west": {"uv": [3.5, 11, 4, 11.5], "rotation": 270, "texture": "#0"},
				"up": {"uv": [3.5, 11, 4, 11.5], "texture": "#0"},
				"down": {"uv": [3.5, 11.5, 4, 11], "texture": "#0"}
			}
		},
		{
			"name": "iron_sword_52",
			"from": [4, 0, 11],
			"to": [4.5, 0.5, 11.5],
			"faces": {
				"north": {"uv": [4.5, 11, 4, 11.5], "texture": "#0"},
				"east": {"uv": [4, 11, 4.5, 11.5], "rotation": 90, "texture": "#0"},
				"south": {"uv": [4, 11, 4.5, 11.5], "texture": "#0"},
				"west": {"uv": [4, 11, 4.5, 11.5], "rotation": 270, "texture": "#0"},
				"up": {"uv": [4, 11, 4.5, 11.5], "texture": "#0"},
				"down": {"uv": [4, 11.5, 4.5, 11], "texture": "#0"}
			}
		},
		{
			"name": "iron_sword_53",
			"from": [4.5, 0, 11],
			"to": [5, 0.5, 11.5],
			"faces": {
				"north": {"uv": [5, 11, 4.5, 11.5], "texture": "#0"},
				"east": {"uv": [4.5, 11, 5, 11.5], "rotation": 90, "texture": "#0"},
				"south": {"uv": [4.5, 11, 5, 11.5], "texture": "#0"},
				"west": {"uv": [4.5, 11, 5, 11.5], "rotation": 270, "texture": "#0"},
				"up": {"uv": [4.5, 11, 5, 11.5], "texture": "#0"},
				"down": {"uv": [4.5, 11.5, 5, 11], "texture": "#0"}
			}
		},
		{
			"name": "iron_sword_54",
			"from": [5, 0, 11],
			"to": [5.5, 0.5, 11.5],
			"faces": {
				"north": {"uv": [5.5, 11, 5, 11.5], "texture": "#0"},
				"east": {"uv": [5, 11, 5.5, 11.5], "rotation": 90, "texture": "#0"},
				"south": {"uv": [5, 11, 5.5, 11.5], "texture": "#0"},
				"west": {"uv": [5, 11, 5.5, 11.5], "rotation": 270, "texture": "#0"},
				"up": {"uv": [5, 11, 5.5, 11.5], "texture": "#0"},
				"down": {"uv": [5, 11.5, 5.5, 11], "texture": "#0"}
			}
		},
		{
			"name": "iron_sword_55",
			"from": [2.5, 0, 11.5],
			"to": [3, 0.5, 12],
			"faces": {
				"north": {"uv": [3, 11.5, 2.5, 12], "texture": "#0"},
				"east": {"uv": [2.5, 11.5, 3, 12], "rotation": 90, "texture": "#0"},
				"south": {"uv": [2.5, 11.5, 3, 12], "texture": "#0"},
				"west": {"uv": [2.5, 11.5, 3, 12], "rotation": 270, "texture": "#0"},
				"up": {"uv": [2.5, 11.5, 3, 12], "texture": "#0"},
				"down": {"uv": [2.5, 12, 3, 11.5], "texture": "#0"}
			}
		},
		{
			"name": "iron_sword_56",
			"from": [3, 0, 11.5],
			"to": [3.5, 0.5, 12],
			"faces": {
				"north": {"uv": [3.5, 11.5, 3, 12], "texture": "#0"},
				"east": {"uv": [3, 11.5, 3.5, 12], "rotation": 90, "texture": "#0"},
				"south": {"uv": [3, 11.5, 3.5, 12], "texture": "#0"},
				"west": {"uv": [3, 11.5, 3.5, 12], "rotation": 270, "texture": "#0"},
				"up": {"uv": [3, 11.5, 3.5, 12], "texture": "#0"},
				"down": {"uv": [3, 12, 3.5, 11.5], "texture": "#0"}
			}
		},
		{
			"name": "iron_sword_57",
			"from": [3.5, 0, 11.5],
			"to": [4, 0.5, 12],
			"faces": {
				"north": {"uv": [4, 11.5, 3.5, 12], "texture": "#0"},
				"east": {"uv": [3.5, 11.5, 4, 12], "rotation": 90, "texture": "#0"},
				"south": {"uv": [3.5, 11.5, 4, 12], "texture": "#0"},
				"west": {"uv": [3.5, 11.5, 4, 12], "rotation": 270, "texture": "#0"},
				"up": {"uv": [3.5, 11.5, 4, 12], "texture": "#0"},
				"down": {"uv": [3.5, 12, 4, 11.5], "texture": "#0"}
			}
		},
		{
			"name": "iron_sword_58",
			"from": [4, 0, 11.5],
			"to": [4.5, 0.5, 12],
			"faces": {
				"north": {"uv": [4.5, 11.5, 4, 12], "texture": "#0"},
				"east": {"uv": [4, 11.5, 4.5, 12], "rotation": 90, "texture": "#0"},
				"south": {"uv": [4, 11.5, 4.5, 12], "texture": "#0"},
				"west": {"uv": [4, 11.5, 4.5, 12], "rotation": 270, "texture": "#0"},
				"up": {"uv": [4, 11.5, 4.5, 12], "texture": "#0"},
				"down": {"uv": [4, 12, 4.5, 11.5], "texture": "#0"}
			}
		},
		{
			"name": "iron_sword_59",
			"from": [4.5, 0, 11.5],
			"to": [5, 0.5, 12],
			"faces": {
				"north": {"uv": [5, 11.5, 4.5, 12], "texture": "#0"},
				"east": {"uv": [4.5, 11.5, 5, 12], "rotation": 90, "texture": "#0"},
				"south": {"uv": [4.5, 11.5, 5, 12], "texture": "#0"},
				"west": {"uv": [4.5, 11.5, 5, 12], "rotation": 270, "texture": "#0"},
				"up": {"uv": [4.5, 11.5, 5, 12], "texture": "#0"},
				"down": {"uv": [4.5, 12, 5, 11.5], "texture": "#0"}
			}
		},
		{
			"name": "iron_sword_60",
			"from": [1.5, 0, 12],
			"to": [2, 0.5, 12.5],
			"faces": {
				"north": {"uv": [2, 12, 1.5, 12.5], "texture": "#0"},
				"east": {"uv": [1.5, 12, 2, 12.5], "rotation": 90, "texture": "#0"},
				"south": {"uv": [1.5, 12, 2, 12.5], "texture": "#0"},
				"west": {"uv": [1.5, 12, 2, 12.5], "rotation": 270, "texture": "#0"},
				"up": {"uv": [1.5, 12, 2, 12.5], "texture": "#0"},
				"down": {"uv": [1.5, 12.5, 2, 12], "texture": "#0"}
			}
		},
		{
			"name": "iron_sword_61",
			"from": [2, 0, 12],
			"to": [2.5, 0.5, 12.5],
			"faces": {
				"north": {"uv": [2.5, 12, 2, 12.5], "texture": "#0"},
				"east": {"uv": [2, 12, 2.5, 12.5], "rotation": 90, "texture": "#0"},
				"south": {"uv": [2, 12, 2.5, 12.5], "texture": "#0"},
				"west": {"uv": [2, 12, 2.5, 12.5], "rotation": 270, "texture": "#0"},
				"up": {"uv": [2, 12, 2.5, 12.5], "texture": "#0"},
				"down": {"uv": [2, 12.5, 2.5, 12], "texture": "#0"}
			}
		},
		{
			"name": "iron_sword_62",
			"from": [3, 0, 12],
			"to": [3.5, 0.5, 12.5],
			"faces": {
				"north": {"uv": [3.5, 12, 3, 12.5], "texture": "#0"},
				"east": {"uv": [3, 12, 3.5, 12.5], "rotation": 90, "texture": "#0"},
				"south": {"uv": [3, 12, 3.5, 12.5], "texture": "#0"},
				"west": {"uv": [3, 12, 3.5, 12.5], "rotation": 270, "texture": "#0"},
				"up": {"uv": [3, 12, 3.5, 12.5], "texture": "#0"},
				"down": {"uv": [3, 12.5, 3.5, 12], "texture": "#0"}
			}
		},
		{
			"name": "iron_sword_63",
			"from": [3.5, 0, 12],
			"to": [4, 0.5, 12.5],
			"faces": {
				"north": {"uv": [4, 12, 3.5, 12.5], "texture": "#0"},
				"east": {"uv": [3.5, 12, 4, 12.5], "rotation": 90, "texture": "#0"},
				"south": {"uv": [3.5, 12, 4, 12.5], "texture": "#0"},
				"west": {"uv": [3.5, 12, 4, 12.5], "rotation": 270, "texture": "#0"},
				"up": {"uv": [3.5, 12, 4, 12.5], "texture": "#0"},
				"down": {"uv": [3.5, 12.5, 4, 12], "texture": "#0"}
			}
		},
		{
			"name": "iron_sword_64",
			"from": [4, 0, 12],
			"to": [4.5, 0.5, 12.5],
			"faces": {
				"north": {"uv": [4.5, 12, 4, 12.5], "texture": "#0"},
				"east": {"uv": [4, 12, 4.5, 12.5], "rotation": 90, "texture": "#0"},
				"south": {"uv": [4, 12, 4.5, 12.5], "texture": "#0"},
				"west": {"uv": [4, 12, 4.5, 12.5], "rotation": 270, "texture": "#0"},
				"up": {"uv": [4, 12, 4.5, 12.5], "texture": "#0"},
				"down": {"uv": [4, 12.5, 4.5, 12], "texture": "#0"}
			}
		},
		{
			"name": "iron_sword_65",
			"from": [2.5, 0, 12.5],
			"to": [3, 0.5, 13],
			"faces": {
				"north": {"uv": [3, 12.5, 2.5, 13], "texture": "#0"},
				"east": {"uv": [2.5, 12.5, 3, 13], "rotation": 90, "texture": "#0"},
				"south": {"uv": [2.5, 12.5, 3, 13], "texture": "#0"},
				"west": {"uv": [2.5, 12.5, 3, 13], "rotation": 270, "texture": "#0"},
				"up": {"uv": [2.5, 12.5, 3, 13], "texture": "#0"},
				"down": {"uv": [2.5, 13, 3, 12.5], "texture": "#0"}
			}
		},
		{
			"name": "iron_sword_66",
			"from": [3, 0, 12.5],
			"to": [3.5, 0.5, 13],
			"faces": {
				"north": {"uv": [3.5, 12.5, 3, 13], "texture": "#0"},
				"east": {"uv": [3, 12.5, 3.5, 13], "rotation": 90, "texture": "#0"},
				"south": {"uv": [3, 12.5, 3.5, 13], "texture": "#0"},
				"west": {"uv": [3, 12.5, 3.5, 13], "rotation": 270, "texture": "#0"},
				"up": {"uv": [3, 12.5, 3.5, 13], "texture": "#0"},
				"down": {"uv": [3, 13, 3.5, 12.5], "texture": "#0"}
			}
		},
		{
			"name": "iron_sword_67",
			"from": [3.5, 0, 12.5],
			"to": [4, 0.5, 13],
			"faces": {
				"north": {"uv": [4, 12.5, 3.5, 13], "texture": "#0"},
				"east": {"uv": [3.5, 12.5, 4, 13], "rotation": 90, "texture": "#0"},
				"south": {"uv": [3.5, 12.5, 4, 13], "texture": "#0"},
				"west": {"uv": [3.5, 12.5, 4, 13], "rotation": 270, "texture": "#0"},
				"up": {"uv": [3.5, 12.5, 4, 13], "texture": "#0"},
				"down": {"uv": [3.5, 13, 4, 12.5], "texture": "#0"}
			}
		},
		{
			"name": "iron_sword_69",
			"from": [2, 0, 13],
			"to": [2.5, 0.5, 13.5],
			"faces": {
				"north": {"uv": [2.5, 13, 2, 13.5], "texture": "#0"},
				"east": {"uv": [2, 13, 2.5, 13.5], "rotation": 90, "texture": "#0"},
				"south": {"uv": [2, 13, 2.5, 13.5], "texture": "#0"},
				"west": {"uv": [2, 13, 2.5, 13.5], "rotation": 270, "texture": "#0"},
				"up": {"uv": [2, 13, 2.5, 13.5], "texture": "#0"},
				"down": {"uv": [2, 13.5, 2.5, 13], "texture": "#0"}
			}
		},
		{
			"name": "iron_sword_70",
			"from": [2.5, 0, 13],
			"to": [3, 0.5, 13.5],
			"faces": {
				"north": {"uv": [3, 13, 2.5, 13.5], "texture": "#0"},
				"east": {"uv": [2.5, 13, 3, 13.5], "rotation": 90, "texture": "#0"},
				"south": {"uv": [2.5, 13, 3, 13.5], "texture": "#0"},
				"west": {"uv": [2.5, 13, 3, 13.5], "rotation": 270, "texture": "#0"},
				"up": {"uv": [2.5, 13, 3, 13.5], "texture": "#0"},
				"down": {"uv": [2.5, 13.5, 3, 13], "texture": "#0"}
			}
		},
		{
			"name": "iron_sword_71",
			"from": [3, 0, 13],
			"to": [3.5, 0.5, 13.5],
			"faces": {
				"north": {"uv": [3.5, 13, 3, 13.5], "texture": "#0"},
				"east": {"uv": [3, 13, 3.5, 13.5], "rotation": 90, "texture": "#0"},
				"south": {"uv": [3, 13, 3.5, 13.5], "texture": "#0"},
				"west": {"uv": [3, 13, 3.5, 13.5], "rotation": 270, "texture": "#0"},
				"up": {"uv": [3, 13, 3.5, 13.5], "texture": "#0"},
				"down": {"uv": [3, 13.5, 3.5, 13], "texture": "#0"}
			}
		},
		{
			"name": "iron_sword_72",
			"from": [1.5, 0, 13.5],
			"to": [2, 0.5, 14],
			"faces": {
				"north": {"uv": [2, 13.5, 1.5, 14], "texture": "#0"},
				"east": {"uv": [1.5, 13.5, 2, 14], "rotation": 90, "texture": "#0"},
				"south": {"uv": [1.5, 13.5, 2, 14], "texture": "#0"},
				"west": {"uv": [1.5, 13.5, 2, 14], "rotation": 270, "texture": "#0"},
				"up": {"uv": [1.5, 13.5, 2, 14], "texture": "#0"},
				"down": {"uv": [1.5, 14, 2, 13.5], "texture": "#0"}
			}
		},
		{
			"name": "iron_sword_73",
			"from": [2, 0, 13.5],
			"to": [2.5, 0.5, 14],
			"faces": {
				"north": {"uv": [2.5, 13.5, 2, 14], "texture": "#0"},
				"east": {"uv": [2, 13.5, 2.5, 14], "rotation": 90, "texture": "#0"},
				"south": {"uv": [2, 13.5, 2.5, 14], "texture": "#0"},
				"west": {"uv": [2, 13.5, 2.5, 14], "rotation": 270, "texture": "#0"},
				"up": {"uv": [2, 13.5, 2.5, 14], "texture": "#0"},
				"down": {"uv": [2, 14, 2.5, 13.5], "texture": "#0"}
			}
		},
		{
			"name": "iron_sword_74",
			"from": [2.5, 0, 13.5],
			"to": [3, 0.5, 14],
			"faces": {
				"north": {"uv": [3, 13.5, 2.5, 14], "texture": "#0"},
				"east": {"uv": [2.5, 13.5, 3, 14], "rotation": 90, "texture": "#0"},
				"south": {"uv": [2.5, 13.5, 3, 14], "texture": "#0"},
				"west": {"uv": [2.5, 13.5, 3, 14], "rotation": 270, "texture": "#0"},
				"up": {"uv": [2.5, 13.5, 3, 14], "texture": "#0"},
				"down": {"uv": [2.5, 14, 3, 13.5], "texture": "#0"}
			}
		},
		{
			"name": "iron_sword_75",
			"from": [1, 0, 14],
			"to": [1.5, 0.5, 14.5],
			"faces": {
				"north": {"uv": [1.5, 14, 1, 14.5], "texture": "#0"},
				"east": {"uv": [1, 14, 1.5, 14.5], "rotation": 90, "texture": "#0"},
				"south": {"uv": [1, 14, 1.5, 14.5], "texture": "#0"},
				"west": {"uv": [1, 14, 1.5, 14.5], "rotation": 270, "texture": "#0"},
				"up": {"uv": [1, 14, 1.5, 14.5], "texture": "#0"},
				"down": {"uv": [1, 14.5, 1.5, 14], "texture": "#0"}
			}
		},
		{
			"name": "iron_sword_76",
			"from": [1.5, 0, 14],
			"to": [2, 0.5, 14.5],
			"faces": {
				"north": {"uv": [2, 14, 1.5, 14.5], "texture": "#0"},
				"east": {"uv": [1.5, 14, 2, 14.5], "rotation": 90, "texture": "#0"},
				"south": {"uv": [1.5, 14, 2, 14.5], "texture": "#0"},
				"west": {"uv": [1.5, 14, 2, 14.5], "rotation": 270, "texture": "#0"},
				"up": {"uv": [1.5, 14, 2, 14.5], "texture": "#0"},
				"down": {"uv": [1.5, 14.5, 2, 14], "texture": "#0"}
			}
		},
		{
			"name": "iron_sword_77",
			"from": [2, 0, 14],
			"to": [2.5, 0.5, 14.5],
			"faces": {
				"north": {"uv": [2.5, 14, 2, 14.5], "texture": "#0"},
				"east": {"uv": [2, 14, 2.5, 14.5], "rotation": 90, "texture": "#0"},
				"south": {"uv": [2, 14, 2.5, 14.5], "texture": "#0"},
				"west": {"uv": [2, 14, 2.5, 14.5], "rotation": 270, "texture": "#0"},
				"up": {"uv": [2, 14, 2.5, 14.5], "texture": "#0"},
				"down": {"uv": [2, 14.5, 2.5, 14], "texture": "#0"}
			}
		},
		{
			"name": "iron_sword_78",
			"from": [0.5, 0, 14.5],
			"to": [1, 0.5, 15],
			"faces": {
				"north": {"uv": [1, 14.5, 0.5, 15], "texture": "#0"},
				"east": {"uv": [0.5, 14.5, 1, 15], "rotation": 90, "texture": "#0"},
				"south": {"uv": [0.5, 14.5, 1, 15], "texture": "#0"},
				"west": {"uv": [0.5, 14.5, 1, 15], "rotation": 270, "texture": "#0"},
				"up": {"uv": [0.5, 14.5, 1, 15], "texture": "#0"},
				"down": {"uv": [0.5, 15, 1, 14.5], "texture": "#0"}
			}
		},
		{
			"name": "iron_sword_79",
			"from": [1, 0, 14.5],
			"to": [1.5, 0.5, 15],
			"faces": {
				"north": {"uv": [1.5, 14.5, 1, 15], "texture": "#0"},
				"east": {"uv": [1, 14.5, 1.5, 15], "rotation": 90, "texture": "#0"},
				"south": {"uv": [1, 14.5, 1.5, 15], "texture": "#0"},
				"west": {"uv": [1, 14.5, 1.5, 15], "rotation": 270, "texture": "#0"},
				"up": {"uv": [1, 14.5, 1.5, 15], "texture": "#0"},
				"down": {"uv": [1, 15, 1.5, 14.5], "texture": "#0"}
			}
		},
		{
			"name": "iron_sword_80",
			"from": [1.5, 0, 14.5],
			"to": [2, 0.5, 15],
			"faces": {
				"north": {"uv": [2, 14.5, 1.5, 15], "texture": "#0"},
				"east": {"uv": [1.5, 14.5, 2, 15], "rotation": 90, "texture": "#0"},
				"south": {"uv": [1.5, 14.5, 2, 15], "texture": "#0"},
				"west": {"uv": [1.5, 14.5, 2, 15], "rotation": 270, "texture": "#0"},
				"up": {"uv": [1.5, 14.5, 2, 15], "texture": "#0"},
				"down": {"uv": [1.5, 15, 2, 14.5], "texture": "#0"}
			}
		},
		{
			"name": "iron_sword_81",
			"from": [0, 0, 15],
			"to": [0.5, 0.5, 15.5],
			"faces": {
				"north": {"uv": [0.5, 15, 0, 15.5], "texture": "#0"},
				"east": {"uv": [0, 15, 0.5, 15.5], "rotation": 90, "texture": "#0"},
				"south": {"uv": [0, 15, 0.5, 15.5], "texture": "#0"},
				"west": {"uv": [0, 15, 0.5, 15.5], "rotation": 270, "texture": "#0"},
				"up": {"uv": [0, 15, 0.5, 15.5], "texture": "#0"},
				"down": {"uv": [0, 15.5, 0.5, 15], "texture": "#0"}
			}
		},
		{
			"name": "iron_sword_82",
			"from": [0.5, 0, 15],
			"to": [1, 0.5, 15.5],
			"faces": {
				"north": {"uv": [1, 15, 0.5, 15.5], "texture": "#0"},
				"east": {"uv": [0.5, 15, 1, 15.5], "rotation": 90, "texture": "#0"},
				"south": {"uv": [0.5, 15, 1, 15.5], "texture": "#0"},
				"west": {"uv": [0.5, 15, 1, 15.5], "rotation": 270, "texture": "#0"},
				"up": {"uv": [0.5, 15, 1, 15.5], "texture": "#0"},
				"down": {"uv": [0.5, 15.5, 1, 15], "texture": "#0"}
			}
		},
		{
			"name": "iron_sword_83",
			"from": [1, 0, 15],
			"to": [1.5, 0.5, 15.5],
			"faces": {
				"north": {"uv": [1.5, 15, 1, 15.5], "texture": "#0"},
				"east": {"uv": [1, 15, 1.5, 15.5], "rotation": 90, "texture": "#0"},
				"south": {"uv": [1, 15, 1.5, 15.5], "texture": "#0"},
				"west": {"uv": [1, 15, 1.5, 15.5], "rotation": 270, "texture": "#0"},
				"up": {"uv": [1, 15, 1.5, 15.5], "texture": "#0"},
				"down": {"uv": [1, 15.5, 1.5, 15], "texture": "#0"}
			}
		},
		{
			"name": "iron_sword_84",
			"from": [0, 0, 15.5],
			"to": [0.5, 0.5, 16],
			"faces": {
				"north": {"uv": [0.5, 15.5, 0, 16], "texture": "#0"},
				"east": {"uv": [0, 15.5, 0.5, 16], "rotation": 90, "texture": "#0"},
				"south": {"uv": [0, 15.5, 0.5, 16], "texture": "#0"},
				"west": {"uv": [0, 15.5, 0.5, 16], "rotation": 270, "texture": "#0"},
				"up": {"uv": [0, 15.5, 0.5, 16], "texture": "#0"},
				"down": {"uv": [0, 16, 0.5, 15.5], "texture": "#0"}
			}
		},
		{
			"name": "iron_sword_85",
			"from": [0.5, 0, 15.5],
			"to": [1, 0.5, 16],
			"faces": {
				"north": {"uv": [1, 15.5, 0.5, 16], "texture": "#0"},
				"east": {"uv": [0.5, 15.5, 1, 16], "rotation": 90, "texture": "#0"},
				"south": {"uv": [0.5, 15.5, 1, 16], "texture": "#0"},
				"west": {"uv": [0.5, 15.5, 1, 16], "rotation": 270, "texture": "#0"},
				"up": {"uv": [0.5, 15.5, 1, 16], "texture": "#0"},
				"down": {"uv": [0.5, 16, 1, 15.5], "texture": "#0"}
			}
		}
	],
	"gui_light": "front",
	"overrides": [
		{"predicate": {"damaged": 1, "damage": 0.85}, "model": "item/diamond_sword_1"}
	],
	"display": {
		"thirdperson_righthand": {
			"rotation": [35, 0, 90],
			"translation": [-12.25, 10.75, -0.75],
			"scale": [1.6, 1.6, 1.6]
		},
		"thirdperson_lefthand": {
			"rotation": [-145, -180, 90],
			"translation": [12.25, 10.75, -0.75],
			"scale": [1.6, 1.6, 1.6]
		},
		"firstperson_righthand": {
			"rotation": [15, 0, 90],
			"translation": [-8.5, 8, 0],
			"scale": [1.5, 1.5, 0.8]
		},
		"firstperson_lefthand": {
			"rotation": [15, 0, -90],
			"translation": [14.5, 8, 0],
			"scale": [1.5, 1.5, 0.8]
		},
		"ground": {
			"rotation": [90, 15, 0],
			"translation": [0, 0.5, 0],
			"scale": [0.7, 0.7, 0.7]
		},
		"gui": {
			"rotation": [90, 0, 0],
			"translation": [2.5, 2.5, 0],
			"scale": [1.3, 1.3, 1.3]
		},
		"head": {
			"rotation": [90, -180, 0],
			"translation": [-2, -17.5, 21],
			"scale": [2, 2, 2]
		},
		"fixed": {
			"rotation": [90, 0, -180],
			"translation": [-3, 3, -13.25],
			"scale": [1.6, 1.6, 1.6]
		}
	},
	"groups": [
		{
			"name": "iron_sword",
			"origin": [8, 8, 8],
			"color": 0,
			"children": [
				0,
				1,
				2,
				3,
				4,
				5,
				6,
				7,
				8,
				9,
				10,
				11,
				12,
				13,
				14,
				15,
				16,
				17,
				18,
				19,
				20,
				21,
				22,
				23,
				24,
				25,
				26,
				27,
				28,
				29,
				30,
				31,
				32,
				33,
				34,
				35,
				36,
				37,
				38,
				39,
				40,
				41,
				42,
				43,
				44,
				45,
				46,
				47,
				48,
				49,
				50,
				51,
				52,
				53,
				54,
				55,
				56,
				57,
				58,
				59,
				60,
				61,
				62,
				63,
				64,
				65,
				66,
				67,
				68,
				69,
				70,
				71,
				72,
				73,
				74,
				75,
				76,
				77,
				78,
				79,
				80,
				81,
				82,
				83,
				84
			]
		}
	]
}