{
	"credit": "Made with Blockbench",
	"textures": {
		"0": "item/netherite_sword/madoka/blade",
		"1": "item/netherite_sword/madoka/shaft",
		"2": "item/netherite_sword/madoka/handle",
		"particle": "item/netherite_sword/madoka/blade"
	},
	"elements": [
		{
			"from": [8.3125, 9, 7.1875],
			"to": [8.4375, 26, 8.375],
			"rotation": {"angle": 0, "axis": "y", "origin": [8.375, 18.25, 7.96875]},
			"faces": {
				"north": {"uv": [2, 0, 2.125, 8.5], "texture": "#0"},
				"east": {"uv": [0, 0, 0.625, 8.5], "texture": "#0"},
				"south": {"uv": [2.5, 0, 2.625, 8.5], "texture": "#0"},
				"west": {"uv": [1, 0, 1.625, 8.5], "texture": "#0"},
				"up": {"uv": [3.625, 1.625, 3.5, 1], "texture": "#0"},
				"down": {"uv": [3.625, 2, 3.5, 2.625], "texture": "#0"}
			}
		},
		{
			"from": [8.3125, 8.5, 7.4375],
			"to": [8.4375, 9, 8.375],
			"rotation": {"angle": 0, "axis": "y", "origin": [8.375, 8.75, 7.90625]},
			"faces": {
				"north": {"uv": [4, 2, 4.125, 2.25], "texture": "#0"},
				"east": {"uv": [3, 2, 3.5, 2.25], "texture": "#0"},
				"south": {"uv": [4, 2.5, 4.125, 2.75], "texture": "#0"},
				"west": {"uv": [3, 2.5, 3.5, 2.75], "texture": "#0"},
				"up": {"uv": [3.625, 3.5, 3.5, 3], "texture": "#0"},
				"down": {"uv": [3.625, 3.5, 3.5, 4], "texture": "#0"}
			}
		},
		{
			"from": [8.3125, 26, 7.4375],
			"to": [8.4375, 27.5, 8.375],
			"rotation": {"angle": 0, "axis": "y", "origin": [8.375, 18.25, 7.96875]},
			"faces": {
				"north": {"uv": [3, 3, 3.125, 3.75], "texture": "#0"},
				"east": {"uv": [3, 0, 3.5, 0.75], "texture": "#0"},
				"south": {"uv": [3.5, 0, 3.625, 0.75], "texture": "#0"},
				"west": {"uv": [3, 1, 3.5, 1.75], "texture": "#0"},
				"up": {"uv": [4.125, 0.5, 4, 0], "texture": "#0"},
				"down": {"uv": [4.125, 0.5, 4, 1], "texture": "#0"}
			}
		},
		{
			"from": [8.3125, 27.5, 7.9375],
			"to": [8.4375, 28, 8.375],
			"rotation": {"angle": 0, "axis": "y", "origin": [8.375, 18.25, 7.96875]},
			"faces": {
				"north": {"uv": [3, 4, 3.125, 4.25], "texture": "#0"},
				"east": {"uv": [4, 1, 4.25, 1.25], "texture": "#0"},
				"south": {"uv": [4, 3, 4.125, 3.25], "texture": "#0"},
				"west": {"uv": [4, 1.5, 4.25, 1.75], "texture": "#0"},
				"up": {"uv": [3.625, 4.25, 3.5, 4], "texture": "#0"},
				"down": {"uv": [4.125, 3.5, 4, 3.75], "texture": "#0"}
			}
		},
		{
			"from": [8.3125, 27.5, 7.6875],
			"to": [8.4375, 27.75, 7.9375],
			"rotation": {"angle": 0, "axis": "y", "origin": [8.375, 18.25, 7.96875]},
			"faces": {
				"north": {"uv": [3, 4, 3.125, 4.25], "texture": "#0"},
				"east": {"uv": [4, 1, 4.25, 1.25], "texture": "#0"},
				"south": {"uv": [4, 3, 4.125, 3.25], "texture": "#0"},
				"west": {"uv": [4, 1.5, 4.25, 1.75], "texture": "#0"},
				"up": {"uv": [3.625, 4.25, 3.5, 4], "texture": "#0"},
				"down": {"uv": [4.125, 3.5, 4, 3.75], "texture": "#0"}
			}
		},
		{
			"from": [8, 7.75, 7],
			"to": [8.75, 8.5, 8.5],
			"rotation": {"angle": 0, "axis": "y", "origin": [8.375, 8.125, 8.25]},
			"faces": {
				"north": {"uv": [4, 12, 5.5, 13.5], "texture": "#1"},
				"east": {"uv": [10, 8, 13, 9.5], "texture": "#1"},
				"south": {"uv": [8, 12, 9.5, 13.5], "texture": "#1"},
				"west": {"uv": [10, 10, 13, 11.5], "texture": "#1"},
				"up": {"uv": [7.5, 13, 6, 10], "texture": "#1"},
				"down": {"uv": [3.5, 12, 2, 15], "texture": "#1"}
			}
		},
		{
			"from": [8, 7, 6.25],
			"to": [8.75, 7.75, 8.75],
			"rotation": {"angle": 0, "axis": "y", "origin": [8.375, 7.375, 8]},
			"faces": {
				"north": {"uv": [10, 12, 11.5, 13.5], "texture": "#1"},
				"east": {"uv": [8, 2, 13, 3.5], "texture": "#1"},
				"south": {"uv": [12, 12, 13.5, 13.5], "texture": "#1"},
				"west": {"uv": [8, 4, 13, 5.5], "texture": "#1"},
				"up": {"uv": [9.5, 11, 8, 6], "texture": "#1"},
				"down": {"uv": [1.5, 10, 0, 15], "texture": "#1"}
			}
		},
		{
			"from": [7.75, 6, 5.75],
			"to": [9, 7, 9],
			"rotation": {"angle": 0, "axis": "y", "origin": [8.375, 6.5, 7.75]},
			"faces": {
				"north": {"uv": [2, 10, 4.5, 12], "texture": "#1"},
				"east": {"uv": [0, 8, 6.5, 10], "texture": "#1"},
				"south": {"uv": [10, 6, 12.5, 8], "texture": "#1"},
				"west": {"uv": [8, 0, 14.5, 2], "texture": "#1"},
				"up": {"uv": [2.5, 6.5, 0, 0], "texture": "#1"},
				"down": {"uv": [6.5, 0, 4, 6.5], "texture": "#1"}
			}
		},
		{
			"from": [8.25, 1.25, 5.75],
			"to": [8.5, 6, 6],
			"rotation": {"angle": 0, "axis": "y", "origin": [8.375, 3.625, 5.875]},
			"faces": {
				"north": {"uv": [1, 6, 1.25, 10.75], "texture": "#2"},
				"east": {"uv": [2, 6, 2.25, 10.75], "texture": "#2"},
				"south": {"uv": [6, 2, 6.25, 6.75], "texture": "#2"},
				"west": {"uv": [3, 6, 3.25, 10.75], "texture": "#2"},
				"up": {"uv": [8.25, 7.25, 8, 7], "texture": "#2"},
				"down": {"uv": [8.25, 8, 8, 8.25], "texture": "#2"}
			}
		},
		{
			"from": [8.25, 1.02946, 6.16952],
			"to": [8.5, 1.27946, 7.16952],
			"rotation": {"angle": 22.5, "axis": "x", "origin": [8.375, 1.15446, 6.66952]},
			"faces": {
				"north": {"uv": [9, 0, 9.25, 0.25], "texture": "#2"},
				"east": {"uv": [7, 6, 8, 6.25], "texture": "#2"},
				"south": {"uv": [9, 1, 9.25, 1.25], "texture": "#2"},
				"west": {"uv": [8, 3, 9, 3.25], "texture": "#2"},
				"up": {"uv": [4.25, 9, 4, 8], "texture": "#2"},
				"down": {"uv": [8.25, 4, 8, 5], "texture": "#2"}
			}
		},
		{
			"from": [8.25, 5.10766, 5.886],
			"to": [8.5, 5.35766, 7.136],
			"rotation": {"angle": -22.5, "axis": "x", "origin": [8.375, 5.23266, 6.511]},
			"faces": {
				"north": {"uv": [9, 2, 9.25, 2.25], "texture": "#2"},
				"east": {"uv": [7, 5, 8.25, 5.25], "texture": "#2"},
				"south": {"uv": [9, 3, 9.25, 3.25], "texture": "#2"},
				"west": {"uv": [6, 7, 7.25, 7.25], "texture": "#2"},
				"up": {"uv": [0.25, 9.25, 0, 8], "texture": "#2"},
				"down": {"uv": [8.25, 1, 8, 2.25], "texture": "#2"}
			}
		},
		{
			"from": [8.25, 1.11728, 5.84962],
			"to": [8.5, 1.36728, 6.41212],
			"rotation": {"angle": 22.5, "axis": "x", "origin": [8.375, 1.24228, 6.13087]},
			"faces": {
				"north": {"uv": [4, 9, 4.25, 9.25], "texture": "#2"},
				"east": {"uv": [5, 8, 5.5, 8.25], "texture": "#2"},
				"south": {"uv": [9, 4, 9.25, 4.25], "texture": "#2"},
				"west": {"uv": [6, 8, 6.5, 8.25], "texture": "#2"},
				"up": {"uv": [8.25, 6.5, 8, 6], "texture": "#2"},
				"down": {"uv": [7.25, 8, 7, 8.5], "texture": "#2"}
			}
		},
		{
			"from": [8, 0, 6.75],
			"to": [8.75, 0.5, 8.75],
			"rotation": {"angle": 0, "axis": "y", "origin": [8.375, 0.25, 7.875]},
			"faces": {
				"north": {"uv": [4, 7, 4.75, 7.5], "texture": "#2"},
				"east": {"uv": [4, 6, 6, 6.5], "texture": "#2"},
				"south": {"uv": [5, 7, 5.75, 7.5], "texture": "#2"},
				"west": {"uv": [7, 0, 9, 0.5], "texture": "#2"},
				"up": {"uv": [0.75, 8, 0, 6], "texture": "#2"},
				"down": {"uv": [6.75, 0, 6, 2], "texture": "#2"}
			}
		},
		{
			"from": [8, 0.5, 7],
			"to": [8.75, 6, 8.25],
			"rotation": {"angle": 0, "axis": "y", "origin": [8.375, 3.25, 8]},
			"faces": {
				"north": {"uv": [4, 0, 4.75, 5.5], "texture": "#2"},
				"east": {"uv": [0, 0, 1.25, 5.5], "texture": "#2"},
				"south": {"uv": [5, 0, 5.75, 5.5], "texture": "#2"},
				"west": {"uv": [2, 0, 3.25, 5.5], "texture": "#2"},
				"up": {"uv": [7.75, 2.25, 7, 1], "texture": "#2"},
				"down": {"uv": [7.75, 3, 7, 4.25], "texture": "#2"}
			}
		}
	],
	"display": {
		"thirdperson_righthand": {
			"translation": [0, 2.5, 1.75]
		},
		"thirdperson_lefthand": {
			"translation": [0, 2.5, 1.75]
		},
		"firstperson_righthand": {
			"rotation": [-20, 0, 0],
			"translation": [0, 2.5, 0.5]
		},
		"firstperson_lefthand": {
			"rotation": [-20, 0, 0],
			"translation": [0, 2.5, 0.5]
		},
		"ground": {
			"rotation": [-8, -18, 90],
			"translation": [0, -2.25, 0]
		},
		"gui": {
			"rotation": [-90, 135, 90],
			"translation": [-2, -3, 0],
			"scale": [0.65, 0.7, 1.4]
		},
		"head": {
			"rotation": [-94, -27, -100],
			"translation": [0, 10.5, 0]
		},
		"fixed": {
			"rotation": [90, 135, -90],
			"translation": [2.5, -1.75, 0.75],
			"scale": [0.73, 0.7, 1.5]
		}
	},
	"groups": [
		{
			"name": "blade",
			"origin": [8.375, 26.32885, 7.81499],
			"color": 0,
			"nbt": "{}",
			"children": [0, 1, 2, 3, 4]
		},
		{
			"name": "shaft",
			"origin": [8.375, 6.5, 7.75],
			"color": 0,
			"nbt": "{}",
			"children": [5, 6, 7]
		},
		{
			"name": "handle2",
			"origin": [8.375, 1.24228, 6.13087],
			"color": 0,
			"nbt": "{}",
			"children": [8, 9, 10, 11]
		},
		{
			"name": "handle",
			"origin": [8.375, 3.25, 8],
			"color": 0,
			"nbt": "{}",
			"children": [12, 13]
		}
	]
}