{
	"credit": "Made by samus2002",
	"textures": {
		"0": "item/skills/samurai_skills/skills/blood_cut_1",
		"particle": "item/skills/samurai_skills/skills/blood_cut_1"
	},
	"elements": [
		{
			"from": [3.5, 8, -12],
			"to": [12.5, 8, 28],
			"rotation": {"angle": 0, "axis": "y", "origin": [8, 8, 8]},
			"faces": {
				"north": {"uv": [0, 0, 16, 0], "texture": "#0"},
				"east": {"uv": [0, 0, 16, 0], "texture": "#0"},
				"south": {"uv": [0, 0, 16, 0], "texture": "#0"},
				"west": {"uv": [0, 0, 16, 0], "texture": "#0"},
				"up": {"uv": [6.75, 0, 9.5, 16], "rotation": 180, "texture": "#0"},
				"down": {"uv": [6.75, 16, 9.5, 0], "rotation": 180, "texture": "#0"}
			}
		}
	],
	"display": {
		"thirdperson_righthand": {
			"rotation": [36, -40, 0],
			"translation": [-7.25, -2.25, 7.25],
			"scale": [1.3, 1.3, 1.3]
		},
		"thirdperson_lefthand": {
			"rotation": [-36, -40, 0],
			"translation": [-7.25, -1, 7.25],
			"scale": [1.3, 1.3, 1.3]
		},
		"head": {
			"rotation": [164, 108, -62],
			"translation": [-2, -19, -0.5],
			"scale": [1.8, 1.8, 1.8]
		}
	}
}