{
	"credit": "Made with Blockbench",
	"parent": "item/handheld",
	"textures": {
		"layer0": "item/weapons/swords/legendary/allelements"
	},
	"display": {
		"thirdperson_righthand": {
			"rotation": [0, 90, 45],
			"translation": [0, 14.25, 2],
			"scale": [1.5, 1.5, 1.5]
		},
		"thirdperson_lefthand": {
			"rotation": [0, -90, -45],
			"translation": [0, 14.25, 2],
			"scale": [1.5, 1.5, 1.5]
		},
		"firstperson_righthand": {
			"rotation": [0, 90, 28],
			"translation": [0, 3.75, 0],
			"scale": [1.25, 1.25, 1.25]
		},
		"firstperson_lefthand": {
			"rotation": [0, -90, -28],
			"translation": [0, 3.75, 0],
			"scale": [1.25, 1.25, 1.25]
		},
		"ground": {
			"translation": [0, 6.5, 0],
			"scale": [1.25, 1.25, 1.25]
		},
		"head": {
			"rotation": [0, 0, 45],
			"translation": [0, 16.25, 0]
		}
	}
}