{
    "parent": "item/generated",
    "textures": {
        "layer0": "item/carrot_on_a_stick"
    },
    "overrides": [
        {
            "predicate": { "custom_model_data": 1 },
            "model": "item/weapons/dagger/demondagger"
        },
        {
            "predicate": { "custom_model_data": 2 },
            "model": "item/weapons/dagger/banana_blade"
        },
        {
            "predicate": { "custom_model_data": 3 },
            "model": "item/weapons/dagger/night_dagger"
        },
        {
            "predicate": { "custom_model_data": 4 },
            "model": "item/weapons/dagger/cherryruby_reaver"
        },
        {
            "predicate": { "custom_model_data": 5 },
            "model": "item/weapons/dagger/firedagger"
        }
    ]
}
