{
    "parent": "item/generated",
    "textures": {
        "layer0": "item/coal"
    },	
	"overrides": [	
		{"predicate": {"custom_model_data":1}, "model": "item/icons/mp"},
		{"predicate": {"custom_model_data":2}, "model": "item/icons/offensiv"},
		{"predicate": {"custom_model_data":3}, "model": "item/icons/defensiv"},
		{"predicate": {"custom_model_data":4}, "model": "item/icons/slot_icon"},

		{"predicate": {"custom_model_data":5}, "model": "item/skills/default_skills/skill_blank"},
		{"predicate": {"custom_model_data":6}, "model": "item/skills/default_skills/skill_locked"},



		{"predicate": {"custom_model_data":2034}, "model": "item/skills/assassin_model/icon_assassins_blade"},
		{"predicate": {"custom_model_data":2035}, "model": "item/skills/assassin_model/icon_blade_dance"},
		{"predicate": {"custom_model_data":2036}, "model": "item/skills/assassin_model/icon_blade_slash"},
		{"predicate": {"custom_model_data":2037}, "model": "item/skills/assassin_model/icon_dagger_throw"},
		{"predicate": {"custom_model_data":2038}, "model": "item/skills/assassin_model/icon_dash"},
		{"predicate": {"custom_model_data":2039}, "model": "item/skills/assassin_model/icon_shadow_walk"},

		{"predicate": {"custom_model_data":2113}, "model": "item/skills/samurai_model/icon_blood_slash"},
		{"predicate": {"custom_model_data":2114}, "model": "item/skills/samurai_model/icon_death_charge"},
		{"predicate": {"custom_model_data":2115}, "model": "item/skills/samurai_model/icon_flow_state"},
		{"predicate": {"custom_model_data":2116}, "model": "item/skills/samurai_model/icon_forbidden_art"},
		{"predicate": {"custom_model_data":2117}, "model": "item/skills/samurai_model/icon_laceration"},
		{"predicate": {"custom_model_data":2118}, "model": "item/skills/samurai_model/icon_piercing_shuriken"},
		{"predicate": {"custom_model_data":2119}, "model": "item/skills/samurai_model/icon_smoke_bomb"}
	]
}