{
    "parent": "item/generated",
    "textures": {
        "layer0": "item/cookie"
    },
    "overrides": [
        {
            "predicate": { "custom_model_data": 1 },
            "model": "item/consumeable/food/biscuits/anzac_biscuit"
        },
        {
            "predicate": { "custom_model_data": 2 },
            "model": "item/consumeable/food/biscuits/chocolate_biscuit"
        },
        {
            "predicate": { "custom_model_data": 3 },
            "model": "item/consumeable/food/biscuits/double_chocolate_biscuit"
        },
        {
            "predicate": { "custom_model_data": 4 },
            "model": "item/consumeable/food/biscuits/naanakhataee"
        },
        {
            "predicate": { "custom_model_data": 5 },
            "model": "item/consumeable/food/biscuits/oreo"
        }
    ]
}
