{
    "parent": "minecraft:item/generated",
    "textures": {
        "layer0": "minecraft:item/diamond_helmet"
      },
    "overrides": [
        {
            "predicate": { "custom_model_data": 1 },
            "model": "item/gear/dungeon_hunter/blue/blue_helmet"
        },
        {
            "predicate": { "custom_model_data": 2 },
            "model": "item/gear/dungeon_hunter/red/red_helmet"
        },
        {
            "predicate": { "custom_model_data": 3 },
            "model": "item/gear/amethyst/helmet"
        },
        {
            "predicate": { "custom_model_data": 4 },
            "model": "item/gear/argon/helmet"
        }
    ]
}

