{
    "parent": "minecraft:item/handheld",
    "textures": {
        "layer0": "minecraft:item/diamond_axe"
    },
    "overrides": [
        {
            "predicate": { "custom_model_data": 1 },
            "model": "item/weapons/axe/amethyst_axe"
        },
        {
            "predicate": { "custom_model_data": 2 },
            "model": "item/weapons/axe/banana_axe"
        },
        {
            "predicate": { "custom_model_data": 3 },
            "model": "item/weapons/axe/hemorax"
        },
        {
            "predicate": { "custom_model_data": 4 },
            "model": "item/weapons/axe/shadow_axe"
        },
        {
            "predicate": { "custom_model_data": 5 },
            "model": "item/weapons/axe/rainbow_axe"
        },
        {
            "predicate": { "custom_model_data": 6 },
            "model": "item/weapons/axe/bamboo_axe"
        },
        {
            "predicate": { "custom_model_data": 7 },
            "model": "item/weapons/axe/frost_axe"
        },
        {
            "predicate": { "custom_model_data": 8 },
            "model": "item/weapons/axe/fyrite_axe"
        },
        {
            "predicate": { "custom_model_data": 9 },
            "model": "item/weapons/axe/batwing_axe"
        },
        {
            "predicate": { "custom_model_data": 10 },
            "model": "item/weapons/axe/fire_axe"
        },
        {
            "predicate": { "custom_model_data": 11 },
            "model": "item/weapons/axe/heatring_axe"
        },
        {
            "predicate": { "custom_model_data": 12 },
            "model": "item/weapons/axe/ice_axe"
        },
        {
            "predicate": { "custom_model_data": 13 },
            "model": "item/weapons/axe/mangled_axe"
        },
        {
            "predicate": { "custom_model_data": 14 },
            "model": "item/weapons/axe/slotted_axe"
        },
        {
            "predicate": { "custom_model_data": 15 },
            "model": "item/weapons/axe/viking_axe"
        },
        {
            "predicate": { "custom_model_data": 16 },
            "model": "item/weapons/axe/void_axe"
        },
        {
            "predicate": { "custom_model_data": 17 },
            "model": "item/weapons/axe/brave_axe"
        },
        {
            "predicate": { "custom_model_data": 18 },
            "model": "item/weapons/axe/brave_axe_iiih"
        },
        {
            "predicate": { "custom_model_data": 19 },
            "model": "item/weapons/axe/chitin_axe"
        },
        {
            "predicate": { "custom_model_data": 20 },
            "model": "item/weapons/axe/giga_pugi"
        },
        {
            "predicate": { "custom_model_data": 21 },
            "model": "item/weapons/axe/iridium_axe"
        },
        {
            "predicate": { "custom_model_data": 22 },
            "model": "item/weapons/axe/leviathan_axe"
        },
        {
            "predicate": { "custom_model_data": 23 },
            "model": "item/weapons/axe/pugi"
        },
        {
            "predicate": { "custom_model_data": 24 },
            "model": "item/weapons/axe/reefclaw_hamaxe"
        },
        {
            "predicate": { "custom_model_data": 25 },
            "model": "item/weapons/axe/wolf_beil"
        },
        {
            "predicate": { "custom_model_data": 26 },
            "model": "item/weapons/axe/armads"
        },
        {
            "predicate": { "custom_model_data": 27 },
            "model": "item/weapons/axe/yurilily_queen_labrys"
        },
        {
            "predicate": { "custom_model_data": 28 },
            "model": "item/weapons/axe/yurilily_queen_labrys_ornate"
        },
        {
            "predicate": { "custom_model_data": 29 },
            "model": "item/weapons/axe/yurilily_shieldmaiden_labrys"
        }
    ]
}