{
    "parent": "minecraft:item/handheld", 
    "textures": {
        "layer0": "minecraft:item/diamond_sword"
    },
    "overrides": [
        {
            "predicate": { "custom_model_data": 1 },
            "model": "item/weapons/greatswords/banana_greatsword"
        },
        {
            "predicate": { "custom_model_data": 2 },
            "model": "item/weapons/greatswords/royalclaymore"
        },
        {
            "predicate": { "custom_model_data": 3 },
            "model": "item/weapons/greatswords/frostblade"
        },
        {
            "predicate": { "custom_model_data": 4 },
            "model": "item/weapons/greatswords/brain_coral_greatsword"
        },
        {
            "predicate": { "custom_model_data": 5 },
            "model": "item/weapons/greatswords/bubble_coral_greatsword"
        },
        {
            "predicate": { "custom_model_data": 6 },
            "model": "item/weapons/greatswords/fire_coral_greatsword"
        },
        {
            "predicate": { "custom_model_data": 7 },
            "model": "item/weapons/greatswords/horn_coral_greatsword"
        },
        {
            "predicate": { "custom_model_data": 8 },
            "model": "item/weapons/greatswords/tube_coral_greatsword"
        },
        {
            "predicate": { "custom_model_data": 9 },
            "model": "item/weapons/greatswords/fyrite_greatsword"
        },
        {
            "predicate": { "custom_model_data": 10 },
            "model": "item/weapons/greatswords/bloodreaver"
        },
        {
            "predicate": { "custom_model_data": 11 },
            "model": "item/weapons/greatswords/solflare"
        },
        {
            "predicate": { "custom_model_data": 12 },
            "model": "item/weapons/greatswords/ravenwing"
        },
        {
            "predicate": { "custom_model_data": 13 },
            "model": "item/weapons/greatswords/berserker_greatsword"
        },
        {
            "predicate": { "custom_model_data": 14 },
            "model": "item/weapons/greatswords/holy_greatsword"
        },
        {
            "predicate": { "custom_model_data": 15 },
            "model": "item/weapons/greatswords/crimson_greatsword"
        },
        {
            "predicate": { "custom_model_data": 16 },
            "model": "item/weapons/greatswords/endervein_broadsword"
        },
        {
            "predicate": { "custom_model_data": 17 },
            "model": "item/weapons/greatswords/life_ender"
        },
        {
            "predicate": { "custom_model_data": 18 },
            "model": "item/weapons/greatswords/helicopter_propeller"
        },
        {
            "predicate": { "custom_model_data": 19 },
            "model": "item/weapons/greatswords/nameless_greatsword"
        },
        {
            "predicate": { "custom_model_data": 20 },
            "model": "item/weapons/greatswords/brimlash_buster"
        },
        {
            "predicate": { "custom_model_data": 21 },
            "model": "item/weapons/greatswords/buster_sword"
        },
        {
            "predicate": { "custom_model_data": 22 },
            "model": "item/weapons/greatswords/forbidden_oathblade"
        },
        {
            "predicate": { "custom_model_data": 23 },
            "model": "item/weapons/greatswords/goddess_longsword"
        },
        {
            "predicate": { "custom_model_data": 24 },
            "model": "item/weapons/greatswords/grand_dad"
        },
        {
            "predicate": { "custom_model_data": 25 },
            "model": "item/weapons/greatswords/marco_dimensional_scissors"
        },
        {
            "predicate": { "custom_model_data": 26 },
            "model": "item/weapons/greatswords/obsidian_magma_greatsword"
        },
        {
            "predicate": { "custom_model_data": 27 },
            "model": "item/weapons/greatswords/phoenix_blade"
        },
        {
            "predicate": { "custom_model_data": 28 },
            "model": "item/weapons/greatswords/sirfetchd_longsword"
        },
        {
            "predicate": { "custom_model_data": 29 },
            "model": "item/weapons/greatswords/song_of_broken_pines"
        },
        {
            "predicate": { "custom_model_data": 30 },
            "model": "item/weapons/greatswords/blackgreat"
        }
    ]
}

