{
    "parent": "item/handheld",
    "textures": {
        "layer0": "minecraft:item/glass_bottle"
    },
    "overrides": [
        {
            "predicate": { "custom_model_data": 1 },
            "model": "item/consumeable/potions/hyronic/small_health_potion"
        },
        {
            "predicate": { "custom_model_data": 2 },
            "model": "item/consumeable/potions/hyronic/health_potion"
        },
        {
            "predicate": { "custom_model_data": 3 },
            "model": "item/consumeable/potions/hyronic/large_health_potion"
        },
        {
            "predicate": { "custom_model_data": 4 },
            "model": "item/consumeable/potions/hyronic/supreme_health_potion"
        },
        {
            "predicate": { "custom_model_data": 5 },
            "model": "item/consumeable/potions/hyronic/small_mana_potion"
        },
        {
            "predicate": { "custom_model_data": 6 },
            "model": "item/consumeable/potions/hyronic/mana_potion"
        },
        {
            "predicate": { "custom_model_data": 7 },
            "model": "item/consumeable/potions/hyronic/large_mana_potion"
        },
        {
            "predicate": { "custom_model_data": 8 },
            "model": "item/consumeable/potions/hyronic/supreme_mana_potion"
        }
    ]
}
