{
    "parent": "minecraft:item/handheld", 
    "textures": {
        "layer0": "minecraft:item/iron_sword"
    },
    "overrides": [
        {
            "predicate": { "custom_model_data": 1 },
            "model": "item/weapons/swords/elucidator"
        },
        {
            "predicate": { "custom_model_data": 2 },
            "model": "item/weapons/swords/dark_repulser"
        },
        {
            "predicate": { "custom_model_data": 3 },
            "model": "item/weapons/swords/excalibur"
        },
        {
            "predicate": { "custom_model_data": 4 },
            "model": "item/weapons/swords/anneal"
        },
        {
            "predicate": { "custom_model_data": 5 },
            "model": "item/weapons/swords/gram"
        },
        {
            "predicate": { "custom_model_data": 6 },
            "model": "item/weapons/swords/guiltythorn"
        },
        {
            "predicate": { "custom_model_data": 7 },
            "model": "item/weapons/swords/lambentlight"
        },
        {
            "predicate": { "custom_model_data": 8 },
            "model": "item/weapons/swords/liberator"
        },
        {
            "predicate": { "custom_model_data": 9 },
            "model": "item/weapons/swords/tyrantdragon"
        },
        {
            "predicate": { "custom_model_data": 10 },
            "model": "item/weapons/swords/argon_sword"
        },
        {
            "predicate": { "custom_model_data": 11 },
            "model": "item/weapons/swords/banana_sword"
        },
        {
            "predicate": { "custom_model_data": 12 },
            "model": "item/weapons/swords/bloodbane"
        },
        {
            "predicate": { "custom_model_data": 13 },
            "model": "item/weapons/swords/crysta"
        },
        {
            "predicate": { "custom_model_data": 14 },
            "model": "item/weapons/swords/emberblade"
        },
        {
            "predicate": { "custom_model_data": 15 },
            "model": "item/weapons/swords/demon_sword"
        },
        {
            "predicate": { "custom_model_data": 16 },
            "model": "item/weapons/swords/dng_hunter_red"
        },
        {
            "predicate": { "custom_model_data": 17 },
            "model": "item/weapons/swords/dng_hunter_blue"
        },
        {
            "predicate": { "custom_model_data": 18 },
            "model": "item/weapons/swords/soulblade"
        },
        {
            "predicate": { "custom_model_data": 19 },
            "model": "item/weapons/swords/sunsword"
        },
        {
            "predicate": { "custom_model_data": 20 },
            "model": "item/weapons/swords/chaossword"
        },
        {
            "predicate": { "custom_model_data": 21 },
            "model": "item/weapons/swords/anvilthunder"
        },
        {
            "predicate": { "custom_model_data": 22 },
            "model": "item/weapons/swords/kingdom_key"
        },
        {
            "predicate": { "custom_model_data": 23 },
            "model": "item/weapons/swords/zora_sword"
        },
        {
            "predicate": { "custom_model_data": 24 },
            "model": "item/weapons/swords/sword_of_protection"
        },
        {
            "predicate": { "custom_model_data": 25 },
            "model": "item/weapons/swords/sword_of_the_father"
        },
        {
            "predicate": { "custom_model_data": 26 },
            "model": "item/weapons/swords/finn_sword"
        },
        {
            "predicate": { "custom_model_data": 27 },
            "model": "item/weapons/swords/viking_sword"
        },
        {
            "predicate": { "custom_model_data": 28 },
            "model": "item/weapons/swords/iron_claymore"
        },
        {
            "predicate": { "custom_model_data": 29 },
            "model": "item/weapons/swords/dawnbreaker"
        },
        {
            "predicate": { "custom_model_data": 30 },
            "model": "item/weapons/swords/eckesacks"
        },
        {
            "predicate": { "custom_model_data": 31 },
            "model": "item/weapons/swords/galaxia"
        },
        {
            "predicate": { "custom_model_data": 32 },
            "model": "item/weapons/swords/the_sword_of_the_creator"
        },
        {
            "predicate": { "custom_model_data": 33 },
            "model": "item/weapons/swords/heretical_slayer"
        },
        {
            "predicate": { "custom_model_data": 34 },
            "model": "item/weapons/swords/salamander_sword"
        },
        {
            "predicate": { "custom_model_data": 35 },
            "model": "item/weapons/swords/warden_sword"
        },
        {
            "predicate": { "custom_model_data": 36 },
            "model": "item/weapons/swords/pirate_sword"
        },
        {
            "predicate": { "custom_model_data": 37 },
            "model": "item/weapons/swords/dark_pirate"
        },
        {
            "predicate": { "custom_model_data": 38 },
            "model": "item/weapons/swords/dark_viking"
        },
        {
            "predicate": { "custom_model_data": 39 },
            "model": "item/weapons/swords/nether_gladius"
        },
        {
            "predicate": { "custom_model_data": 40 },
            "model": "item/weapons/swords/iron_gladius"
        },
        {
            "predicate": { "custom_model_data": 41 },
            "model": "item/weapons/swords/skyroot_sword"
        },
        {
            "predicate": { "custom_model_data": 42 },
            "model": "item/weapons/swords/gold_sword"
        },
        {
            "predicate": { "custom_model_data": 43 },
            "model": "item/weapons/swords/blueblade_sword"
        },
        {
            "predicate": { "custom_model_data": 44 },
            "model": "item/weapons/swords/redblade_sword"
        }
    ]    
}