{
    "parent": "builtin/entity",
    "gui_light": "front",
    "textures": {
        "particle": "block/dark_oak_planks"
    },
    "display": {
        "thirdperson_righthand": {
            "rotation": [ 0, 90, 0 ],
            "translation": [ 10, 6, -4 ],
            "scale": [ 1, 1, 1 ]
        },
        "thirdperson_lefthand": {
            "rotation": [ 0, 90, 0 ],
            "translation": [ 10, 6, 12 ],
            "scale": [ 1, 1, 1 ]
        },
        "firstperson_righthand": {
            "rotation": [ 0, 180, 5 ],
            "translation": [ -10, -1, -10 ],
            "scale": [ 1.25, 1.25, 1.25 ]
        },
        "firstperson_lefthand": {
            "rotation": [ 0, 180, 5 ],
            "translation": [ 10, -4, -10 ],
            "scale": [ 1.25, 1.25, 1.25 ]
        },
        "gui": {
            "rotation": [ 15, -25, -5 ],
            "translation": [ 3, 3, 0 ],
            "scale": [ 0.65, 0.65, 0.65 ]
        },
        "fixed": {
            "rotation": [ 0, 180, 0 ],
            "translation": [ -2, 4, -5],
            "scale":[ 0.5, 0.5, 0.5]
        },
        "ground": {
            "rotation": [ 0, 0, 0 ],
            "translation": [ 4, 4, 2],
            "scale":[ 0.25, 0.25, 0.25]
        }
    },
    "overrides": [
        {
            "predicate": {
                "blocking": 1
            },
            "model": "item/shield_blocking"
        },
        {
            "predicate": { "custom_model_data": 1 },
            "model": "item/weapons/shields/zelda/emblazoned_shield"
        },
        {
            "predicate": { "custom_model_data": 1, "blocking": 1 },
            "model": "item/weapons/shields/zelda/emblazoned_shield_blocking"
        },
        {
            "predicate": { "custom_model_data": 2 },
            "model": "item/weapons/shields/zelda/fisherman_shield"
        },
        {
            "predicate": { "custom_model_data": 2, "blocking": 1 },
            "model": "item/weapons/shields/zelda/fisherman_shield_blocking"
        },
        {
            "predicate": { "custom_model_data": 3 },
            "model": "item/weapons/shields/zelda/forest_dweller_shield"
        },
        {
            "predicate": { "custom_model_data": 3, "blocking": 1 },
            "model": "item/weapons/shields/zelda/forest_dweller_shield_blocking"
        },
        {
            "predicate": { "custom_model_data": 4 },
            "model": "item/weapons/shields/zelda/gerudo_shield"
        },
        {
            "predicate": { "custom_model_data": 4, "blocking": 1 },
            "model": "item/weapons/shields/zelda/gerudo_shield_blocking"
        },
        {
            "predicate": { "custom_model_data": 5 },
            "model": "item/weapons/shields/zelda/guardian_shield"
        },
        {
            "predicate": { "custom_model_data": 5, "blocking": 1 },
            "model": "item/weapons/shields/zelda/guardian_shield_blocking"
        },
        {
            "predicate": { "custom_model_data": 6 },
            "model": "item/weapons/shields/zelda/hunter_shield"
        },
        {
            "predicate": { "custom_model_data": 6, "blocking": 1 },
            "model": "item/weapons/shields/zelda/hunter_shield_blocking"
        },
        {
            "predicate": { "custom_model_data": 7 },
            "model": "item/weapons/shields/zelda/kite_shield"
        },
        {
            "predicate": { "custom_model_data": 7, "blocking": 1 },
            "model": "item/weapons/shields/zelda/kite_shield_blocking"
        },
        {
            "predicate": { "custom_model_data": 8 },
            "model": "item/weapons/shields/zelda/knight_shield"
        },
        {
            "predicate": { "custom_model_data": 8, "blocking": 1 },
            "model": "item/weapons/shields/zelda/knight_shield_blocking"
        },
        {
            "predicate": { "custom_model_data": 9 },
            "model": "item/weapons/shields/zelda/potlid_shield"
        },
        {
            "predicate": { "custom_model_data": 9, "blocking": 1 },
            "model": "item/weapons/shields/zelda/potlid_shield_blocking"
        },
        {
            "predicate": { "custom_model_data": 10 },
            "model": "item/weapons/shields/zelda/radiant_shield"
        },
        {
            "predicate": { "custom_model_data": 10, "blocking": 1 },
            "model": "item/weapons/shields/zelda/radiant_shield_blocking"
        },
        {
            "predicate": { "custom_model_data": 11 },
            "model": "item/weapons/shields/zelda/royal_shield"
        },
        {
            "predicate": { "custom_model_data": 11, "blocking": 1 },
            "model": "item/weapons/shields/zelda/royal_shield_blocking"
        },
        {
            "predicate": { "custom_model_data": 12 },
            "model": "item/weapons/shields/zelda/silver_shield"
        },
        {
            "predicate": { "custom_model_data": 12, "blocking": 1 },
            "model": "item/weapons/shields/zelda/silver_shield_blocking"
        },
        {
            "predicate": { "custom_model_data": 13 },
            "model": "item/weapons/shields/zelda/soldier_shield"
        },
        {
            "predicate": { "custom_model_data": 13, "blocking": 1 },
            "model": "item/weapons/shields/zelda/soldier_shield_blocking"
        },
        {
            "predicate": { "custom_model_data": 14 },
            "model": "item/weapons/shields/zelda/traveler_shield"
        },
        {
            "predicate": { "custom_model_data": 14, "blocking": 1 },
            "model": "item/weapons/shields/zelda/traveler_shield_blocking"
        },
        {
            "predicate": { "custom_model_data": 15 },
            "model": "item/weapons/shields/zelda/wooden_shield"
        },
        {
            "predicate": { "custom_model_data": 15, "blocking": 1 },
            "model": "item/weapons/shields/zelda/wooden_shield_blocking"
        }
    ]
}
