{
    "parent": "item/generated",
    "textures": {
        "layer0": "minecraft:block/tripwire_hook"
    },
    "overrides": [
        {
            "predicate": { "custom_model_data": 1 },
            "model": "item/consumeable/keys/things/container_key"
        },
        {
            "predicate": { "custom_model_data": 2 },
            "model": "item/consumeable/keys/tricky_keys/bastion_key"
        },
        {
            "predicate": { "custom_model_data": 3 },
            "model": "item/consumeable/keys/tricky_keys/city_key"
        },
        {
            "predicate": { "custom_model_data": 4 },
            "model": "item/consumeable/keys/tricky_keys/echo_key"
        },
        {
            "predicate": { "custom_model_data": 5 },
            "model": "item/consumeable/keys/tricky_keys/elder_key"
        },
        {
            "predicate": { "custom_model_data": 6 },
            "model": "item/consumeable/keys/tricky_keys/ominous_tricky_key"
        },
        {
            "predicate": { "custom_model_data": 7 },
            "model": "item/consumeable/keys/tricky_keys/tricky_key"
        },
        {
            "predicate": { "custom_model_data": 8 },
            "model": "item/consumeable/keys/tricky_keys/woodland_key"
        },
        {
            "predicate": { "custom_model_data": 9 },
            "model": "item/consumeable/keys/vanilla/ominous_key"
        },
        {
            "predicate": { "custom_model_data": 10 },
            "model": "item/consumeable/keys/vanilla/trial_key"
        },
        {
            "predicate": { "custom_model_data": 11 },
            "model": "item/consumeable/keys/zelda/ominous_key"
        },
        {
            "predicate": { "custom_model_data": 12 },
            "model": "item/consumeable/keys/zelda/trial_key"
        }
    ]
}
