{
	"credit": "cheetahTD",
	"texture_size": [32, 32],
	"textures": {
		"0": "item/weapons/cheetahs/DarkAres",
		"particle": "item/weapons/cheetahs/DarkAres"
	},
	"elements": [
		{
			"name": "areys_9",
			"from": [7.93842, 3.20307, 7.83875],
			"to": [8.85469, 6.65471, 8.25902],
			"rotation": {"angle": 0, "axis": "y", "origin": [7.98267, 14.69964, 8.04895]},
			"faces": {
				"north": {"uv": [0, 0, 0.5, 1.75], "texture": "#0"},
				"east": {"uv": [6.5, 0, 6.75, 1.75], "texture": "#0"},
				"south": {"uv": [0, 0.125, 0.5, 1.875], "rotation": 180, "texture": "#0"},
				"west": {"uv": [6.5, 2, 6.75, 3.75], "texture": "#0"},
				"up": {"uv": [7.5, 3.75, 7, 3.5], "texture": "#0"},
				"down": {"uv": [8, 7, 7.5, 7.25], "texture": "#0"}
			}
		},
		{
			"name": "areys_9",
			"from": [7.65512, 8.90545, 7.98813],
			"to": [7.90139, 17.37671, 8.10972],
			"rotation": {"angle": 0, "axis": "y", "origin": [7.98267, 14.69964, 8.04895]},
			"faces": {
				"north": {"uv": [4, 2, 4.125, 6.25], "texture": "#0"},
				"east": {"uv": [4, 2, 4.125, 6.25], "texture": "#0"},
				"south": {"uv": [4, 2, 4.125, 6.25], "texture": "#0"},
				"west": {"uv": [4, 2, 4.125, 6.25], "texture": "#0"},
				"up": {"uv": [4, 2, 4.125, 6.25], "texture": "#0"},
				"down": {"uv": [4, 2, 4.125, 6.25], "texture": "#0"}
			}
		},
		{
			"name": "areys_9",
			"from": [9.15512, 21.58045, 7.93813],
			"to": [9.40139, 22.57671, 8.15977],
			"rotation": {"angle": 0, "axis": "y", "origin": [7.98267, 14.69964, 8.04895]},
			"faces": {
				"north": {"uv": [6, 8, 6.125, 8.5], "texture": "#0"},
				"east": {"uv": [6, 8, 6.125, 8.5], "texture": "#0"},
				"south": {"uv": [6, 8, 6.125, 8.5], "texture": "#0"},
				"west": {"uv": [6, 8, 6.125, 8.5], "texture": "#0"},
				"up": {"uv": [6, 8, 6.125, 8.5], "texture": "#0"},
				"down": {"uv": [6, 8, 6.125, 8.5], "texture": "#0"}
			}
		},
		{
			"name": "areys_9",
			"from": [9.15512, 22.58045, 7.93813],
			"to": [9.40139, 23.57671, 8.15977],
			"rotation": {"angle": 0, "axis": "y", "origin": [7.98267, 14.69964, 8.04895]},
			"faces": {
				"north": {"uv": [7.5, 8, 7.625, 8.5], "texture": "#0"},
				"east": {"uv": [7.5, 8, 7.625, 8.5], "texture": "#0"},
				"south": {"uv": [7.5, 8, 7.625, 8.5], "texture": "#0"},
				"west": {"uv": [7.5, 8, 7.625, 8.5], "texture": "#0"},
				"up": {"uv": [7.5, 8, 7.625, 8.125], "texture": "#0"},
				"down": {"uv": [7.5, 8, 7.625, 8.5], "texture": "#0"}
			}
		},
		{
			"name": "areys_9",
			"from": [8.90512, 22.38045, 7.98813],
			"to": [9.15139, 23.37671, 8.10972],
			"rotation": {"angle": 0, "axis": "y", "origin": [7.98267, 14.69964, 8.04895]},
			"faces": {
				"north": {"uv": [8.5, 0.5, 8.625, 1], "texture": "#0"},
				"east": {"uv": [8.5, 0.5, 8.625, 1], "texture": "#0"},
				"south": {"uv": [8.5, 0.5, 8.625, 1], "texture": "#0"},
				"west": {"uv": [8.5, 0.5, 8.625, 1], "texture": "#0"},
				"up": {"uv": [8.5, 0.5, 8.625, 0.75], "texture": "#0"},
				"down": {"uv": [8.5, 0.5, 8.625, 1], "texture": "#0"}
			}
		},
		{
			"name": "areys_9",
			"from": [8.90512, 21.88045, 7.93813],
			"to": [9.15139, 22.37671, 8.15977],
			"rotation": {"angle": 0, "axis": "y", "origin": [7.98267, 14.69964, 8.04895]},
			"faces": {
				"north": {"uv": [9, 3, 9.125, 3.25], "texture": "#0"},
				"east": {"uv": [9, 3, 9.125, 3.25], "texture": "#0"},
				"south": {"uv": [9, 3, 9.125, 3.25], "texture": "#0"},
				"west": {"uv": [9, 3, 9.125, 3.25], "texture": "#0"},
				"up": {"uv": [9, 3, 9.125, 3.25], "texture": "#0"},
				"down": {"uv": [9, 3, 9.125, 3.25], "texture": "#0"}
			}
		},
		{
			"name": "areys_9",
			"from": [8.40512, 21.88045, 7.98813],
			"to": [8.65139, 22.37671, 8.10972],
			"rotation": {"angle": 0, "axis": "y", "origin": [7.98267, 14.69964, 8.04895]},
			"faces": {
				"north": {"uv": [4.5, 9, 4.625, 9.25], "texture": "#0"},
				"east": {"uv": [4.5, 9, 4.625, 9.25], "texture": "#0"},
				"south": {"uv": [4.5, 9, 4.625, 9.25], "texture": "#0"},
				"west": {"uv": [4.5, 9, 4.625, 9.25], "texture": "#0"},
				"up": {"uv": [4.5, 9, 4.625, 9.25], "texture": "#0"},
				"down": {"uv": [4.5, 9, 4.625, 9.25], "texture": "#0"}
			}
		},
		{
			"name": "areys_9",
			"from": [8.65512, 21.88045, 7.98813],
			"to": [8.90139, 22.87671, 8.10972],
			"rotation": {"angle": 0, "axis": "y", "origin": [7.98267, 14.69964, 8.04895]},
			"faces": {
				"north": {"uv": [8.5, 2.5, 8.625, 3], "texture": "#0"},
				"east": {"uv": [8.5, 2.5, 8.625, 3], "texture": "#0"},
				"south": {"uv": [8.5, 2.5, 8.625, 3], "texture": "#0"},
				"west": {"uv": [8.5, 2.5, 8.625, 3], "texture": "#0"},
				"up": {"uv": [8.5, 2.5, 8.625, 3], "texture": "#0"},
				"down": {"uv": [8.5, 2.5, 8.625, 3], "texture": "#0"}
			}
		},
		{
			"name": "areys_9",
			"from": [8.90512, 20.38045, 7.93813],
			"to": [9.15139, 21.87671, 8.15977],
			"rotation": {"angle": 0, "axis": "y", "origin": [7.98267, 14.69964, 8.04895]},
			"faces": {
				"north": {"uv": [8, 2.5, 8.125, 3.25], "texture": "#0"},
				"east": {"uv": [8, 2.5, 8.125, 3.25], "texture": "#0"},
				"south": {"uv": [8, 2.5, 8.125, 3.25], "texture": "#0"},
				"west": {"uv": [8, 2.5, 8.125, 3.25], "texture": "#0"},
				"up": {"uv": [8, 2.5, 8.125, 3.25], "texture": "#0"},
				"down": {"uv": [8, 2.5, 8.125, 3.25], "texture": "#0"}
			}
		},
		{
			"name": "areys_9",
			"from": [8.40512, 20.88045, 7.98813],
			"to": [8.65139, 21.87671, 8.10972],
			"rotation": {"angle": 0, "axis": "y", "origin": [7.98267, 14.69964, 8.04895]},
			"faces": {
				"north": {"uv": [8.5, 4, 8.625, 4.5], "texture": "#0"},
				"east": {"uv": [8.5, 4, 8.625, 4.5], "texture": "#0"},
				"south": {"uv": [8.5, 4, 8.625, 4.5], "texture": "#0"},
				"west": {"uv": [8.5, 4, 8.625, 4.5], "texture": "#0"},
				"up": {"uv": [8.5, 4, 8.625, 4.5], "texture": "#0"},
				"down": {"uv": [8.5, 4, 8.625, 4.5], "texture": "#0"}
			}
		},
		{
			"name": "areys_9",
			"from": [8.15512, 17.15545, 7.98813],
			"to": [8.40139, 21.87671, 8.10973],
			"rotation": {"angle": 0, "axis": "y", "origin": [7.98267, 14.69964, 0.1216]},
			"faces": {
				"north": {"uv": [2, 7, 2.125, 9.375], "texture": "#0"},
				"east": {"uv": [2, 7, 2.125, 9.375], "texture": "#0"},
				"south": {"uv": [2, 7, 2.125, 9.375], "texture": "#0"},
				"west": {"uv": [2, 7, 2.125, 9.375], "texture": "#0"},
				"up": {"uv": [2, 7, 2.125, 7.625], "texture": "#0"},
				"down": {"uv": [2, 7, 2.125, 9.375], "texture": "#0"}
			}
		},
		{
			"name": "areys_9",
			"from": [7.90512, 6.90545, 7.98813],
			"to": [8.15139, 20.62671, 8.10977],
			"rotation": {"angle": 0, "axis": "y", "origin": [7.98267, 14.69964, 8.04895]},
			"faces": {
				"north": {"uv": [0.5, 2, 0.625, 8.875], "texture": "#0"},
				"east": {"uv": [0.5, 2, 0.625, 8.875], "texture": "#0"},
				"south": {"uv": [0.5, 2, 0.625, 8.875], "texture": "#0"},
				"west": {"uv": [0.5, 2, 0.625, 8.875], "texture": "#0"},
				"up": {"uv": [0.5, 2, 0.625, 3.625], "texture": "#0"},
				"down": {"uv": [0.5, 2, 0.625, 8.875], "texture": "#0"}
			}
		},
		{
			"name": "areys_9",
			"from": [8.15512, 6.90545, 7.98813],
			"to": [8.40139, 9.32671, 8.10973],
			"rotation": {"angle": 0, "axis": "y", "origin": [7.98267, 14.69964, 8.04895]},
			"faces": {
				"north": {"uv": [6.5, 7, 6.625, 8.25], "texture": "#0"},
				"east": {"uv": [6.5, 7, 6.625, 8.25], "texture": "#0"},
				"south": {"uv": [6.5, 7, 6.625, 8.25], "texture": "#0"},
				"west": {"uv": [6.5, 7, 6.625, 8.25], "texture": "#0"},
				"up": {"uv": [6.5, 7, 6.625, 8.25], "texture": "#0"},
				"down": {"uv": [6.5, 7, 6.625, 8.25], "texture": "#0"}
			}
		},
		{
			"name": "areys_9",
			"from": [8.65512, 16.83045, 7.93813],
			"to": [8.90139, 21.92671, 8.15977],
			"rotation": {"angle": 0, "axis": "y", "origin": [7.98267, 14.69964, 8.04895]},
			"faces": {
				"north": {"uv": [6.5, 4.5, 6.625, 7], "texture": "#0"},
				"east": {"uv": [6.5, 4.5, 6.625, 7], "texture": "#0"},
				"south": {"uv": [6.5, 4.5, 6.625, 7], "texture": "#0"},
				"west": {"uv": [6.5, 4.5, 6.625, 7], "texture": "#0"},
				"up": {"uv": [6.5, 4.5, 6.625, 7], "texture": "#0"},
				"down": {"uv": [6.5, 4.5, 6.625, 7], "texture": "#0"}
			}
		},
		{
			"name": "areys_9",
			"from": [8.15512, 9.33045, 7.93813],
			"to": [8.40139, 17.17671, 8.15977],
			"rotation": {"angle": 0, "axis": "y", "origin": [7.98267, 14.69964, 8.04895]},
			"faces": {
				"north": {"uv": [5.5, 0, 5.625, 3.875], "texture": "#0"},
				"east": {"uv": [5.5, 0, 5.625, 3.875], "texture": "#0"},
				"south": {"uv": [5.5, 0, 5.625, 3.875], "texture": "#0"},
				"west": {"uv": [5.5, 0, 5.625, 3.875], "texture": "#0"},
				"up": {"uv": [5.5, 0, 5.625, 3.875], "texture": "#0"},
				"down": {"uv": [5.5, 0, 5.625, 3.875], "texture": "#0"}
			}
		},
		{
			"name": "areys_9",
			"from": [8.40512, 6.90545, 7.93813],
			"to": [8.65139, 20.87671, 8.15977],
			"rotation": {"angle": 0, "axis": "y", "origin": [7.98267, 14.69964, 8.04895]},
			"faces": {
				"north": {"uv": [1, 0, 1.125, 7], "texture": "#0"},
				"east": {"uv": [1, 0, 1.125, 7], "texture": "#0"},
				"south": {"uv": [1, 0, 1.125, 7], "texture": "#0"},
				"west": {"uv": [1, 0, 1.125, 7], "texture": "#0"},
				"up": {"uv": [1, 0, 1.125, 7], "texture": "#0"},
				"down": {"uv": [1, 0, 1.125, 7], "texture": "#0"}
			}
		},
		{
			"name": "areys_9",
			"from": [8.90512, 7.15545, 7.98813],
			"to": [9.15139, 7.42671, 8.08477],
			"rotation": {"angle": 0, "axis": "y", "origin": [7.98267, 14.69964, 8.04895]},
			"faces": {
				"north": {"uv": [9.5, 6.5, 9.625, 6.625], "texture": "#0"},
				"east": {"uv": [9.5, 6.5, 9.625, 6.625], "texture": "#0"},
				"south": {"uv": [9.5, 6.5, 9.625, 6.625], "texture": "#0"},
				"west": {"uv": [9.5, 6.5, 9.625, 6.625], "texture": "#0"},
				"up": {"uv": [9.5, 6.5, 9.625, 6.625], "texture": "#0"},
				"down": {"uv": [9.5, 6.5, 9.625, 6.625], "texture": "#0"}
			}
		},
		{
			"name": "areys_9",
			"from": [8.85512, 3.20545, 8.16313],
			"to": [9.85139, 3.47671, 8.25977],
			"rotation": {"angle": 0, "axis": "y", "origin": [7.98267, 14.69964, 8.04895]},
			"faces": {
				"north": {"uv": [8.5, 5.5, 9, 5.625], "texture": "#0"},
				"east": {"uv": [9.5, 8, 9.625, 8.125], "texture": "#0"},
				"south": {"uv": [6, 8.5, 6.5, 8.625], "texture": "#0"},
				"west": {"uv": [8.5, 9.5, 8.625, 9.625], "texture": "#0"},
				"up": {"uv": [9, 6.125, 8.5, 6], "texture": "#0"},
				"down": {"uv": [7, 8.5, 6.5, 8.625], "texture": "#0"}
			}
		},
		{
			"name": "areys_9",
			"from": [8.85512, 3.48045, 8.16313],
			"to": [9.60139, 3.75171, 8.25977],
			"rotation": {"angle": 0, "axis": "y", "origin": [7.98267, 14.69964, 8.04895]},
			"faces": {
				"north": {"uv": [8.5, 8, 8.875, 8.125], "texture": "#0"},
				"east": {"uv": [9.5, 8.5, 9.625, 8.625], "texture": "#0"},
				"south": {"uv": [8.5, 8.5, 8.875, 8.625], "texture": "#0"},
				"west": {"uv": [9, 9.5, 9.125, 9.625], "texture": "#0"},
				"up": {"uv": [0.375, 9.125, 0, 9], "texture": "#0"},
				"down": {"uv": [9.375, 0, 9, 0.125], "texture": "#0"}
			}
		},
		{
			"name": "areys_9",
			"from": [9.35512, 2.93045, 8.16313],
			"to": [10.10139, 3.20171, 8.25977],
			"rotation": {"angle": 0, "axis": "y", "origin": [7.98267, 14.69964, 8.04895]},
			"faces": {
				"north": {"uv": [0.5, 9, 0.875, 9.125], "texture": "#0"},
				"east": {"uv": [9.5, 9, 9.625, 9.125], "texture": "#0"},
				"south": {"uv": [9, 0.5, 9.375, 0.625], "texture": "#0"},
				"west": {"uv": [9.5, 9.5, 9.625, 9.625], "texture": "#0"},
				"up": {"uv": [9.375, 1.125, 9, 1], "texture": "#0"},
				"down": {"uv": [9.375, 1.5, 9, 1.625], "texture": "#0"}
			}
		},
		{
			"name": "areys_9",
			"from": [8.90512, 8.18045, 7.98813],
			"to": [9.15139, 8.45171, 8.08477],
			"rotation": {"angle": 0, "axis": "y", "origin": [7.98267, 14.69964, 8.04895]},
			"faces": {
				"north": {"uv": [0, 10, 0.125, 10.125], "texture": "#0"},
				"east": {"uv": [0, 10, 0.125, 10.125], "texture": "#0"},
				"south": {"uv": [0, 10, 0.125, 10.125], "texture": "#0"},
				"west": {"uv": [0, 10, 0.125, 10.125], "texture": "#0"},
				"up": {"uv": [0, 10, 0.125, 10.125], "texture": "#0"},
				"down": {"uv": [0, 10, 0.125, 10.125], "texture": "#0"}
			}
		},
		{
			"name": "areys_9",
			"from": [8.90512, 7.68045, 7.98813],
			"to": [9.15139, 7.95171, 8.08477],
			"rotation": {"angle": 0, "axis": "y", "origin": [7.98267, 14.69964, 8.04895]},
			"faces": {
				"north": {"uv": [1.5, 10, 1.625, 10.125], "texture": "#0"},
				"east": {"uv": [1.5, 10, 1.625, 10.125], "texture": "#0"},
				"south": {"uv": [1.5, 10, 1.625, 10.125], "texture": "#0"},
				"west": {"uv": [1.5, 10, 1.625, 10.125], "texture": "#0"},
				"up": {"uv": [1.5, 10, 1.625, 10.125], "texture": "#0"},
				"down": {"uv": [1.5, 10, 1.625, 10.125], "texture": "#0"}
			}
		},
		{
			"name": "areys_9",
			"from": [8.655, 6.90545, 7.93813],
			"to": [8.90127, 9.82671, 8.15977],
			"rotation": {"angle": 0, "axis": "y", "origin": [7.98267, 14.69964, 8.04895]},
			"faces": {
				"north": {"uv": [4, 7, 4.125, 8.5], "texture": "#0"},
				"east": {"uv": [4, 7, 4.125, 8.5], "texture": "#0"},
				"south": {"uv": [4, 7, 4.125, 8.5], "texture": "#0"},
				"west": {"uv": [4, 7, 4.125, 8.5], "texture": "#0"},
				"up": {"uv": [4, 7, 4.125, 8.5], "texture": "#0"},
				"down": {"uv": [4, 7, 4.125, 8.5], "texture": "#0"}
			}
		},
		{
			"name": "areys_9",
			"from": [8.725, 1.70545, 7.825],
			"to": [9, 1.95171, 8.325],
			"rotation": {"angle": 0, "axis": "y", "origin": [7.98267, 14.69964, 8.04895]},
			"faces": {
				"north": {"uv": [3.5, 10, 3.625, 10.125], "texture": "#0"},
				"east": {"uv": [5.5, 9, 5.75, 9.125], "texture": "#0"},
				"south": {"uv": [10, 3.5, 10.125, 3.625], "texture": "#0"},
				"west": {"uv": [9, 5.5, 9.25, 5.625], "texture": "#0"},
				"up": {"uv": [6.125, 9.25, 6, 9], "texture": "#0"},
				"down": {"uv": [9.125, 6, 9, 6.25], "texture": "#0"}
			}
		},
		{
			"name": "areys_9",
			"from": [7.59612, 6.33045, 7.34263],
			"to": [9.38139, 7.07671, 8.75527],
			"rotation": {"angle": 0, "axis": "y", "origin": [7.98267, 14.69964, 8.04895]},
			"faces": {
				"north": {"uv": [4, 6.5, 4.875, 6.875], "texture": "#0"},
				"east": {"uv": [7, 2.5, 7.75, 2.875], "texture": "#0"},
				"south": {"uv": [6.5, 4, 7.375, 4.375], "texture": "#0"},
				"west": {"uv": [7, 3, 7.75, 3.375], "texture": "#0"},
				"up": {"uv": [4.875, 0.75, 4, 0], "texture": "#0"},
				"down": {"uv": [4.875, 1, 4, 1.75], "texture": "#0"}
			}
		},
		{
			"name": "areys_9",
			"from": [7.775, 2.7, 7.825],
			"to": [9, 3.2, 8.325],
			"faces": {
				"north": {"uv": [7.5, 1.5, 8.125, 1.75], "texture": "#0"},
				"east": {"uv": [8.5, 6.5, 8.75, 6.75], "texture": "#0"},
				"south": {"uv": [7.5, 2, 8.125, 2.25], "texture": "#0"},
				"west": {"uv": [7, 8.5, 7.25, 8.75], "texture": "#0"},
				"up": {"uv": [8.125, 6.75, 7.5, 6.5], "texture": "#0"},
				"down": {"uv": [7.625, 7.5, 7, 7.75], "texture": "#0"}
			}
		},
		{
			"name": "areys_9",
			"from": [8, 2.45, 7.825],
			"to": [9, 2.7, 8.325],
			"faces": {
				"north": {"uv": [8.5, 7, 9, 7.125], "texture": "#0"},
				"east": {"uv": [6.5, 9, 6.75, 9.125], "texture": "#0"},
				"south": {"uv": [7.5, 8.5, 8, 8.625], "texture": "#0"},
				"west": {"uv": [9, 6.5, 9.25, 6.625], "texture": "#0"},
				"up": {"uv": [8.5, 0.25, 8, 0], "texture": "#0"},
				"down": {"uv": [8.5, 0.5, 8, 0.75], "texture": "#0"}
			}
		},
		{
			"name": "areys_9",
			"from": [8.25, 2.2, 7.825],
			"to": [9, 2.45, 8.325],
			"faces": {
				"north": {"uv": [9, 2, 9.375, 2.125], "texture": "#0"},
				"east": {"uv": [7, 9, 7.25, 9.125], "texture": "#0"},
				"south": {"uv": [9, 2.5, 9.375, 2.625], "texture": "#0"},
				"west": {"uv": [9, 7, 9.25, 7.125], "texture": "#0"},
				"up": {"uv": [8.375, 1.25, 8, 1], "texture": "#0"},
				"down": {"uv": [8.375, 5.5, 8, 5.75], "texture": "#0"}
			}
		},
		{
			"name": "areys_9",
			"from": [8.5, 1.95, 7.825],
			"to": [9, 2.2, 8.325],
			"faces": {
				"north": {"uv": [7.5, 9, 7.75, 9.125], "texture": "#0"},
				"east": {"uv": [9, 7.5, 9.25, 7.625], "texture": "#0"},
				"south": {"uv": [8, 9, 8.25, 9.125], "texture": "#0"},
				"west": {"uv": [9, 8, 9.25, 8.125], "texture": "#0"},
				"up": {"uv": [8.75, 7.75, 8.5, 7.5], "texture": "#0"},
				"down": {"uv": [8.25, 8.5, 8, 8.75], "texture": "#0"}
			}
		}
	],
	"display": {
		"thirdperson_righthand": {
			"rotation": [-4, -92, -11],
			"translation": [0.25, 3.25, 1],
			"scale": [1.63, 1.63, 1.74]
		},
		"thirdperson_lefthand": {
			"rotation": [-4, 90, 13],
			"translation": [0.25, 3.25, 1.25],
			"scale": [1.63, 1.63, 1.74]
		},
		"firstperson_righthand": {
			"rotation": [-7, -77, -13],
			"translation": [-0.75, 4, 2.5],
			"scale": [0.57, 0.59, 0.6]
		},
		"firstperson_lefthand": {
			"rotation": [31, 95, -22],
			"translation": [-1.25, 3.75, 2.5],
			"scale": [0.57, 0.59, 0.6]
		},
		"ground": {
			"rotation": [-77, -22, 2],
			"translation": [0, -2.5, 3.5],
			"scale": [1.44, 1.51, 1.55]
		},
		"gui": {
			"rotation": [0, 0, 46],
			"translation": [2.75, -4.75, 0],
			"scale": [1.26, 1.26, 1.89]
		},
		"head": {
			"rotation": [-94, 178, 5],
			"translation": [-3.75, -5.5, 12.25],
			"scale": [4, 4, 4]
		},
		"fixed": {
			"rotation": [0, 0, 46],
			"translation": [3.25, -5, 0],
			"scale": [1.26, 1.26, 1.37]
		}
	},
	"groups": [
		{
			"name": "group",
			"origin": [0, 0, 0],
			"color": 0,
			"nbt": "{}",
			"children": [0, 1, 2, 3, 4, 5, 6, 7, 8, 9, 10, 11, 12, 13, 14, 15, 16, 17, 18, 19, 20, 21, 22, 23, 24, 25, 26, 27, 28]
		}
	]
}