{
	"credit": "Made with Blockbench",
	"texture_size": [64, 64],
	"textures": {
		"0": "item/weapons/cheetahs/frostblade",
		"particle": "item/weapons/cheetahs/frostblade"
	},
	"elements": [
		{
			"name": "frost sword_0",
			"from": [7.73375, 30.845, 7.99969],
			"to": [7.9825, 31.84, 8.12406],
			"rotation": {"angle": 0, "axis": "y", "origin": [0.0625, 0, 7.9375]},
			"faces": {
				"north": {"uv": [1.25, 7.5, 1.31219, 7.74875], "texture": "#0"},
				"east": {"uv": [1.25, 7.5, 1.31219, 7.74875], "texture": "#0"},
				"south": {"uv": [1.25, 7.5, 1.31219, 7.72375], "texture": "#0"},
				"west": {"uv": [1.25, 7.5, 1.31219, 7.74875], "texture": "#0"},
				"up": {"uv": [1.25, 7.5, 1.31219, 7.74875], "texture": "#0"},
				"down": {"uv": [1.25, 7.5, 1.31219, 7.74875], "texture": "#0"}
			}
		},
		{
			"name": "frost sword_0",
			"from": [8.23125, 9.4525, 7.87531],
			"to": [8.48, 18.65625, 8.24844],
			"rotation": {"angle": 0, "axis": "y", "origin": [0.0625, 0, 7.9375]},
			"faces": {
				"north": {"uv": [0.25, 5, 0.31219, 7.30094], "texture": "#0"},
				"east": {"uv": [0.25, 5, 0.31219, 7.30094], "texture": "#0"},
				"south": {"uv": [0.25, 5, 0.31219, 7.27594], "texture": "#0"},
				"west": {"uv": [0.25, 5, 0.31219, 7.30094], "texture": "#0"},
				"up": {"uv": [0.25, 5, 0.31219, 7.30094], "texture": "#0"},
				"down": {"uv": [0.25, 5, 0.31219, 7.30094], "texture": "#0"}
			}
		},
		{
			"name": "frost sword_0",
			"from": [7.23625, 9.4525, 7.87531],
			"to": [7.485, 18.65625, 8.24844],
			"rotation": {"angle": 0, "axis": "y", "origin": [0.0625, 0, 7.9375]},
			"faces": {
				"north": {"uv": [5, 5, 5.06219, 7.30094], "texture": "#0"},
				"east": {"uv": [5, 5, 5.06219, 7.30094], "texture": "#0"},
				"south": {"uv": [5, 5, 5.06219, 7.27594], "texture": "#0"},
				"west": {"uv": [5, 5, 5.06219, 7.27594], "texture": "#0"},
				"up": {"uv": [5, 5, 5.06219, 7.30094], "texture": "#0"},
				"down": {"uv": [5, 5, 5.06219, 7.30094], "texture": "#0"}
			}
		},
		{
			"name": "frost sword_0",
			"from": [8.48, 9.20375, 7.9375],
			"to": [8.72875, 19.65125, 8.18625],
			"rotation": {"angle": 0, "axis": "y", "origin": [0.0625, 0, 7.9375]},
			"faces": {
				"north": {"uv": [3.25, 0, 3.31219, 2.61188], "texture": "#0"},
				"east": {"uv": [3.25, 0, 3.31219, 2.61188], "texture": "#0"},
				"south": {"uv": [3.25, 0, 3.31219, 2.62438], "texture": "#0"},
				"west": {"uv": [3.25, 0, 3.31219, 2.61188], "texture": "#0"},
				"up": {"uv": [3.25, 0, 3.31219, 2.61188], "texture": "#0"},
				"down": {"uv": [3.25, 0, 3.31219, 2.61188], "texture": "#0"}
			}
		},
		{
			"name": "frost sword_1",
			"from": [6.73875, 9.20375, 7.9375],
			"to": [6.9875, 9.99975, 8.16138],
			"rotation": {"angle": 0, "axis": "y", "origin": [0.0625, 0, 7.9375]},
			"faces": {
				"north": {"uv": [7.75, 5.25, 7.81219, 5.4365], "texture": "#0"},
				"east": {"uv": [7.75, 5.25, 7.81219, 5.4365], "texture": "#0"},
				"south": {"uv": [7.75, 5.25, 7.81219, 5.424], "texture": "#0"},
				"west": {"uv": [7.75, 5.2125, 7.81219, 5.4365], "texture": "#0"},
				"up": {"uv": [7.75, 5.33125, 7.81219, 5.36775], "texture": "#0"},
				"down": {"uv": [7.75, 5.25, 7.81219, 5.449], "texture": "#0"}
			}
		},
		{
			"name": "frost sword_3",
			"from": [7.23625, 6.21875, 7.7385],
			"to": [7.485, 7.01475, 8.31063],
			"rotation": {"angle": 0, "axis": "y", "origin": [0.0625, 0, 7.9375]},
			"faces": {
				"north": {"uv": [5.75, 7.75, 5.81219, 7.93025], "texture": "#0"},
				"east": {"uv": [5.75, 7.75, 5.81219, 7.9365], "texture": "#0"},
				"south": {"uv": [5.75, 7.75, 5.81219, 7.924], "texture": "#0"},
				"west": {"uv": [5.75, 7.75, 5.81219, 7.9365], "texture": "#0"},
				"up": {"uv": [5.75, 7.75, 5.81219, 7.9365], "texture": "#0"},
				"down": {"uv": [5.75, 7.75, 5.81219, 7.8865], "texture": "#0"}
			}
		},
		{
			"name": "frost sword_4",
			"from": [8.23125, 6.21875, 7.7385],
			"to": [8.48, 7.01475, 8.31063],
			"rotation": {"angle": 0, "axis": "y", "origin": [0.0625, 0, 7.9375]},
			"faces": {
				"north": {"uv": [6, 7.75, 6.06219, 7.93025], "texture": "#0"},
				"east": {"uv": [6, 7.75, 6.06219, 7.9365], "texture": "#0"},
				"south": {"uv": [6, 7.75, 6.06219, 7.924], "texture": "#0"},
				"west": {"uv": [6, 7.75, 6.06219, 7.9365], "texture": "#0"},
				"up": {"uv": [6, 7.75, 6.06219, 7.9365], "texture": "#0"},
				"down": {"uv": [6, 7.75, 6.06219, 7.8865], "texture": "#0"}
			}
		},
		{
			"name": "frost sword_4",
			"from": [8.082, 5.174, 7.88775],
			"to": [8.33075, 6.01975, 8.21112],
			"rotation": {"angle": 0, "axis": "y", "origin": [0.0625, 0, 7.9375]},
			"faces": {
				"north": {"uv": [7.75, 6.25, 7.81219, 6.43644], "texture": "#0"},
				"east": {"uv": [7.75, 6.25, 7.81219, 6.43644], "texture": "#0"},
				"south": {"uv": [7.75, 6.25, 7.81219, 6.41144], "texture": "#0"},
				"west": {"uv": [7.75, 6.25, 7.81219, 6.43644], "texture": "#0"},
				"up": {"uv": [7.75, 6.25, 7.81219, 6.31144], "texture": "#0"},
				"down": {"uv": [7.75, 6.25, 7.81219, 6.43644], "texture": "#0"}
			}
		},
		{
			"name": "frost sword_5",
			"from": [7.73375, 5.174, 7.78825],
			"to": [7.9825, 6.01975, 8.31063],
			"rotation": {"angle": 0, "axis": "y", "origin": [0.0625, 0, 7.9375]},
			"faces": {
				"north": {"uv": [6.75, 7.75, 6.81219, 7.93644], "texture": "#0"},
				"east": {"uv": [6.75, 7.75, 6.81219, 7.93644], "texture": "#0"},
				"south": {"uv": [6.75, 7.75, 6.81219, 7.91144], "texture": "#0"},
				"west": {"uv": [6.75, 7.75, 6.81219, 7.93644], "texture": "#0"},
				"up": {"uv": [6.75, 7.75, 6.81219, 7.93644], "texture": "#0"},
				"down": {"uv": [6.75, 7.75, 6.81219, 7.93644], "texture": "#0"}
			}
		},
		{
			"name": "frost sword_5",
			"from": [7.53475, 6.01975, 7.88775],
			"to": [7.7835, 6.2685, 8.21112],
			"rotation": {"angle": 0, "axis": "y", "origin": [0.0625, 0, 7.9375]},
			"faces": {
				"north": {"uv": [0.75, 8.5, 0.81219, 8.56219], "texture": "#0"},
				"east": {"uv": [0.75, 8.5, 0.81219, 8.56219], "texture": "#0"},
				"south": {"uv": [0.75, 8.5, 0.81219, 8.53719], "texture": "#0"},
				"west": {"uv": [0.75, 8.5, 0.81219, 8.56219], "texture": "#0"},
				"up": {"uv": [0.75, 8.5, 0.81219, 8.56219], "texture": "#0"},
				"down": {"uv": [0.75, 8.5, 0.81219, 8.56219], "texture": "#0"}
			}
		},
		{
			"name": "frost sword_6",
			"from": [7.93275, 6.01975, 7.88775],
			"to": [8.1815, 6.2685, 8.21112],
			"rotation": {"angle": 0, "axis": "y", "origin": [0.0625, 0, 7.9375]},
			"faces": {
				"north": {"uv": [1.5, 8.5, 1.56219, 8.56219], "texture": "#0"},
				"east": {"uv": [1.5, 8.5, 1.56219, 8.56219], "texture": "#0"},
				"south": {"uv": [1.5, 8.5, 1.56219, 8.53719], "texture": "#0"},
				"west": {"uv": [1.5, 8.5, 1.56219, 8.56219], "texture": "#0"},
				"up": {"uv": [1.5, 8.5, 1.56219, 8.56219], "texture": "#0"},
				"down": {"uv": [1.5, 8.5, 1.56219, 8.56219], "texture": "#0"}
			}
		},
		{
			"name": "frost sword_7",
			"from": [7.73375, 6.2685, 7.88775],
			"to": [7.9825, 6.51725, 8.21112],
			"rotation": {"angle": 0, "axis": "y", "origin": [0.0625, 0, 7.9375]},
			"faces": {
				"north": {"uv": [2.25, 8.5, 2.31219, 8.56219], "texture": "#0"},
				"east": {"uv": [2.25, 8.5, 2.31219, 8.56219], "texture": "#0"},
				"south": {"uv": [2.25, 8.5, 2.31219, 8.53719], "texture": "#0"},
				"west": {"uv": [2.25, 8.5, 2.31219, 8.56219], "texture": "#0"},
				"up": {"uv": [2.25, 8.5, 2.31219, 8.56219], "texture": "#0"},
				"down": {"uv": [2.25, 8.5, 2.31219, 8.56219], "texture": "#0"}
			}
		},
		{
			"name": "frost sword_8",
			"from": [7.73375, 3.98, 7.88775],
			"to": [7.9825, 4.92525, 8.21112],
			"rotation": {"angle": 0, "axis": "y", "origin": [0.0625, 0, 7.9375]},
			"faces": {
				"north": {"uv": [1.75, 7.5, 1.81219, 7.73631], "texture": "#0"},
				"east": {"uv": [1.75, 7.5, 1.81219, 7.73631], "texture": "#0"},
				"south": {"uv": [1.75, 7.5, 1.81219, 7.71131], "texture": "#0"},
				"west": {"uv": [1.75, 7.5, 1.81219, 7.73631], "texture": "#0"},
				"up": {"uv": [1.75, 7.5, 1.81219, 7.73631], "texture": "#0"},
				"down": {"uv": [1.75, 7.5, 1.81219, 7.73631], "texture": "#0"}
			}
		},
		{
			"name": "frost sword_7",
			"from": [7.93275, 4.92525, 7.88775],
			"to": [8.1815, 5.174, 8.21112],
			"rotation": {"angle": 0, "axis": "y", "origin": [0.0625, 31.84, 7.9375]},
			"faces": {
				"north": {"uv": [3.25, 8.5, 3.31219, 8.56219], "texture": "#0"},
				"east": {"uv": [3.25, 8.5, 3.31219, 8.56219], "texture": "#0"},
				"south": {"uv": [3.25, 8.5, 3.31219, 8.53719], "texture": "#0"},
				"west": {"uv": [3.25, 8.5, 3.31219, 8.56219], "texture": "#0"},
				"up": {"uv": [3.25, 8.5, 3.31219, 8.56219], "texture": "#0"},
				"down": {"uv": [3.25, 8.5, 3.31219, 8.56219], "texture": "#0"}
			}
		},
		{
			"name": "frost sword_8",
			"from": [7.9825, 5.174, 7.838],
			"to": [8.082, 6.01975, 8.26087],
			"rotation": {"angle": 0, "axis": "y", "origin": [0.0625, 31.84, 7.9375]},
			"faces": {
				"north": {"uv": [7, 7.75, 7.02488, 7.93644], "texture": "#0"},
				"east": {"uv": [7, 7.75, 7.02488, 7.93644], "texture": "#0"},
				"south": {"uv": [7, 7.75, 7.02488, 7.91144], "texture": "#0"},
				"west": {"uv": [7, 7.75, 7.02488, 7.93644], "texture": "#0"},
				"up": {"uv": [7, 7.75, 7.02488, 7.81144], "texture": "#0"},
				"down": {"uv": [7, 7.75, 7.02488, 7.93644], "texture": "#0"}
			}
		},
		{
			"name": "frost sword_9",
			"from": [7.7835, 6.01975, 7.838],
			"to": [7.93275, 6.2685, 8.26087],
			"rotation": {"angle": 0, "axis": "y", "origin": [0.0625, 31.84, 7.9375]},
			"faces": {
				"north": {"uv": [8.5, 3.75, 8.53731, 3.81219], "texture": "#0"},
				"east": {"uv": [8.5, 3.75, 8.53731, 3.81219], "texture": "#0"},
				"south": {"uv": [8.5, 3.75, 8.53731, 3.78719], "texture": "#0"},
				"west": {"uv": [8.5, 3.75, 8.53731, 3.81219], "texture": "#0"},
				"up": {"uv": [8.5, 3.75, 8.53731, 3.81219], "texture": "#0"},
				"down": {"uv": [8.5, 3.75, 8.53731, 3.81219], "texture": "#0"}
			}
		},
		{
			"name": "frost sword_10",
			"from": [7.7835, 4.92525, 7.838],
			"to": [7.93275, 5.174, 8.26087],
			"rotation": {"angle": 0, "axis": "y", "origin": [0.0625, 31.84, 7.9375]},
			"faces": {
				"north": {"uv": [8.5, 4, 8.53731, 4.06219], "texture": "#0"},
				"east": {"uv": [8.5, 4, 8.53731, 4.06219], "texture": "#0"},
				"south": {"uv": [8.5, 4, 8.53731, 4.03719], "texture": "#0"},
				"west": {"uv": [8.5, 4, 8.53731, 4.06219], "texture": "#0"},
				"up": {"uv": [8.5, 4, 8.53731, 4.06219], "texture": "#0"},
				"down": {"uv": [8.5, 4, 8.53731, 4.06219], "texture": "#0"}
			}
		},
		{
			"name": "frost sword_9",
			"from": [7.63425, 5.174, 7.838],
			"to": [7.73375, 6.01975, 8.26087],
			"rotation": {"angle": 0, "axis": "y", "origin": [0.0625, 31.84, 7.9375]},
			"faces": {
				"north": {"uv": [7.25, 7.75, 7.27488, 7.93644], "texture": "#0"},
				"east": {"uv": [7.25, 7.75, 7.27488, 7.93644], "texture": "#0"},
				"south": {"uv": [7.25, 7.75, 7.27488, 7.91144], "texture": "#0"},
				"west": {"uv": [7.25, 7.75, 7.27488, 7.93644], "texture": "#0"},
				"up": {"uv": [7.25, 7.75, 7.27488, 7.81144], "texture": "#0"},
				"down": {"uv": [7.25, 7.75, 7.27488, 7.93644], "texture": "#0"}
			}
		},
		{
			"name": "frost sword_6",
			"from": [7.53475, 4.92525, 7.88775],
			"to": [7.7835, 5.174, 8.21112],
			"rotation": {"angle": 0, "axis": "y", "origin": [0.0625, 31.84, 7.9375]},
			"faces": {
				"north": {"uv": [4.5, 8.5, 4.56219, 8.56219], "texture": "#0"},
				"east": {"uv": [4.5, 8.5, 4.56219, 8.56219], "texture": "#0"},
				"south": {"uv": [4.5, 8.5, 4.56219, 8.53719], "texture": "#0"},
				"west": {"uv": [4.5, 8.5, 4.56219, 8.56219], "texture": "#0"},
				"up": {"uv": [4.5, 8.5, 4.56219, 8.56219], "texture": "#0"},
				"down": {"uv": [4.5, 8.5, 4.56219, 8.56219], "texture": "#0"}
			}
		},
		{
			"name": "lycanbane_101",
			"from": [7.73375, -1.895, 7.81313],
			"to": [7.9825, -1.3975, 8.36038],
			"rotation": {"angle": 0, "axis": "y", "origin": [0.0625, 0, 7.9375]},
			"faces": {
				"north": {"uv": [8, 6, 8.06219, 6.12438], "texture": "#0"},
				"east": {"uv": [8, 6, 8.06219, 6.12438], "texture": "#0"},
				"south": {"uv": [8, 6, 8.06219, 6.09938], "texture": "#0"},
				"west": {"uv": [8, 6, 8.06219, 6.12438], "texture": "#0"},
				"up": {"uv": [8, 6, 8.06219, 6.12438], "texture": "#0"},
				"down": {"uv": [8, 6, 8.06219, 6.12438], "texture": "#0"}
			}
		},
		{
			"name": "lycanbane_100",
			"from": [8.48, -0.65125, 7.78825],
			"to": [8.72875, -0.4025, 8.3355],
			"rotation": {"angle": 0, "axis": "y", "origin": [0.0625, 0, 7.9375]},
			"faces": {
				"north": {"uv": [8.5, 5, 8.56219, 5.06219], "texture": "#0"},
				"east": {"uv": [8.5, 5, 8.56219, 5.06219], "texture": "#0"},
				"south": {"uv": [8.5, 5, 8.56219, 5.03719], "texture": "#0"},
				"west": {"uv": [8.5, 5, 8.56219, 5.06219], "texture": "#0"},
				"up": {"uv": [8.5, 5, 8.56219, 5.06219], "texture": "#0"},
				"down": {"uv": [8.5, 5, 8.56219, 5.06219], "texture": "#0"}
			}
		},
		{
			"name": "lycanbane_99",
			"from": [6.9875, -0.4025, 7.78825],
			"to": [7.23625, -0.15375, 8.3355],
			"rotation": {"angle": 0, "axis": "y", "origin": [0.0625, 0, 7.9375]},
			"faces": {
				"north": {"uv": [8.5, 5.25, 8.56219, 5.31219], "texture": "#0"},
				"east": {"uv": [8.5, 5.25, 8.56219, 5.31219], "texture": "#0"},
				"south": {"uv": [8.5, 5.25, 8.56219, 5.28719], "texture": "#0"},
				"west": {"uv": [8.5, 5.25, 8.56219, 5.31219], "texture": "#0"},
				"up": {"uv": [8.5, 5.25, 8.56219, 5.31219], "texture": "#0"},
				"down": {"uv": [8.5, 5.25, 8.56219, 5.31219], "texture": "#0"}
			}
		},
		{
			"name": "lycanbane_98",
			"from": [7.485, -1.3975, 7.66388],
			"to": [8.23125, -0.15375, 8.45987],
			"rotation": {"angle": 0, "axis": "y", "origin": [0.0625, 0, 7.9375]},
			"faces": {
				"north": {"uv": [5.75, 3.5, 5.93656, 3.81094], "texture": "#0"},
				"east": {"uv": [5.75, 3.5, 5.93656, 3.81094], "texture": "#0"},
				"south": {"uv": [5.75, 3.5, 5.93656, 3.78594], "texture": "#0"},
				"west": {"uv": [5.75, 3.5, 5.93656, 3.81094], "texture": "#0"},
				"up": {"uv": [5.75, 3.5, 5.93656, 3.81094], "texture": "#0"},
				"down": {"uv": [5.75, 3.5, 5.93656, 3.81094], "texture": "#0"}
			}
		},
		{
			"name": "lycanbane_97",
			"from": [8.23125, -0.65125, 7.78825],
			"to": [8.48, -0.15375, 8.3355],
			"rotation": {"angle": 0, "axis": "y", "origin": [0.0625, 0, 7.9375]},
			"faces": {
				"north": {"uv": [8, 7.5, 8.06219, 7.62438], "texture": "#0"},
				"east": {"uv": [8, 7.5, 8.06219, 7.62438], "texture": "#0"},
				"south": {"uv": [8, 7.5, 8.06219, 7.59938], "texture": "#0"},
				"west": {"uv": [8, 7.5, 8.06219, 7.62438], "texture": "#0"},
				"up": {"uv": [8, 7.5, 8.06219, 7.62438], "texture": "#0"},
				"down": {"uv": [8, 7.5, 8.06219, 7.62438], "texture": "#0"}
			}
		},
		{
			"name": "lycanbane_96",
			"from": [7.23625, -0.65125, 7.78825],
			"to": [7.485, -0.15375, 8.3355],
			"rotation": {"angle": 0, "axis": "y", "origin": [0.0625, 0, 7.9375]},
			"faces": {
				"north": {"uv": [0, 8.25, 0.06219, 8.37438], "texture": "#0"},
				"east": {"uv": [0, 8.25, 0.06219, 8.37438], "texture": "#0"},
				"south": {"uv": [0, 8.25, 0.06219, 8.34938], "texture": "#0"},
				"west": {"uv": [0, 8.25, 0.06219, 8.37438], "texture": "#0"},
				"up": {"uv": [0, 8.25, 0.06219, 8.37438], "texture": "#0"},
				"down": {"uv": [0, 8.25, 0.06219, 8.37438], "texture": "#0"}
			}
		},
		{
			"name": "lycanbane_95",
			"from": [7.485, -0.15375, 7.68875],
			"to": [8.23125, 0.095, 8.435],
			"rotation": {"angle": 0, "axis": "y", "origin": [0.0625, 0, 7.9375]},
			"faces": {
				"north": {"uv": [7.75, 7.5, 7.93656, 7.56219], "texture": "#0"},
				"east": {"uv": [7.75, 7.5, 7.93656, 7.56219], "texture": "#0"},
				"south": {"uv": [7.75, 7.5, 7.93656, 7.53719], "texture": "#0"},
				"west": {"uv": [7.75, 7.5, 7.93656, 7.56219], "texture": "#0"},
				"up": {"uv": [7.75, 7.5, 7.93656, 7.56219], "texture": "#0"},
				"down": {"uv": [7.75, 7.5, 7.93656, 7.56219], "texture": "#0"}
			}
		},
		{
			"name": "lycanbane_94",
			"from": [7.33575, 0.095, 7.61413],
			"to": [8.33075, 0.5925, 8.45987],
			"rotation": {"angle": 0, "axis": "y", "origin": [0.0625, 0, 7.9375]},
			"faces": {
				"north": {"uv": [6.5, 0, 6.74875, 0.12437], "texture": "#0"},
				"east": {"uv": [6.5, 0, 6.74875, 0.12437], "texture": "#0"},
				"south": {"uv": [6.5, 0, 6.74875, 0.09937], "texture": "#0"},
				"west": {"uv": [6.5, 0, 6.74875, 0.12437], "texture": "#0"},
				"up": {"uv": [6.5, 0, 6.74875, 0.12437], "texture": "#0"},
				"down": {"uv": [6.5, 0, 6.74875, 0.12437], "texture": "#0"}
			}
		},
		{
			"name": "frost sword_9",
			"from": [7.63425, 0.593, 7.78825],
			"to": [8.082, 4.0795, 8.236],
			"rotation": {"angle": 0, "axis": "y", "origin": [0.0625, 31.84, 7.9375]},
			"faces": {
				"north": {"uv": [5.5, 4.5, 5.61194, 5.17163], "texture": "#0"},
				"east": {"uv": [5.5, 4.5, 5.61194, 5.17163], "texture": "#0"},
				"south": {"uv": [5.5, 4.5, 5.61194, 5.14663], "texture": "#0"},
				"west": {"uv": [5.5, 4.5, 5.61194, 5.17163], "texture": "#0"},
				"up": {"uv": [5.5, 4.5, 5.61194, 5.17163], "texture": "#0"},
				"down": {"uv": [5.5, 4.5, 5.61194, 5.17163], "texture": "#0"}
			}
		},
		{
			"name": "frost sword_5",
			"from": [7.3855, 5.174, 7.88775],
			"to": [7.63425, 6.01975, 8.21112],
			"rotation": {"angle": 0, "axis": "y", "origin": [0.0625, 0, 7.9375]},
			"faces": {
				"north": {"uv": [0.25, 8, 0.31219, 8.18644], "texture": "#0"},
				"east": {"uv": [0.25, 8, 0.31219, 8.18644], "texture": "#0"},
				"south": {"uv": [0.25, 8, 0.31219, 8.16144], "texture": "#0"},
				"west": {"uv": [0.25, 8, 0.31219, 8.18644], "texture": "#0"},
				"up": {"uv": [0.25, 8, 0.31219, 8.18644], "texture": "#0"},
				"down": {"uv": [0.25, 8, 0.31219, 8.18644], "texture": "#0"}
			}
		},
		{
			"name": "frost sword_2",
			"from": [8.72875, 9.20375, 7.9375],
			"to": [8.9775, 9.99975, 8.16138],
			"rotation": {"angle": 0, "axis": "y", "origin": [0.0625, 0, 7.9375]},
			"faces": {
				"north": {"uv": [0.75, 8, 0.81219, 8.1865], "texture": "#0"},
				"east": {"uv": [0.75, 8, 0.81219, 8.1865], "texture": "#0"},
				"south": {"uv": [0.75, 8, 0.81219, 8.18025], "texture": "#0"},
				"west": {"uv": [0.75, 8, 0.81219, 8.1865], "texture": "#0"},
				"up": {"uv": [0.75, 8.08125, 0.81219, 8.11775], "texture": "#0"},
				"down": {"uv": [0.75, 8, 0.81219, 8.199], "texture": "#0"}
			}
		},
		{
			"name": "frost sword_5",
			"from": [8.33075, 5.174, 7.7385],
			"to": [8.5795, 6.21875, 8.36038],
			"rotation": {"angle": 0, "axis": "y", "origin": [0.0625, 0, 7.9375]},
			"faces": {
				"north": {"uv": [4, 7.5, 4.06219, 7.74244], "texture": "#0"},
				"east": {"uv": [4, 7.5, 4.06219, 7.74244], "texture": "#0"},
				"south": {"uv": [4, 7.5, 4.06219, 7.71744], "texture": "#0"},
				"west": {"uv": [4, 7.5, 4.06219, 7.74244], "texture": "#0"},
				"up": {"uv": [4, 7.5, 4.06219, 7.74244], "texture": "#0"},
				"down": {"uv": [4, 7.5, 4.06219, 7.74244], "texture": "#0"}
			}
		},
		{
			"name": "frost sword_6",
			"from": [7.13675, 5.174, 7.7385],
			"to": [7.3855, 6.21875, 8.31063],
			"rotation": {"angle": 0, "axis": "y", "origin": [0.0625, 0, 7.9375]},
			"faces": {
				"north": {"uv": [4.25, 7.5, 4.31219, 7.74244], "texture": "#0"},
				"east": {"uv": [4.25, 7.5, 4.31219, 7.74244], "texture": "#0"},
				"south": {"uv": [4.25, 7.5, 4.31219, 7.71744], "texture": "#0"},
				"west": {"uv": [4.25, 7.5, 4.31219, 7.74244], "texture": "#0"},
				"up": {"uv": [4.25, 7.5, 4.31219, 7.74244], "texture": "#0"},
				"down": {"uv": [4.25, 7.5, 4.31219, 7.74244], "texture": "#0"}
			}
		},
		{
			"name": "frost sword_7",
			"from": [7.286, 4.12925, 7.7385],
			"to": [7.53475, 5.174, 8.31063],
			"rotation": {"angle": 0, "axis": "y", "origin": [0.0625, 0, 7.9375]},
			"faces": {
				"north": {"uv": [7.5, 4.5, 7.56219, 4.76119], "texture": "#0"},
				"east": {"uv": [7.5, 4.5, 7.56219, 4.76119], "texture": "#0"},
				"south": {"uv": [7.5, 4.5, 7.56219, 4.73619], "texture": "#0"},
				"west": {"uv": [7.5, 4.5, 7.56219, 4.76119], "texture": "#0"},
				"up": {"uv": [7.5, 4.5, 7.56219, 4.76119], "texture": "#0"},
				"down": {"uv": [7.5, 4.5, 7.56219, 4.76119], "texture": "#0"}
			}
		},
		{
			"name": "frost sword_8",
			"from": [7.53475, 3.8805, 7.7385],
			"to": [7.73375, 4.92525, 8.31063],
			"rotation": {"angle": 0, "axis": "y", "origin": [0.0625, 0, 7.9375]},
			"faces": {
				"north": {"uv": [7.5, 4.75, 7.56225, 4.99869], "texture": "#0"},
				"east": {"uv": [7.5, 4.75, 7.54975, 4.99869], "texture": "#0"},
				"south": {"uv": [7.5, 4.75, 7.54975, 4.98619], "texture": "#0"},
				"west": {"uv": [7.5, 4.75, 7.56225, 4.99869], "texture": "#0"},
				"up": {"uv": [7.5, 4.75, 7.54975, 4.99869], "texture": "#0"},
				"down": {"uv": [7.5, 4.75, 7.54975, 5.01119], "texture": "#0"}
			}
		},
		{
			"name": "frost sword_9",
			"from": [7.9825, 3.8805, 7.7385],
			"to": [8.1815, 4.92525, 8.31063],
			"rotation": {"angle": 0, "axis": "y", "origin": [0.0625, 0, 7.9375]},
			"faces": {
				"north": {"uv": [7.5, 5, 7.54975, 5.26119], "texture": "#0"},
				"east": {"uv": [7.5, 5, 7.54975, 5.26119], "texture": "#0"},
				"south": {"uv": [7.5, 5, 7.54975, 5.23619], "texture": "#0"},
				"west": {"uv": [7.5, 5, 7.54975, 5.26119], "texture": "#0"},
				"up": {"uv": [7.5, 5, 7.54975, 5.11744], "texture": "#0"},
				"down": {"uv": [7.5, 5.16875, 7.54975, 5.26119], "texture": "#0"}
			}
		},
		{
			"name": "frost sword_8",
			"from": [8.1815, 4.12925, 7.7385],
			"to": [8.43025, 5.174, 8.31063],
			"rotation": {"angle": 0, "axis": "y", "origin": [0.0625, 0, 7.9375]},
			"faces": {
				"north": {"uv": [7.5, 5.5, 7.56219, 5.76119], "texture": "#0"},
				"east": {"uv": [7.5, 5.5, 7.56219, 5.73619], "texture": "#0"},
				"south": {"uv": [7.5, 5.5, 7.56219, 5.73619], "texture": "#0"},
				"west": {"uv": [7.5, 5.5, 7.56219, 5.76119], "texture": "#0"},
				"up": {"uv": [7.5, 5.5, 7.56219, 5.61744], "texture": "#0"},
				"down": {"uv": [7.5, 5.65, 7.56219, 5.76119], "texture": "#0"}
			}
		},
		{
			"name": "frost sword_3",
			"from": [6.73875, 8.955, 7.9375],
			"to": [6.9875, 9.20375, 8.16138],
			"rotation": {"angle": 0, "axis": "y", "origin": [0.0625, 0, 7.9375]},
			"faces": {
				"north": {"uv": [6.25, 8.5, 6.31219, 8.56219], "texture": "#0"},
				"east": {"uv": [6.25, 8.5, 6.31219, 8.56219], "texture": "#0"},
				"south": {"uv": [6.25, 8.5, 6.31219, 8.53719], "texture": "#0"},
				"west": {"uv": [6.25, 8.5, 6.31219, 8.56219], "texture": "#0"},
				"up": {"uv": [6.25, 8.5, 6.31219, 8.56219], "texture": "#0"},
				"down": {"uv": [6.25, 8.5, 6.31219, 8.56219], "texture": "#0"}
			}
		},
		{
			"name": "frost sword_4",
			"from": [6.49, 7.21375, 7.9375],
			"to": [6.73875, 8.955, 8.16138],
			"rotation": {"angle": 0, "axis": "y", "origin": [0.0625, 0, 7.9375]},
			"faces": {
				"north": {"uv": [6.5, 6.75, 6.56219, 7.18531], "texture": "#0"},
				"east": {"uv": [6.5, 6.75, 6.56219, 7.18531], "texture": "#0"},
				"south": {"uv": [6.5, 6.75, 6.56219, 7.11656], "texture": "#0"},
				"west": {"uv": [6.5, 6.75, 6.56219, 7.18531], "texture": "#0"},
				"up": {"uv": [6.5, 6.75, 6.56219, 6.82906], "texture": "#0"},
				"down": {"uv": [6.5, 7.0625, 6.56219, 7.18531], "texture": "#0"}
			}
		},
		{
			"name": "frost sword_4",
			"from": [6.24125, 7.4625, 7.9375],
			"to": [6.49, 8.70625, 8.16138],
			"rotation": {"angle": 0, "axis": "y", "origin": [0.0625, 0, 7.9375]},
			"faces": {
				"north": {"uv": [5.5, 7.25, 5.56219, 7.56094], "texture": "#0"},
				"east": {"uv": [5.5, 7.25, 5.56219, 7.56094], "texture": "#0"},
				"south": {"uv": [5.5, 7.25, 5.56219, 7.56094], "texture": "#0"},
				"west": {"uv": [5.5, 7.25, 5.56219, 7.56094], "texture": "#0"},
				"up": {"uv": [5.5, 7.25, 5.56219, 7.49219], "texture": "#0"},
				"down": {"uv": [5.5, 7.50625, 5.56219, 7.56094], "texture": "#0"}
			}
		},
		{
			"name": "frost sword_5",
			"from": [5.9925, 7.71125, 7.9375],
			"to": [6.24125, 8.4575, 8.16138],
			"rotation": {"angle": 0, "axis": "y", "origin": [0.0625, 0, 7.9375]},
			"faces": {
				"north": {"uv": [1.25, 8, 1.31219, 8.18656], "texture": "#0"},
				"east": {"uv": [1.25, 8, 1.31219, 8.18656], "texture": "#0"},
				"south": {"uv": [1.25, 8, 1.31219, 8.18656], "texture": "#0"},
				"west": {"uv": [1.25, 8, 1.31219, 8.18656], "texture": "#0"},
				"up": {"uv": [1.25, 8, 1.31219, 8.11781], "texture": "#0"},
				"down": {"uv": [1.25, 8.1875, 1.31219, 8.12406], "texture": "#0"}
			}
		},
		{
			"name": "frost sword_5",
			"from": [5.74375, 7.96, 7.9375],
			"to": [5.9925, 8.20875, 8.16138],
			"rotation": {"angle": 0, "axis": "y", "origin": [0.0625, 0, 7.9375]},
			"faces": {
				"north": {"uv": [7.75, 8.5, 7.81219, 8.56219], "texture": "#0"},
				"east": {"uv": [7.75, 8.5, 7.81219, 8.56219], "texture": "#0"},
				"south": {"uv": [7.75, 8.5, 7.81219, 8.53719], "texture": "#0"},
				"west": {"uv": [7.75, 8.5, 7.81219, 8.56219], "texture": "#0"},
				"up": {"uv": [7.75, 8.5, 7.81219, 8.56219], "texture": "#0"},
				"down": {"uv": [7.75, 8.5, 7.81219, 8.56219], "texture": "#0"}
			}
		},
		{
			"name": "frost sword_5",
			"from": [8.9775, 7.21375, 7.9375],
			"to": [9.22625, 8.955, 8.16138],
			"rotation": {"angle": 0, "axis": "y", "origin": [31.65375, 0, 7.9375]},
			"faces": {
				"north": {"uv": [7, 1, 7.06219, 1.43531], "texture": "#0"},
				"east": {"uv": [7, 1, 7.06219, 1.43531], "texture": "#0"},
				"south": {"uv": [7, 1, 7.06219, 1.43531], "texture": "#0"},
				"west": {"uv": [7, 1, 7.06219, 1.43531], "texture": "#0"},
				"up": {"uv": [7, 1, 7.06219, 1.06031], "texture": "#0"},
				"down": {"uv": [7, 1.39375, 7.06219, 1.42906], "texture": "#0"}
			}
		},
		{
			"name": "frost sword_5",
			"from": [9.22625, 7.4625, 7.9375],
			"to": [9.475, 8.70625, 8.16138],
			"rotation": {"angle": 0, "axis": "y", "origin": [31.65375, 0, 7.9375]},
			"faces": {
				"north": {"uv": [7.25, 6.25, 7.31219, 6.56094], "texture": "#0"},
				"east": {"uv": [7.25, 6.25, 7.31219, 6.56094], "texture": "#0"},
				"south": {"uv": [7.25, 6.25, 7.31219, 6.53594], "texture": "#0"},
				"west": {"uv": [7.25, 6.25, 7.31219, 6.56094], "texture": "#0"},
				"up": {"uv": [7.25, 6.25, 7.31219, 6.31094], "texture": "#0"},
				"down": {"uv": [7.25, 6.55, 7.31219, 6.49844], "texture": "#0"}
			}
		},
		{
			"name": "frost sword_6",
			"from": [9.475, 7.71125, 7.9375],
			"to": [9.72375, 8.4575, 8.16138],
			"rotation": {"angle": 0, "axis": "y", "origin": [31.65375, 0, 7.9375]},
			"faces": {
				"north": {"uv": [1.75, 8, 1.81219, 8.18656], "texture": "#0"},
				"east": {"uv": [1.75, 8, 1.81219, 8.18656], "texture": "#0"},
				"south": {"uv": [1.75, 8, 1.81219, 8.16156], "texture": "#0"},
				"west": {"uv": [1.75, 8, 1.81219, 8.18656], "texture": "#0"},
				"up": {"uv": [1.75, 8.0625, 1.81219, 7.99906], "texture": "#0"},
				"down": {"uv": [1.75, 8.18125, 1.81219, 8.12406], "texture": "#0"}
			}
		},
		{
			"name": "frost sword_6",
			"from": [9.72375, 7.96, 7.9375],
			"to": [9.9725, 8.20875, 8.16138],
			"rotation": {"angle": 0, "axis": "y", "origin": [31.65375, 0, 7.9375]},
			"faces": {
				"north": {"uv": [8.75, 0.5, 8.81219, 0.56219], "texture": "#0"},
				"east": {"uv": [8.75, 0.5, 8.81219, 0.56219], "texture": "#0"},
				"south": {"uv": [8.75, 0.5, 8.81219, 0.53719], "texture": "#0"},
				"west": {"uv": [8.75, 0.5, 8.81219, 0.56219], "texture": "#0"},
				"up": {"uv": [8.75, 0.5, 8.81219, 0.56219], "texture": "#0"},
				"down": {"uv": [8.75, 0.5, 8.81219, 0.56219], "texture": "#0"}
			}
		},
		{
			"name": "frost sword_9",
			"from": [6.73875, 6.965, 7.9375],
			"to": [6.9875, 7.21375, 8.16138],
			"rotation": {"angle": 0, "axis": "y", "origin": [0.0625, 0, 7.9375]},
			"faces": {
				"north": {"uv": [8.75, 1.25, 8.81219, 1.31219], "texture": "#0"},
				"east": {"uv": [8.75, 1.25, 8.81219, 1.31219], "texture": "#0"},
				"south": {"uv": [8.75, 1.25, 8.81219, 1.28719], "texture": "#0"},
				"west": {"uv": [8.75, 1.25, 8.81219, 1.31219], "texture": "#0"},
				"up": {"uv": [8.75, 1.25, 8.81219, 1.31219], "texture": "#0"},
				"down": {"uv": [8.75, 1.25, 8.81219, 1.31219], "texture": "#0"}
			}
		},
		{
			"name": "frost sword_10",
			"from": [6.9875, 6.71625, 7.9375],
			"to": [7.23625, 6.965, 8.16138],
			"rotation": {"angle": 0, "axis": "y", "origin": [0.0625, 0, 7.9375]},
			"faces": {
				"north": {"uv": [8.75, 2, 8.81219, 2.06219], "texture": "#0"},
				"east": {"uv": [8.75, 2, 8.81219, 2.06219], "texture": "#0"},
				"south": {"uv": [8.75, 2, 8.81219, 2.03719], "texture": "#0"},
				"west": {"uv": [8.75, 2, 8.81219, 2.06219], "texture": "#0"},
				"up": {"uv": [8.75, 2, 8.81219, 2.06219], "texture": "#0"},
				"down": {"uv": [8.75, 2, 8.81219, 2.06219], "texture": "#0"}
			}
		},
		{
			"name": "frost sword_11",
			"from": [8.48, 6.71625, 7.9375],
			"to": [8.72875, 6.965, 8.16138],
			"rotation": {"angle": 0, "axis": "y", "origin": [31.65375, 0, 7.9375]},
			"faces": {
				"north": {"uv": [8.75, 2.75, 8.81219, 2.81219], "texture": "#0"},
				"east": {"uv": [8.75, 2.75, 8.81219, 2.81219], "texture": "#0"},
				"south": {"uv": [8.75, 2.75, 8.81219, 2.78719], "texture": "#0"},
				"west": {"uv": [8.75, 2.75, 8.81219, 2.81219], "texture": "#0"},
				"up": {"uv": [8.75, 2.75, 8.81219, 2.81219], "texture": "#0"},
				"down": {"uv": [8.75, 2.75, 8.81219, 2.81219], "texture": "#0"}
			}
		},
		{
			"name": "frost sword_10",
			"from": [8.72875, 6.965, 7.9375],
			"to": [8.9775, 7.21375, 8.16138],
			"rotation": {"angle": 0, "axis": "y", "origin": [31.65375, 0, 7.9375]},
			"faces": {
				"north": {"uv": [8.75, 3.5, 8.81219, 3.56219], "texture": "#0"},
				"east": {"uv": [8.75, 3.5, 8.81219, 3.56219], "texture": "#0"},
				"south": {"uv": [8.75, 3.5, 8.81219, 3.53719], "texture": "#0"},
				"west": {"uv": [8.75, 3.5, 8.81219, 3.56219], "texture": "#0"},
				"up": {"uv": [8.75, 3.5, 8.81219, 3.56219], "texture": "#0"},
				"down": {"uv": [8.75, 3.5, 8.81219, 3.56219], "texture": "#0"}
			}
		},
		{
			"name": "frost sword_4",
			"from": [8.72875, 8.955, 7.9375],
			"to": [8.9775, 9.20375, 8.16138],
			"rotation": {"angle": 0, "axis": "y", "origin": [31.65375, 0, 7.9375]},
			"faces": {
				"north": {"uv": [8.75, 4.25, 8.81219, 4.31219], "texture": "#0"},
				"east": {"uv": [8.75, 4.25, 8.81219, 4.31219], "texture": "#0"},
				"south": {"uv": [8.75, 4.25, 8.81219, 4.28719], "texture": "#0"},
				"west": {"uv": [8.75, 4.25, 8.81219, 4.31219], "texture": "#0"},
				"up": {"uv": [8.75, 4.25, 8.81219, 4.31219], "texture": "#0"},
				"down": {"uv": [8.75, 4.25, 8.81219, 4.31219], "texture": "#0"}
			}
		},
		{
			"name": "frost sword_0",
			"from": [6.9875, 9.20375, 7.9375],
			"to": [7.23625, 19.65125, 8.18625],
			"rotation": {"angle": 0, "axis": "y", "origin": [0.0625, 0, 7.9375]},
			"faces": {
				"north": {"uv": [3.75, 0, 3.81219, 2.61188], "texture": "#0"},
				"east": {"uv": [3.75, 0, 3.81219, 2.61188], "texture": "#0"},
				"south": {"uv": [3.75, 0, 3.81219, 2.58688], "texture": "#0"},
				"west": {"uv": [3.75, 0, 3.81219, 2.61188], "texture": "#0"},
				"up": {"uv": [3.75, 0, 3.81219, 2.61188], "texture": "#0"},
				"down": {"uv": [3.75, 0, 3.81219, 2.61188], "texture": "#0"}
			}
		},
		{
			"name": "frost sword_0",
			"from": [8.72875, 11.19375, 7.99969],
			"to": [8.9775, 19.9, 8.12406],
			"rotation": {"angle": 0, "axis": "y", "origin": [0.0625, 0, 7.9375]},
			"faces": {
				"north": {"uv": [5.25, 4.75, 5.31219, 6.92656], "texture": "#0"},
				"east": {"uv": [5.25, 4.75, 5.31219, 6.92656], "texture": "#0"},
				"south": {"uv": [5.25, 4.75, 5.31219, 6.90156], "texture": "#0"},
				"west": {"uv": [5.25, 4.75, 5.31219, 6.92656], "texture": "#0"},
				"up": {"uv": [5.25, 4.75, 5.31219, 4.92656], "texture": "#0"},
				"down": {"uv": [5.25, 4.75, 5.31219, 6.92656], "texture": "#0"}
			}
		},
		{
			"name": "frost sword_0",
			"from": [6.73875, 11.19375, 7.99969],
			"to": [6.9875, 19.9, 8.12406],
			"rotation": {"angle": 0, "axis": "y", "origin": [0.0625, 0, 7.9375]},
			"faces": {
				"north": {"uv": [3.25, 5.5, 3.31219, 7.67656], "texture": "#0"},
				"east": {"uv": [3.25, 5.5, 3.31219, 7.67656], "texture": "#0"},
				"south": {"uv": [3.25, 5.5, 3.31219, 7.65156], "texture": "#0"},
				"west": {"uv": [3.25, 5.5, 3.31219, 7.67656], "texture": "#0"},
				"up": {"uv": [3.25, 5.5, 3.31219, 5.67656], "texture": "#0"},
				"down": {"uv": [3.25, 5.5, 3.31219, 7.67656], "texture": "#0"}
			}
		},
		{
			"name": "frost sword_1",
			"from": [6.49, 8.955, 7.99969],
			"to": [6.73875, 9.20375, 8.12406],
			"rotation": {"angle": 0, "axis": "y", "origin": [0.0625, 0, 7.9375]},
			"faces": {
				"north": {"uv": [8.75, 5.75, 8.81219, 5.81219], "texture": "#0"},
				"east": {"uv": [8.75, 5.75, 8.81219, 5.81219], "texture": "#0"},
				"south": {"uv": [8.75, 5.75, 8.81219, 5.78719], "texture": "#0"},
				"west": {"uv": [8.75, 5.75, 8.81219, 5.81219], "texture": "#0"},
				"up": {"uv": [8.75, 5.75, 8.81219, 5.81219], "texture": "#0"},
				"down": {"uv": [8.75, 5.75, 8.81219, 5.81219], "texture": "#0"}
			}
		},
		{
			"name": "frost sword_2",
			"from": [6.24125, 8.70625, 7.99969],
			"to": [6.49, 8.955, 8.12406],
			"rotation": {"angle": 0, "axis": "y", "origin": [0.0625, 0, 7.9375]},
			"faces": {
				"north": {"uv": [8.75, 6.5, 8.81219, 6.56219], "texture": "#0"},
				"east": {"uv": [8.75, 6.5, 8.81219, 6.56219], "texture": "#0"},
				"south": {"uv": [8.75, 6.5, 8.81219, 6.53719], "texture": "#0"},
				"west": {"uv": [8.75, 6.5, 8.81219, 6.56219], "texture": "#0"},
				"up": {"uv": [8.75, 6.5, 8.81219, 6.56219], "texture": "#0"},
				"down": {"uv": [8.75, 6.5, 8.81219, 6.56219], "texture": "#0"}
			}
		},
		{
			"name": "frost sword_3",
			"from": [5.74375, 8.20875, 7.99969],
			"to": [5.9925, 8.4575, 8.12406],
			"rotation": {"angle": 0, "axis": "y", "origin": [0.0625, 0, 7.9375]},
			"faces": {
				"north": {"uv": [8.75, 7.25, 8.81219, 7.31219], "texture": "#0"},
				"east": {"uv": [8.75, 7.25, 8.81219, 7.31219], "texture": "#0"},
				"south": {"uv": [8.75, 7.25, 8.81219, 7.28719], "texture": "#0"},
				"west": {"uv": [8.75, 7.25, 8.81219, 7.31219], "texture": "#0"},
				"up": {"uv": [8.75, 7.25, 8.81219, 7.31219], "texture": "#0"},
				"down": {"uv": [8.75, 7.25, 8.81219, 7.31219], "texture": "#0"}
			}
		},
		{
			"name": "frost sword_4",
			"from": [5.495, 7.96, 7.99969],
			"to": [5.74375, 8.20875, 8.12406],
			"rotation": {"angle": 0, "axis": "y", "origin": [0.0625, 0, 7.9375]},
			"faces": {
				"north": {"uv": [8.75, 8, 8.81219, 8.06219], "texture": "#0"},
				"east": {"uv": [8.75, 8, 8.81219, 8.06219], "texture": "#0"},
				"south": {"uv": [8.75, 8, 8.81219, 8.03719], "texture": "#0"},
				"west": {"uv": [8.75, 8, 8.81219, 8.06219], "texture": "#0"},
				"up": {"uv": [8.75, 8, 8.81219, 8.06219], "texture": "#0"},
				"down": {"uv": [8.75, 8, 8.81219, 8.06219], "texture": "#0"}
			}
		},
		{
			"name": "frost sword_5",
			"from": [5.74375, 7.71125, 7.99969],
			"to": [5.9925, 7.96, 8.12406],
			"rotation": {"angle": 0, "axis": "y", "origin": [0.0625, 0, 7.9375]},
			"faces": {
				"north": {"uv": [0, 9, 0.06219, 9.06219], "texture": "#0"},
				"east": {"uv": [0, 9, 0.06219, 9.06219], "texture": "#0"},
				"south": {"uv": [0, 9, 0.06219, 9.03719], "texture": "#0"},
				"west": {"uv": [0, 9, 0.06219, 9.06219], "texture": "#0"},
				"up": {"uv": [0, 9, 0.06219, 9.06219], "texture": "#0"},
				"down": {"uv": [0, 9, 0.06219, 9.06219], "texture": "#0"}
			}
		},
		{
			"name": "frost sword_5",
			"from": [5.9925, 7.4625, 7.99969],
			"to": [6.24125, 7.71125, 8.12406],
			"rotation": {"angle": 0, "axis": "y", "origin": [0.0625, 0, 7.9375]},
			"faces": {
				"north": {"uv": [0.75, 9, 0.81219, 9.06219], "texture": "#0"},
				"east": {"uv": [0.75, 9, 0.81219, 9.06219], "texture": "#0"},
				"south": {"uv": [0.75, 9, 0.81219, 9.03719], "texture": "#0"},
				"west": {"uv": [0.75, 9, 0.81219, 9.06219], "texture": "#0"},
				"up": {"uv": [0.75, 9, 0.81219, 9.06219], "texture": "#0"},
				"down": {"uv": [0.75, 9, 0.81219, 9.06219], "texture": "#0"}
			}
		},
		{
			"name": "frost sword_6",
			"from": [6.24125, 7.21375, 7.99969],
			"to": [6.49, 7.4625, 8.12406],
			"rotation": {"angle": 0, "axis": "y", "origin": [0.0625, 0, 7.9375]},
			"faces": {
				"north": {"uv": [1.5, 9, 1.56219, 9.06219], "texture": "#0"},
				"east": {"uv": [1.5, 9, 1.56219, 9.06219], "texture": "#0"},
				"south": {"uv": [1.5, 9, 1.56219, 9.03719], "texture": "#0"},
				"west": {"uv": [1.5, 9, 1.56219, 9.06219], "texture": "#0"},
				"up": {"uv": [1.5, 9, 1.56219, 9.06219], "texture": "#0"},
				"down": {"uv": [1.5, 9, 1.56219, 9.06219], "texture": "#0"}
			}
		},
		{
			"name": "frost sword_6",
			"from": [6.49, 6.965, 7.99969],
			"to": [6.73875, 7.21375, 8.12406],
			"rotation": {"angle": 0, "axis": "y", "origin": [0.0625, 0, 7.9375]},
			"faces": {
				"north": {"uv": [2.25, 9, 2.31219, 9.06219], "texture": "#0"},
				"east": {"uv": [2.25, 9, 2.31219, 9.06219], "texture": "#0"},
				"south": {"uv": [2.25, 9, 2.31219, 9.03719], "texture": "#0"},
				"west": {"uv": [2.25, 9, 2.31219, 9.06219], "texture": "#0"},
				"up": {"uv": [2.25, 9, 2.31219, 9.06219], "texture": "#0"},
				"down": {"uv": [2.25, 9, 2.31219, 9.06219], "texture": "#0"}
			}
		},
		{
			"name": "frost sword_7",
			"from": [6.73875, 6.71625, 7.99969],
			"to": [6.9875, 6.965, 8.12406],
			"rotation": {"angle": 0, "axis": "y", "origin": [0.0625, 0, 7.9375]},
			"faces": {
				"north": {"uv": [3, 9, 3.06219, 9.06219], "texture": "#0"},
				"east": {"uv": [3, 9, 3.06219, 9.06219], "texture": "#0"},
				"south": {"uv": [3, 9, 3.06219, 9.03719], "texture": "#0"},
				"west": {"uv": [3, 9, 3.06219, 9.06219], "texture": "#0"},
				"up": {"uv": [3, 9, 3.06219, 9.06219], "texture": "#0"},
				"down": {"uv": [3, 9, 3.06219, 9.06219], "texture": "#0"}
			}
		},
		{
			"name": "frost sword_8",
			"from": [7.3855, 6.01975, 7.99969],
			"to": [8.33075, 6.965, 8.12406],
			"rotation": {"angle": 0, "axis": "y", "origin": [0.0625, 0, 7.9375]},
			"faces": {
				"north": {"uv": [5.75, 2.25, 5.98631, 2.48631], "texture": "#0"},
				"east": {"uv": [5.75, 2.25, 5.98631, 2.48631], "texture": "#0"},
				"south": {"uv": [5.75, 2.25, 5.98631, 2.46131], "texture": "#0"},
				"west": {"uv": [5.75, 2.25, 5.98631, 2.48631], "texture": "#0"},
				"up": {"uv": [5.75, 2.25, 5.98631, 2.48631], "texture": "#0"},
				"down": {"uv": [5.75, 2.25, 5.98631, 2.48631], "texture": "#0"}
			}
		},
		{
			"name": "frost sword_8",
			"from": [6.9875, 6.4675, 7.99969],
			"to": [7.23625, 6.71625, 8.12406],
			"rotation": {"angle": 0, "axis": "y", "origin": [0.0625, 0, 7.9375]},
			"faces": {
				"north": {"uv": [3.75, 9, 3.81219, 9.06219], "texture": "#0"},
				"east": {"uv": [3.75, 9, 3.81219, 9.06219], "texture": "#0"},
				"south": {"uv": [3.75, 9, 3.81219, 9.03719], "texture": "#0"},
				"west": {"uv": [3.75, 9, 3.81219, 9.06219], "texture": "#0"},
				"up": {"uv": [3.75, 9, 3.81219, 9.06219], "texture": "#0"},
				"down": {"uv": [3.75, 9, 3.81219, 9.06219], "texture": "#0"}
			}
		},
		{
			"name": "frost sword_2",
			"from": [5.9925, 8.4575, 7.99969],
			"to": [6.24125, 8.70625, 8.12406],
			"rotation": {"angle": 0, "axis": "y", "origin": [0.0625, 0, 7.9375]},
			"faces": {
				"north": {"uv": [4.5, 9, 4.56219, 9.06219], "texture": "#0"},
				"east": {"uv": [4.5, 9, 4.56219, 9.06219], "texture": "#0"},
				"south": {"uv": [4.5, 9, 4.56219, 9.03719], "texture": "#0"},
				"west": {"uv": [4.5, 9, 4.56219, 9.06219], "texture": "#0"},
				"up": {"uv": [4.5, 9, 4.56219, 9.06219], "texture": "#0"},
				"down": {"uv": [4.5, 9, 4.56219, 9.06219], "texture": "#0"}
			}
		},
		{
			"name": "frost sword_9",
			"from": [8.48, 6.4675, 7.99969],
			"to": [8.72875, 6.71625, 8.12406],
			"rotation": {"angle": 0, "axis": "y", "origin": [31.65375, 0, 7.9375]},
			"faces": {
				"north": {"uv": [5.25, 9, 5.31219, 9.06219], "texture": "#0"},
				"east": {"uv": [5.25, 9, 5.31219, 9.06219], "texture": "#0"},
				"south": {"uv": [5.25, 9, 5.31219, 9.03719], "texture": "#0"},
				"west": {"uv": [5.25, 9, 5.31219, 9.06219], "texture": "#0"},
				"up": {"uv": [5.25, 9, 5.31219, 9.06219], "texture": "#0"},
				"down": {"uv": [5.25, 9, 5.31219, 9.06219], "texture": "#0"}
			}
		},
		{
			"name": "frost sword_8",
			"from": [8.72875, 6.71625, 7.99969],
			"to": [8.9775, 6.965, 8.12406],
			"rotation": {"angle": 0, "axis": "y", "origin": [31.65375, 0, 7.9375]},
			"faces": {
				"north": {"uv": [6, 9, 6.06219, 9.06219], "texture": "#0"},
				"east": {"uv": [6, 9, 6.06219, 9.06219], "texture": "#0"},
				"south": {"uv": [6, 9, 6.06219, 9.03719], "texture": "#0"},
				"west": {"uv": [6, 9, 6.06219, 9.06219], "texture": "#0"},
				"up": {"uv": [6, 9, 6.06219, 9.06219], "texture": "#0"},
				"down": {"uv": [6, 9, 6.06219, 9.06219], "texture": "#0"}
			}
		},
		{
			"name": "frost sword_7",
			"from": [8.9775, 6.965, 7.99969],
			"to": [9.22625, 7.21375, 8.12406],
			"rotation": {"angle": 0, "axis": "y", "origin": [31.65375, 0, 7.9375]},
			"faces": {
				"north": {"uv": [6.75, 9, 6.81219, 9.06219], "texture": "#0"},
				"east": {"uv": [6.75, 9, 6.81219, 9.06219], "texture": "#0"},
				"south": {"uv": [6.75, 9, 6.81219, 9.03719], "texture": "#0"},
				"west": {"uv": [6.75, 9, 6.81219, 9.06219], "texture": "#0"},
				"up": {"uv": [6.75, 9, 6.81219, 9.06219], "texture": "#0"},
				"down": {"uv": [6.75, 9, 6.81219, 9.06219], "texture": "#0"}
			}
		},
		{
			"name": "frost sword_7",
			"from": [9.22625, 7.21375, 7.99969],
			"to": [9.475, 7.4625, 8.12406],
			"rotation": {"angle": 0, "axis": "y", "origin": [31.65375, 0, 7.9375]},
			"faces": {
				"north": {"uv": [7.5, 9, 7.56219, 9.06219], "texture": "#0"},
				"east": {"uv": [7.5, 9, 7.56219, 9.06219], "texture": "#0"},
				"south": {"uv": [7.5, 9, 7.56219, 9.03719], "texture": "#0"},
				"west": {"uv": [7.5, 9, 7.56219, 9.06219], "texture": "#0"},
				"up": {"uv": [7.5, 9, 7.56219, 9.06219], "texture": "#0"},
				"down": {"uv": [7.5, 9, 7.56219, 9.06219], "texture": "#0"}
			}
		},
		{
			"name": "frost sword_6",
			"from": [9.475, 7.4625, 7.99969],
			"to": [9.72375, 7.71125, 8.12406],
			"rotation": {"angle": 0, "axis": "y", "origin": [31.65375, 0, 7.9375]},
			"faces": {
				"north": {"uv": [8.25, 9, 8.31219, 9.06219], "texture": "#0"},
				"east": {"uv": [8.25, 9, 8.31219, 9.06219], "texture": "#0"},
				"south": {"uv": [8.25, 9, 8.31219, 9.03719], "texture": "#0"},
				"west": {"uv": [8.25, 9, 8.31219, 9.06219], "texture": "#0"},
				"up": {"uv": [8.25, 9, 8.31219, 9.06219], "texture": "#0"},
				"down": {"uv": [8.25, 9, 8.31219, 9.06219], "texture": "#0"}
			}
		},
		{
			"name": "frost sword_6",
			"from": [9.72375, 7.71125, 7.99969],
			"to": [9.9725, 7.96, 8.12406],
			"rotation": {"angle": 0, "axis": "y", "origin": [31.65375, 0, 7.9375]},
			"faces": {
				"north": {"uv": [9, 9, 9.06219, 9.06219], "texture": "#0"},
				"east": {"uv": [9, 9, 9.06219, 9.06219], "texture": "#0"},
				"south": {"uv": [9, 9, 9.06219, 9.03719], "texture": "#0"},
				"west": {"uv": [9, 9, 9.06219, 9.06219], "texture": "#0"},
				"up": {"uv": [9, 9, 9.06219, 9.06219], "texture": "#0"},
				"down": {"uv": [9, 9.0625, 9.06219, 9.00594], "texture": "#0"}
			}
		},
		{
			"name": "frost sword_5",
			"from": [9.9725, 7.96, 7.99969],
			"to": [10.22125, 8.20875, 8.12406],
			"rotation": {"angle": 0, "axis": "y", "origin": [31.65375, 0, 7.9375]},
			"faces": {
				"north": {"uv": [9.25, 0.5, 9.31219, 0.56219], "texture": "#0"},
				"east": {"uv": [9.25, 0.5, 9.31219, 0.56219], "texture": "#0"},
				"south": {"uv": [9.25, 0.5, 9.31219, 0.53719], "texture": "#0"},
				"west": {"uv": [9.25, 0.5, 9.31219, 0.56219], "texture": "#0"},
				"up": {"uv": [9.25, 0.5, 9.31219, 0.56219], "texture": "#0"},
				"down": {"uv": [9.25, 0.5, 9.31219, 0.56219], "texture": "#0"}
			}
		},
		{
			"name": "frost sword_4",
			"from": [9.72375, 8.20875, 7.99969],
			"to": [9.9725, 8.4575, 8.12406],
			"rotation": {"angle": 0, "axis": "y", "origin": [31.65375, 0, 7.9375]},
			"faces": {
				"north": {"uv": [9.25, 1.25, 9.31219, 1.31219], "texture": "#0"},
				"east": {"uv": [9.25, 1.25, 9.31219, 1.31219], "texture": "#0"},
				"south": {"uv": [9.25, 1.25, 9.31219, 1.28719], "texture": "#0"},
				"west": {"uv": [9.25, 1.25, 9.31219, 1.31219], "texture": "#0"},
				"up": {"uv": [9.25, 1.25, 9.31219, 1.31219], "texture": "#0"},
				"down": {"uv": [9.25, 1.25, 9.31219, 1.31219], "texture": "#0"}
			}
		},
		{
			"name": "frost sword_3",
			"from": [9.475, 8.4575, 7.99969],
			"to": [9.72375, 8.70625, 8.12406],
			"rotation": {"angle": 0, "axis": "y", "origin": [31.65375, 0, 7.9375]},
			"faces": {
				"north": {"uv": [9.25, 2, 9.31219, 2.06219], "texture": "#0"},
				"east": {"uv": [9.25, 2, 9.31219, 2.06219], "texture": "#0"},
				"south": {"uv": [9.25, 2, 9.31219, 2.03719], "texture": "#0"},
				"west": {"uv": [9.25, 2, 9.31219, 2.06219], "texture": "#0"},
				"up": {"uv": [9.25, 2, 9.31219, 2.06219], "texture": "#0"},
				"down": {"uv": [9.25, 2, 9.31219, 2.06219], "texture": "#0"}
			}
		},
		{
			"name": "frost sword_3",
			"from": [9.22625, 8.70625, 7.99969],
			"to": [9.475, 8.955, 8.12406],
			"rotation": {"angle": 0, "axis": "y", "origin": [31.65375, 0, 7.9375]},
			"faces": {
				"north": {"uv": [9.25, 2.75, 9.31219, 2.81219], "texture": "#0"},
				"east": {"uv": [9.25, 2.75, 9.31219, 2.81219], "texture": "#0"},
				"south": {"uv": [9.25, 2.75, 9.31219, 2.78719], "texture": "#0"},
				"west": {"uv": [9.25, 2.75, 9.31219, 2.81219], "texture": "#0"},
				"up": {"uv": [9.25, 2.75, 9.31219, 2.81219], "texture": "#0"},
				"down": {"uv": [9.25, 2.75, 9.31219, 2.81219], "texture": "#0"}
			}
		},
		{
			"name": "frost sword_2",
			"from": [8.9775, 8.955, 7.99969],
			"to": [9.22625, 9.20375, 8.12406],
			"rotation": {"angle": 0, "axis": "y", "origin": [31.65375, 0, 7.9375]},
			"faces": {
				"north": {"uv": [9.25, 3.5, 9.31219, 3.56219], "texture": "#0"},
				"east": {"uv": [9.25, 3.5, 9.31219, 3.56219], "texture": "#0"},
				"south": {"uv": [9.25, 3.5, 9.31219, 3.53719], "texture": "#0"},
				"west": {"uv": [9.25, 3.5, 9.31219, 3.56219], "texture": "#0"},
				"up": {"uv": [9.25, 3.5, 9.31219, 3.56219], "texture": "#0"},
				"down": {"uv": [9.25, 3.5, 9.31219, 3.56219], "texture": "#0"}
			}
		},
		{
			"name": "frost sword_0",
			"from": [7.9825, 9.70125, 7.87531],
			"to": [8.23125, 28.60625, 8.24844],
			"rotation": {"angle": 0, "axis": "y", "origin": [0.0625, 0, 7.9375]},
			"faces": {
				"north": {"uv": [1.5, 0, 1.56219, 4.72625], "texture": "#0"},
				"east": {"uv": [1.5, 0, 1.56219, 4.72625], "texture": "#0"},
				"south": {"uv": [1.5, 0, 1.56219, 4.70125], "texture": "#0"},
				"west": {"uv": [1.5, 0, 1.56219, 4.72625], "texture": "#0"},
				"up": {"uv": [1.5, 0, 1.56219, 0.0625], "texture": "#0"},
				"down": {"uv": [1.5, 0, 1.56219, 4.72625], "texture": "#0"}
			}
		},
		{
			"name": "frost sword_0",
			"from": [7.485, 9.70125, 7.87531],
			"to": [7.73375, 28.60625, 8.24844],
			"rotation": {"angle": 0, "axis": "y", "origin": [0.0625, 0, 7.9375]},
			"faces": {
				"north": {"uv": [2.5, 0, 2.56219, 4.72625], "texture": "#0"},
				"east": {"uv": [2.5, 0, 2.56219, 4.72625], "texture": "#0"},
				"south": {"uv": [2.5, 0, 2.56219, 4.70125], "texture": "#0"},
				"west": {"uv": [2.5, 0, 2.56219, 4.72625], "texture": "#0"},
				"up": {"uv": [2.5, 0, 2.56219, 0.0625], "texture": "#0"},
				"down": {"uv": [2.5, 0, 2.56219, 4.72625], "texture": "#0"}
			}
		},
		{
			"name": "frost sword_1",
			"from": [7.485, 6.965, 7.87531],
			"to": [7.73375, 9.70125, 8.24844],
			"rotation": {"angle": 0, "axis": "y", "origin": [0.0625, 0, 7.9375]},
			"faces": {
				"north": {"uv": [3.75, 6, 3.81219, 6.68406], "texture": "#0"},
				"east": {"uv": [3.75, 6, 3.81219, 6.68406], "texture": "#0"},
				"south": {"uv": [3.75, 6, 3.81219, 6.65906], "texture": "#0"},
				"west": {"uv": [3.75, 6, 3.81219, 6.68406], "texture": "#0"},
				"up": {"uv": [3.75, 6, 3.81219, 6.68406], "texture": "#0"},
				"down": {"uv": [3.75, 6, 3.81219, 6.68406], "texture": "#0"}
			}
		},
		{
			"name": "frost sword_2",
			"from": [7.73375, 6.71625, 7.87531],
			"to": [7.9825, 9.95, 8.24844],
			"rotation": {"angle": 0, "axis": "y", "origin": [0.0625, 0, 7.9375]},
			"faces": {
				"north": {"uv": [6, 0, 6.06219, 0.80844], "texture": "#0"},
				"east": {"uv": [6, 0, 6.06219, 0.80844], "texture": "#0"},
				"south": {"uv": [6, 0, 6.06219, 0.78344], "texture": "#0"},
				"west": {"uv": [6, 0, 6.06219, 0.80844], "texture": "#0"},
				"up": {"uv": [6, 0, 6.06219, 0.80844], "texture": "#0"},
				"down": {"uv": [6, 0, 6.06219, 0.80844], "texture": "#0"}
			}
		},
		{
			"name": "frost sword_3",
			"from": [7.23625, 7.01475, 7.87531],
			"to": [7.485, 9.4525, 8.24844],
			"rotation": {"angle": 0, "axis": "y", "origin": [0.0625, 0, 7.9375]},
			"faces": {
				"north": {"uv": [6.25, 1.5, 6.31219, 2.10944], "texture": "#0"},
				"east": {"uv": [6.25, 1.5, 6.31219, 2.10944], "texture": "#0"},
				"south": {"uv": [6.25, 1.5, 6.31219, 2.08444], "texture": "#0"},
				"west": {"uv": [6.25, 1.5, 6.31219, 2.10944], "texture": "#0"},
				"up": {"uv": [6.25, 1.5, 6.31219, 2.10944], "texture": "#0"},
				"down": {"uv": [6.25, 1.5, 6.31219, 2.10944], "texture": "#0"}
			}
		},
		{
			"name": "frost sword_3",
			"from": [6.9875, 6.965, 7.87531],
			"to": [7.23625, 7.21375, 8.24844],
			"rotation": {"angle": 0, "axis": "y", "origin": [0.0625, 0, 7.9375]},
			"faces": {
				"north": {"uv": [9.25, 5.5, 9.31219, 5.56219], "texture": "#0"},
				"east": {"uv": [9.25, 5.5, 9.31219, 5.56219], "texture": "#0"},
				"south": {"uv": [9.25, 5.5, 9.31219, 5.53719], "texture": "#0"},
				"west": {"uv": [9.25, 5.5, 9.31219, 5.56219], "texture": "#0"},
				"up": {"uv": [9.25, 5.5, 9.31219, 5.56219], "texture": "#0"},
				"down": {"uv": [9.25, 5.5, 9.31219, 5.56219], "texture": "#0"}
			}
		},
		{
			"name": "frost sword_4",
			"from": [6.9875, 7.214, 7.87531],
			"to": [7.23625, 9.20375, 8.24844],
			"rotation": {"angle": 0, "axis": "y", "origin": [31.65375, 0, 7.9375]},
			"faces": {
				"north": {"uv": [6.25, 6.5, 6.31219, 6.99744], "texture": "#0"},
				"east": {"uv": [6.25, 6.5, 6.31219, 6.98494], "texture": "#0"},
				"south": {"uv": [6.25, 6.5, 6.31219, 6.98494], "texture": "#0"},
				"west": {"uv": [6.25, 6.5, 6.31219, 7.00994], "texture": "#0"},
				"up": {"uv": [6.25, 6.5, 6.31219, 7.00994], "texture": "#0"},
				"down": {"uv": [6.25, 6.5, 6.31219, 7.00994], "texture": "#0"}
			}
		},
		{
			"name": "frost sword_4",
			"from": [8.48, 7.214, 7.87531],
			"to": [8.72875, 9.20375, 8.24844],
			"rotation": {"angle": 0, "axis": "y", "origin": [31.65375, 0, 7.9375]},
			"faces": {
				"north": {"uv": [6.75, 1, 6.81219, 1.49744], "texture": "#0"},
				"east": {"uv": [6.75, 1, 6.81219, 1.49744], "texture": "#0"},
				"south": {"uv": [6.75, 1, 6.81219, 1.47244], "texture": "#0"},
				"west": {"uv": [6.75, 1, 6.81219, 1.49744], "texture": "#0"},
				"up": {"uv": [6.75, 1, 6.81219, 1.18494], "texture": "#0"},
				"down": {"uv": [6.75, 1, 6.81219, 1.49744], "texture": "#0"}
			}
		},
		{
			"name": "frost sword_4",
			"from": [8.48, 6.965, 7.87531],
			"to": [8.72875, 7.21375, 8.24844],
			"rotation": {"angle": 0, "axis": "y", "origin": [31.65375, 0, 7.9375]},
			"faces": {
				"north": {"uv": [9.25, 7, 9.31219, 7.06219], "texture": "#0"},
				"east": {"uv": [9.25, 7, 9.31219, 7.06219], "texture": "#0"},
				"south": {"uv": [9.25, 7, 9.31219, 7.03719], "texture": "#0"},
				"west": {"uv": [9.25, 7, 9.31219, 7.06219], "texture": "#0"},
				"up": {"uv": [9.25, 7, 9.31219, 7.06219], "texture": "#0"},
				"down": {"uv": [9.25, 7, 9.31219, 7.06219], "texture": "#0"}
			}
		},
		{
			"name": "frost sword_4",
			"from": [8.23125, 7.01475, 7.87531],
			"to": [8.48, 9.4525, 8.24844],
			"rotation": {"angle": 0, "axis": "y", "origin": [31.65375, 0, 7.9375]},
			"faces": {
				"north": {"uv": [4.25, 6.25, 4.31219, 6.85944], "texture": "#0"},
				"east": {"uv": [4.25, 6.25, 4.31219, 6.85944], "texture": "#0"},
				"south": {"uv": [4.25, 6.25, 4.31219, 6.83444], "texture": "#0"},
				"west": {"uv": [4.25, 6.25, 4.31219, 6.85944], "texture": "#0"},
				"up": {"uv": [4.25, 6.25, 4.31219, 6.85944], "texture": "#0"},
				"down": {"uv": [4.25, 6.25, 4.31219, 6.85944], "texture": "#0"}
			}
		},
		{
			"name": "frost sword_2",
			"from": [7.9825, 6.965, 7.87531],
			"to": [8.23125, 9.70125, 8.24844],
			"rotation": {"angle": 0, "axis": "y", "origin": [31.65375, 0, 7.9375]},
			"faces": {
				"north": {"uv": [5.5, 6, 5.56219, 6.68406], "texture": "#0"},
				"east": {"uv": [5.5, 6, 5.56219, 6.68406], "texture": "#0"},
				"south": {"uv": [5.5, 6, 5.56219, 6.65906], "texture": "#0"},
				"west": {"uv": [5.5, 6, 5.56219, 6.68406], "texture": "#0"},
				"up": {"uv": [5.5, 6, 5.56219, 6.68406], "texture": "#0"},
				"down": {"uv": [5.5, 6, 5.56219, 6.68406], "texture": "#0"}
			}
		},
		{
			"name": "frost sword_4",
			"from": [6.73875, 7.21375, 7.87531],
			"to": [6.9875, 8.955, 8.24844],
			"rotation": {"angle": 0, "axis": "y", "origin": [0.0625, 0, 7.9375]},
			"faces": {
				"north": {"uv": [7, 3, 7.06219, 3.43531], "texture": "#0"},
				"east": {"uv": [7, 3, 7.06219, 3.43531], "texture": "#0"},
				"south": {"uv": [7, 3, 7.06219, 3.43531], "texture": "#0"},
				"west": {"uv": [7, 3, 7.06219, 3.43531], "texture": "#0"},
				"up": {"uv": [7, 2.99375, 7.06219, 3.05406], "texture": "#0"},
				"down": {"uv": [7, 3.375, 7.06219, 3.43531], "texture": "#0"}
			}
		},
		{
			"name": "frost sword_5",
			"from": [8.72875, 7.21375, 7.87531],
			"to": [8.9775, 8.955, 8.24844],
			"rotation": {"angle": 0, "axis": "y", "origin": [0.0625, 0, 7.9375]},
			"faces": {
				"north": {"uv": [7, 4, 7.06219, 4.43531], "texture": "#0"},
				"east": {"uv": [7, 4, 7.06219, 4.43531], "texture": "#0"},
				"south": {"uv": [7, 4, 7.06219, 4.43531], "texture": "#0"},
				"west": {"uv": [7, 4, 7.06219, 4.43531], "texture": "#0"},
				"up": {"uv": [7, 4, 7.06219, 4.06031], "texture": "#0"},
				"down": {"uv": [7, 4.375, 7.06219, 4.43531], "texture": "#0"}
			}
		},
		{
			"name": "frost sword_0",
			"from": [8.23125, 18.65625, 7.9375],
			"to": [8.48, 29.10375, 8.18625],
			"rotation": {"angle": 0, "axis": "y", "origin": [0.0625, 0, 7.9375]},
			"faces": {
				"north": {"uv": [4.25, 0, 4.31219, 2.61188], "texture": "#0"},
				"east": {"uv": [4.25, 0, 4.31219, 2.61188], "texture": "#0"},
				"south": {"uv": [4.25, 0, 4.31219, 2.58688], "texture": "#0"},
				"west": {"uv": [4.25, 0, 4.31219, 2.61188], "texture": "#0"},
				"up": {"uv": [4.25, 0, 4.31219, 2.61188], "texture": "#0"},
				"down": {"uv": [4.25, 0, 4.31219, 2.61188], "texture": "#0"}
			}
		},
		{
			"name": "frost sword_0",
			"from": [7.23625, 18.65625, 7.9375],
			"to": [7.485, 29.10375, 8.18625],
			"rotation": {"angle": 0, "axis": "y", "origin": [0.0625, 0, 7.9375]},
			"faces": {
				"north": {"uv": [4.75, 0, 4.81219, 2.61188], "texture": "#0"},
				"east": {"uv": [4.75, 0, 4.81219, 2.61188], "texture": "#0"},
				"south": {"uv": [4.75, 0, 4.81219, 2.58688], "texture": "#0"},
				"west": {"uv": [4.75, 0, 4.81219, 2.61188], "texture": "#0"},
				"up": {"uv": [4.75, 2.1875, 4.81219, 2.61188], "texture": "#0"},
				"down": {"uv": [4.75, 0, 4.81219, 2.61188], "texture": "#0"}
			}
		},
		{
			"name": "frost sword_0",
			"from": [8.48, 19.65125, 7.99969],
			"to": [8.72875, 29.3525, 8.12406],
			"rotation": {"angle": 0, "axis": "y", "origin": [0.0625, 0, 7.9375]},
			"faces": {
				"north": {"uv": [1.75, 4.75, 1.81219, 7.17531], "texture": "#0"},
				"east": {"uv": [1.75, 4.75, 1.81219, 7.17531], "texture": "#0"},
				"south": {"uv": [1.75, 4.75, 1.81219, 7.15031], "texture": "#0"},
				"west": {"uv": [1.75, 4.75, 1.81219, 7.17531], "texture": "#0"},
				"up": {"uv": [1.75, 4.75625, 1.81219, 4.81281], "texture": "#0"},
				"down": {"uv": [1.75, 4.75, 1.81219, 7.17531], "texture": "#0"}
			}
		},
		{
			"name": "frost sword_0",
			"from": [6.9875, 19.65125, 7.99969],
			"to": [7.23625, 29.3525, 8.12406],
			"rotation": {"angle": 0, "axis": "y", "origin": [0.0625, 0, 7.9375]},
			"faces": {
				"north": {"uv": [2.75, 4.75, 2.81219, 7.17531], "texture": "#0"},
				"east": {"uv": [2.75, 4.75, 2.81219, 7.17531], "texture": "#0"},
				"south": {"uv": [2.75, 4.75, 2.81219, 7.15031], "texture": "#0"},
				"west": {"uv": [2.75, 4.75, 2.81219, 7.17531], "texture": "#0"},
				"up": {"uv": [2.75, 4.75625, 2.81219, 4.81281], "texture": "#0"},
				"down": {"uv": [2.75, 4.75, 2.81219, 7.17531], "texture": "#0"}
			}
		},
		{
			"name": "frost sword_0",
			"from": [7.73375, 9.95, 7.87531],
			"to": [7.9825, 29.60125, 8.24844],
			"rotation": {"angle": 0, "axis": "y", "origin": [0.0625, 0, 7.9375]},
			"faces": {
				"north": {"uv": [0.5, 0, 0.56219, 4.91281], "texture": "#0"},
				"east": {"uv": [0.5, 0, 0.56219, 4.91281], "texture": "#0"},
				"south": {"uv": [0.5, 0, 0.56219, 4.88781], "texture": "#0"},
				"west": {"uv": [0.5, 0, 0.56219, 4.91281], "texture": "#0"},
				"up": {"uv": [0.5, 0, 0.49969, 0.22531], "texture": "#0"},
				"down": {"uv": [0.5, 0, 0.56219, 4.91281], "texture": "#0"}
			}
		},
		{
			"name": "frost sword_3",
			"from": [6.49, 5.32275, 7.82556],
			"to": [6.73875, 6.468, 8.27331],
			"rotation": {"angle": 0, "axis": "y", "origin": [31.65375, 0, 7.9375]},
			"faces": {
				"north": {"uv": [7.25, 6.75625, 7.31219, 7.04256], "texture": "#0"},
				"east": {"uv": [7.25, 6.775, 7.31219, 7.06131], "texture": "#0"},
				"south": {"uv": [7.25, 6.81875, 7.31219, 7.06131], "texture": "#0"},
				"west": {"uv": [7.25, 6.83125, 7.31219, 7.06131], "texture": "#0"},
				"up": {"uv": [7.25, 6.75625, 7.31219, 6.86756], "texture": "#0"},
				"down": {"uv": [7.25, 7.00625, 7.31219, 7.06131], "texture": "#0"}
			}
		},
		{
			"name": "frost sword_4",
			"from": [6.49, 4.82525, 7.92506],
			"to": [6.73875, 5.32275, 8.17381],
			"rotation": {"angle": 0, "axis": "y", "origin": [31.65375, 0, 7.9375]},
			"faces": {
				"north": {"uv": [8.25, 2.25, 8.31219, 2.37437], "texture": "#0"},
				"east": {"uv": [8.25, 2.25, 8.31219, 2.37437], "texture": "#0"},
				"south": {"uv": [8.25, 2.25, 8.31219, 2.34937], "texture": "#0"},
				"west": {"uv": [8.25, 2.25, 8.31219, 2.37437], "texture": "#0"},
				"up": {"uv": [8.25, 2.25, 8.31219, 2.37437], "texture": "#0"},
				"down": {"uv": [8.25, 2.25, 8.31219, 2.37437], "texture": "#0"}
			}
		},
		{
			"name": "frost sword_4",
			"from": [6.73875, 5.572, 7.82556],
			"to": [7.13675, 6.0695, 8.27331],
			"rotation": {"angle": 0, "axis": "y", "origin": [31.65375, 0, 7.9375]},
			"faces": {
				"north": {"uv": [7.5, 7, 7.5995, 7.12438], "texture": "#0"},
				"east": {"uv": [7.5, 7, 7.5995, 7.12438], "texture": "#0"},
				"south": {"uv": [7.5, 7, 7.5995, 7.09938], "texture": "#0"},
				"west": {"uv": [7.5, 7, 7.5995, 7.12438], "texture": "#0"},
				"up": {"uv": [7.5, 7, 7.5995, 7.05563], "texture": "#0"},
				"down": {"uv": [7.5, 7, 7.5995, 7.06188], "texture": "#0"}
			}
		},
		{
			"name": "frost sword_4",
			"from": [6.24125, 5.62125, 7.82556],
			"to": [6.49, 6.71675, 8.27331],
			"rotation": {"angle": 0, "axis": "y", "origin": [31.65375, 0, 7.9375]},
			"faces": {
				"north": {"uv": [7.75, 0.50625, 7.81219, 0.78012], "texture": "#0"},
				"east": {"uv": [7.75, 0.50625, 7.81219, 0.78012], "texture": "#0"},
				"south": {"uv": [7.75, 0.50625, 7.81219, 0.75513], "texture": "#0"},
				"west": {"uv": [7.75, 0.50625, 7.81219, 0.78012], "texture": "#0"},
				"up": {"uv": [7.75, 0.50625, 7.81219, 0.60512], "texture": "#0"},
				"down": {"uv": [7.75, 0.71875, 7.81219, 0.79887], "texture": "#0"}
			}
		},
		{
			"name": "frost sword_5",
			"from": [5.9925, 5.87, 7.82556],
			"to": [6.24125, 6.9655, 8.27331],
			"rotation": {"angle": 0, "axis": "y", "origin": [31.65375, 0, 7.9375]},
			"faces": {
				"north": {"uv": [1, 7.75625, 1.06219, 8.03013], "texture": "#0"},
				"east": {"uv": [1, 7.75625, 1.06219, 8.03013], "texture": "#0"},
				"south": {"uv": [1, 7.75625, 1.06219, 8.00513], "texture": "#0"},
				"west": {"uv": [1, 7.75625, 1.06219, 8.03013], "texture": "#0"},
				"up": {"uv": [1, 7.75, 1.06219, 7.86763], "texture": "#0"},
				"down": {"uv": [1, 7.96875, 1.06219, 8.04888], "texture": "#0"}
			}
		},
		{
			"name": "frost sword_6",
			"from": [5.74375, 6.11875, 7.82556],
			"to": [5.9925, 7.21425, 8.27331],
			"rotation": {"angle": 0, "axis": "y", "origin": [31.65375, 0, 7.9375]},
			"faces": {
				"north": {"uv": [1.25, 7.75625, 1.31219, 7.99888], "texture": "#0"},
				"east": {"uv": [1.25, 7.75625, 1.31219, 7.99888], "texture": "#0"},
				"south": {"uv": [1.25, 7.75625, 1.31219, 7.99888], "texture": "#0"},
				"west": {"uv": [1.25, 7.93125, 1.31219, 7.99888], "texture": "#0"},
				"up": {"uv": [1.2625, 7.75625, 1.31219, 7.81138], "texture": "#0"},
				"down": {"uv": [1.25, 7.94375, 1.31219, 7.99888], "texture": "#0"}
			}
		},
		{
			"name": "frost sword_6",
			"from": [5.495, 6.3675, 7.82556],
			"to": [5.74375, 7.463, 8.27331],
			"rotation": {"angle": 0, "axis": "y", "origin": [31.65375, 0, 7.9375]},
			"faces": {
				"north": {"uv": [1.5, 7.75625, 1.56219, 8.03013], "texture": "#0"},
				"east": {"uv": [1.5, 7.75625, 1.56219, 8.00513], "texture": "#0"},
				"south": {"uv": [1.5, 7.75625, 1.56219, 8.00513], "texture": "#0"},
				"west": {"uv": [1.5, 7.75625, 1.56219, 8.03013], "texture": "#0"},
				"up": {"uv": [1.5, 7.75625, 1.56219, 7.81138], "texture": "#0"},
				"down": {"uv": [1.5, 7.98125, 1.56219, 8.04888], "texture": "#0"}
			}
		},
		{
			"name": "frost sword_7",
			"from": [5.24625, 6.61625, 7.82556],
			"to": [5.495, 7.463, 8.27331],
			"rotation": {"angle": 0, "axis": "y", "origin": [31.65375, 0, 7.9375]},
			"faces": {
				"north": {"uv": [8, 2.75625, 8.06219, 2.93669], "texture": "#0"},
				"east": {"uv": [8, 2.75625, 8.06219, 2.96794], "texture": "#0"},
				"south": {"uv": [8, 2.75625, 8.06219, 2.93669], "texture": "#0"},
				"west": {"uv": [8, 2.75625, 8.06219, 2.93669], "texture": "#0"},
				"up": {"uv": [8, 2.75625, 8.06219, 2.87419], "texture": "#0"},
				"down": {"uv": [8, 2.8875, 8.06219, 2.92419], "texture": "#0"}
			}
		},
		{
			"name": "frost sword_5",
			"from": [8.9775, 4.82525, 7.92506],
			"to": [9.22625, 5.32275, 8.17381],
			"rotation": {"angle": 0, "axis": "y", "origin": [0.0625, 0, 7.9375]},
			"faces": {
				"north": {"uv": [8.25, 4, 8.31219, 4.12437], "texture": "#0"},
				"east": {"uv": [8.25, 4, 8.31219, 4.12437], "texture": "#0"},
				"south": {"uv": [8.25, 4, 8.31219, 4.09938], "texture": "#0"},
				"west": {"uv": [8.25, 4, 8.31219, 4.12437], "texture": "#0"},
				"up": {"uv": [8.25, 4, 8.31219, 4.12437], "texture": "#0"},
				"down": {"uv": [8.25, 4, 8.31219, 4.12437], "texture": "#0"}
			}
		},
		{
			"name": "frost sword_4",
			"from": [8.9775, 5.32275, 7.82556],
			"to": [9.22625, 6.269, 8.27331],
			"rotation": {"angle": 0, "axis": "y", "origin": [0.0625, 0, 7.9375]},
			"faces": {
				"north": {"uv": [1.75, 7.75, 1.81219, 7.98656], "texture": "#0"},
				"east": {"uv": [1.75, 7.80625, 1.81219, 7.99906], "texture": "#0"},
				"south": {"uv": [1.75, 7.75, 1.81219, 7.99906], "texture": "#0"},
				"west": {"uv": [1.75, 7.75, 1.81219, 7.98656], "texture": "#0"},
				"up": {"uv": [1.75, 7.75, 1.81219, 7.81156], "texture": "#0"},
				"down": {"uv": [1.75, 7.9375, 1.81219, 7.99906], "texture": "#0"}
			}
		},
		{
			"name": "frost sword_5",
			"from": [8.5795, 5.572, 7.82556],
			"to": [8.9775, 6.0695, 8.27331],
			"rotation": {"angle": 0, "axis": "y", "origin": [0.0625, 0, 7.9375]},
			"faces": {
				"north": {"uv": [7.75, 2, 7.8495, 2.12437], "texture": "#0"},
				"east": {"uv": [7.75, 2, 7.8495, 2.12437], "texture": "#0"},
				"south": {"uv": [7.75, 2, 7.8495, 2.09937], "texture": "#0"},
				"west": {"uv": [7.75, 2, 7.8495, 2.12437], "texture": "#0"},
				"up": {"uv": [7.75, 2, 7.8495, 2.05562], "texture": "#0"},
				"down": {"uv": [7.75, 2, 7.8495, 2.06187], "texture": "#0"}
			}
		},
		{
			"name": "frost sword_5",
			"from": [9.22625, 5.62125, 7.82556],
			"to": [9.475, 6.5675, 8.27331],
			"rotation": {"angle": 0, "axis": "y", "origin": [0.0625, 0, 7.9375]},
			"faces": {
				"north": {"uv": [2.75, 7.75, 2.81219, 7.98656], "texture": "#0"},
				"east": {"uv": [2.75, 7.80625, 2.81219, 7.99906], "texture": "#0"},
				"south": {"uv": [2.75, 7.75, 2.81219, 7.99906], "texture": "#0"},
				"west": {"uv": [2.75, 7.75, 2.81219, 7.98656], "texture": "#0"},
				"up": {"uv": [2.75, 7.75, 2.81219, 7.81156], "texture": "#0"},
				"down": {"uv": [2.75, 7.9375, 2.81219, 7.99906], "texture": "#0"}
			}
		},
		{
			"name": "frost sword_6",
			"from": [9.475, 5.87, 7.82556],
			"to": [9.72375, 6.91575, 8.27331],
			"rotation": {"angle": 0, "axis": "y", "origin": [0.0625, 0, 7.9375]},
			"faces": {
				"north": {"uv": [3, 7.75, 3.06219, 8.01144], "texture": "#0"},
				"east": {"uv": [3, 7.75, 3.06219, 8.01144], "texture": "#0"},
				"south": {"uv": [3, 7.75, 3.06219, 7.98644], "texture": "#0"},
				"west": {"uv": [3, 7.75, 3.06219, 8.01144], "texture": "#0"},
				"up": {"uv": [3, 7.75, 3.06219, 7.86144], "texture": "#0"},
				"down": {"uv": [3, 7.95625, 3.06219, 8.01144], "texture": "#0"}
			}
		},
		{
			"name": "frost sword_7",
			"from": [9.9725, 6.3675, 7.82556],
			"to": [10.22125, 7.3635, 8.27331],
			"rotation": {"angle": 0, "axis": "y", "origin": [0.0625, 0, 7.9375]},
			"faces": {
				"north": {"uv": [3.25, 7.75, 3.31219, 7.999], "texture": "#0"},
				"east": {"uv": [3.25, 7.75, 3.31219, 7.999], "texture": "#0"},
				"south": {"uv": [3.25, 7.75, 3.31219, 7.999], "texture": "#0"},
				"west": {"uv": [3.25, 7.75, 3.31219, 7.999], "texture": "#0"},
				"up": {"uv": [3.25, 7.75, 3.31219, 7.849], "texture": "#0"},
				"down": {"uv": [3.25, 7.94375, 3.31219, 7.999], "texture": "#0"}
			}
		},
		{
			"name": "frost sword_7",
			"from": [9.72375, 6.11875, 7.82556],
			"to": [9.9725, 7.065, 8.27331],
			"rotation": {"angle": 0, "axis": "y", "origin": [0.0625, 0, 7.9375]},
			"faces": {
				"north": {"uv": [3.5, 7.75, 3.56219, 7.98656], "texture": "#0"},
				"east": {"uv": [3.5, 7.75, 3.56219, 8.00531], "texture": "#0"},
				"south": {"uv": [3.5, 7.75, 3.56219, 8.00531], "texture": "#0"},
				"west": {"uv": [3.5, 7.75, 3.56219, 7.98656], "texture": "#0"},
				"up": {"uv": [3.5, 7.75, 3.56219, 7.80531], "texture": "#0"},
				"down": {"uv": [3.5, 7.94375, 3.56219, 7.98656], "texture": "#0"}
			}
		},
		{
			"name": "frost sword_8",
			"from": [10.22125, 6.61625, 7.82556],
			"to": [10.47, 7.463, 8.27331],
			"rotation": {"angle": 0, "axis": "y", "origin": [0.0625, 0, 7.9375]},
			"faces": {
				"north": {"uv": [8, 3, 8.06219, 3.18044], "texture": "#0"},
				"east": {"uv": [8, 3.125, 8.06219, 3.18669], "texture": "#0"},
				"south": {"uv": [8, 3, 8.06219, 3.18669], "texture": "#0"},
				"west": {"uv": [8, 3, 8.06219, 3.19294], "texture": "#0"},
				"up": {"uv": [8, 3, 8.06219, 3.09919], "texture": "#0"},
				"down": {"uv": [8, 3.125, 8.06219, 3.18669], "texture": "#0"}
			}
		},
		{
			"name": "frost sword_9",
			"from": [10.47, 6.865, 7.77581],
			"to": [10.71875, 7.61225, 8.32306],
			"rotation": {"angle": 0, "axis": "y", "origin": [0.0625, 0, 7.9375]},
			"faces": {
				"north": {"uv": [8, 3.25, 8.06219, 3.43681], "texture": "#0"},
				"east": {"uv": [8, 3.25, 8.06219, 3.43681], "texture": "#0"},
				"south": {"uv": [8, 3.25, 8.06219, 3.41181], "texture": "#0"},
				"west": {"uv": [8, 3.25, 8.06219, 3.43681], "texture": "#0"},
				"up": {"uv": [8, 3.25, 8.06219, 3.43681], "texture": "#0"},
				"down": {"uv": [8, 3.25, 8.06219, 3.43681], "texture": "#0"}
			}
		},
		{
			"name": "frost sword_10",
			"from": [10.71875, 7.01425, 7.77581],
			"to": [10.9675, 7.61225, 8.32306],
			"rotation": {"angle": 0, "axis": "y", "origin": [0.0625, 0, 7.9375]},
			"faces": {
				"north": {"uv": [6.25, 8.25, 6.31219, 8.36825], "texture": "#0"},
				"east": {"uv": [6.25, 8.25, 6.31219, 8.3745], "texture": "#0"},
				"south": {"uv": [6.25, 8.25, 6.31219, 8.3745], "texture": "#0"},
				"west": {"uv": [6.25, 8.25, 6.31219, 8.36825], "texture": "#0"},
				"up": {"uv": [6.25, 8.25, 6.31219, 8.36825], "texture": "#0"},
				"down": {"uv": [6.25, 8.25, 6.31219, 8.3495], "texture": "#0"}
			}
		},
		{
			"name": "frost sword_10",
			"from": [4.9975, 6.865, 7.77581],
			"to": [5.24625, 7.61225, 8.32306],
			"rotation": {"angle": 0, "axis": "y", "origin": [31.65375, 0, 7.9375]},
			"faces": {
				"north": {"uv": [8, 3.5, 8.06219, 3.68681], "texture": "#0"},
				"east": {"uv": [8, 3.5, 8.06219, 3.68681], "texture": "#0"},
				"south": {"uv": [8, 3.5, 8.06219, 3.66181], "texture": "#0"},
				"west": {"uv": [8, 3.5, 8.06219, 3.68681], "texture": "#0"},
				"up": {"uv": [8, 3.5, 8.06219, 3.68681], "texture": "#0"},
				"down": {"uv": [8, 3.5, 8.06219, 3.68681], "texture": "#0"}
			}
		},
		{
			"name": "frost sword_11",
			"from": [4.74875, 7.01425, 7.77581],
			"to": [4.9975, 7.61225, 8.32306],
			"rotation": {"angle": 0, "axis": "y", "origin": [31.65375, 0, 7.9375]},
			"faces": {
				"north": {"uv": [7, 8.25625, 7.06219, 8.3745], "texture": "#0"},
				"east": {"uv": [7, 8.25625, 7.06219, 8.40575], "texture": "#0"},
				"south": {"uv": [7, 8.25625, 7.06219, 8.3745], "texture": "#0"},
				"west": {"uv": [7, 8.25625, 7.06219, 8.3745], "texture": "#0"},
				"up": {"uv": [7, 8.25625, 7.06219, 8.3745], "texture": "#0"},
				"down": {"uv": [7, 8.25625, 7.06219, 8.3745], "texture": "#0"}
			}
		},
		{
			"name": "frost sword_0",
			"from": [7.23625, 29.10375, 7.99969],
			"to": [7.485, 30.3475, 8.12406],
			"rotation": {"angle": 0, "axis": "y", "origin": [0.0625, 0, 7.9375]},
			"faces": {
				"north": {"uv": [0, 7.5, 0.06219, 7.81094], "texture": "#0"},
				"east": {"uv": [0, 7.5, 0.06219, 7.81094], "texture": "#0"},
				"south": {"uv": [0, 7.5, 0.06219, 7.80469], "texture": "#0"},
				"west": {"uv": [0, 7.5, 0.06219, 7.81094], "texture": "#0"},
				"up": {"uv": [0, 7.5, 0.06219, 7.72344], "texture": "#0"},
				"down": {"uv": [0, 7.5, 0.06219, 7.81094], "texture": "#0"}
			}
		},
		{
			"name": "frost sword_0",
			"from": [7.485, 30.09875, 7.99969],
			"to": [7.73375, 31.09375, 8.12406],
			"rotation": {"angle": 0, "axis": "y", "origin": [0.0625, 0, 7.9375]},
			"faces": {
				"north": {"uv": [7.75, 4.25, 7.81219, 4.49875], "texture": "#0"},
				"east": {"uv": [7.75, 4.25, 7.81219, 4.49875], "texture": "#0"},
				"south": {"uv": [7.75, 4.25, 7.81219, 4.47375], "texture": "#0"},
				"west": {"uv": [7.75, 4.25, 7.81219, 4.49875], "texture": "#0"},
				"up": {"uv": [7.75, 4.25, 7.81219, 4.49875], "texture": "#0"},
				"down": {"uv": [7.75, 4.25, 7.81219, 4.49875], "texture": "#0"}
			}
		},
		{
			"name": "frost sword_0",
			"from": [7.73375, 29.50175, 7.94994],
			"to": [7.9825, 30.89475, 8.22356],
			"rotation": {"angle": 0, "axis": "y", "origin": [0.0625, 0, 7.9375]},
			"faces": {
				"north": {"uv": [2.25, 7.25, 2.31219, 7.59825], "texture": "#0"},
				"east": {"uv": [2.25, 7.25, 2.31219, 7.59825], "texture": "#0"},
				"south": {"uv": [2.25, 7.25, 2.31219, 7.57325], "texture": "#0"},
				"west": {"uv": [2.25, 7.25, 2.31219, 7.59825], "texture": "#0"},
				"up": {"uv": [2.25, 7.25, 2.31219, 7.41075], "texture": "#0"},
				"down": {"uv": [2.25, 7.25, 2.31219, 7.59825], "texture": "#0"}
			}
		},
		{
			"name": "frost sword_0",
			"from": [7.485, 28.60625, 7.9375],
			"to": [7.73375, 30.09875, 8.18625],
			"rotation": {"angle": 0, "axis": "y", "origin": [0.0625, 0, 7.9375]},
			"faces": {
				"north": {"uv": [7.25, 2.75, 7.31219, 3.12313], "texture": "#0"},
				"east": {"uv": [7.25, 2.75, 7.31219, 3.12313], "texture": "#0"},
				"south": {"uv": [7.25, 2.75, 7.31219, 3.09812], "texture": "#0"},
				"west": {"uv": [7.25, 2.75, 7.31219, 3.12313], "texture": "#0"},
				"up": {"uv": [7.25, 2.75, 7.31219, 2.93563], "texture": "#0"},
				"down": {"uv": [7.25, 2.75, 7.31219, 3.12313], "texture": "#0"}
			}
		},
		{
			"name": "frost sword_0",
			"from": [7.9825, 28.60625, 7.9375],
			"to": [8.23125, 30.09875, 8.18625],
			"rotation": {"angle": 0, "axis": "y", "origin": [0.0625, 0, 7.9375]},
			"faces": {
				"north": {"uv": [4.5, 7.25, 4.56219, 7.62313], "texture": "#0"},
				"east": {"uv": [4.5, 7.25, 4.56219, 7.62313], "texture": "#0"},
				"south": {"uv": [4.5, 7.25, 4.56219, 7.59813], "texture": "#0"},
				"west": {"uv": [4.5, 7.25, 4.56219, 7.62313], "texture": "#0"},
				"up": {"uv": [4.5, 7.25, 4.56219, 7.37313], "texture": "#0"},
				"down": {"uv": [4.5, 7.25, 4.56219, 7.62313], "texture": "#0"}
			}
		},
		{
			"name": "frost sword_0",
			"from": [8.23125, 29.10375, 7.99969],
			"to": [8.48, 30.3475, 8.12406],
			"rotation": {"angle": 0, "axis": "y", "origin": [0.0625, 0, 7.9375]},
			"faces": {
				"north": {"uv": [7.5, 0.5, 7.56219, 0.81094], "texture": "#0"},
				"east": {"uv": [7.5, 0.5, 7.56219, 0.81094], "texture": "#0"},
				"south": {"uv": [7.5, 0.5, 7.56219, 0.78594], "texture": "#0"},
				"west": {"uv": [7.5, 0.5, 7.56219, 0.81094], "texture": "#0"},
				"up": {"uv": [7.5, 0.5, 7.56219, 0.81094], "texture": "#0"},
				"down": {"uv": [7.5, 0.5, 7.56219, 0.81094], "texture": "#0"}
			}
		},
		{
			"name": "frost sword_0",
			"from": [7.9825, 30.09875, 7.99969],
			"to": [8.23125, 31.09375, 8.12406],
			"rotation": {"angle": 0, "axis": "y", "origin": [0.0625, 0, 7.9375]},
			"faces": {
				"north": {"uv": [7.75, 4.75, 7.81219, 4.99875], "texture": "#0"},
				"east": {"uv": [7.75, 4.75, 7.81219, 4.99875], "texture": "#0"},
				"south": {"uv": [7.75, 4.75, 7.81219, 4.97375], "texture": "#0"},
				"west": {"uv": [7.75, 4.75, 7.81219, 4.99875], "texture": "#0"},
				"up": {"uv": [7.75, 4.75, 7.81219, 4.81125], "texture": "#0"},
				"down": {"uv": [7.75, 4.75, 7.81219, 4.99875], "texture": "#0"}
			}
		}
	],
	"display": {
		"thirdperson_righthand": {
			"rotation": [22, 86, -22],
			"translation": [0.5, 5.25, 1],
			"scale": [1.63, 1.26, 1.29]
		},
		"thirdperson_lefthand": {
			"rotation": [22, 86, -22],
			"translation": [0.5, 5.25, 1],
			"scale": [1.61, 1.22, 1.28]
		},
		"firstperson_righthand": {
			"rotation": [0, -88, -7],
			"translation": [2, 2.75, 0.5],
			"scale": [0.52, 0.47, 0.54]
		},
		"firstperson_lefthand": {
			"rotation": [0, -88, -7],
			"translation": [1.75, 2.75, 0.5],
			"scale": [0.52, 0.47, 0.54]
		},
		"ground": {
			"translation": [0, 6.5, 0],
			"scale": [0.96, 0.86, 0.79]
		},
		"gui": {
			"rotation": [0, 0, -40],
			"translation": [-4, -4.5, 0.25],
			"scale": [0.92, 0.84, 0.99]
		},
		"head": {
			"rotation": [0, 94, -88],
			"translation": [1.75, -17.25, 28.5],
			"scale": [4, 4, 4]
		},
		"fixed": {
			"rotation": [0, 0, 46],
			"translation": [4.25, -3.5, 0.25],
			"scale": [0.86, 0.88, 0.85]
		}
	},
	"groups": [
		{
			"name": "de blayd",
			"origin": [0.0625, 0, 7.9375],
			"color": 0,
			"nbt": "{}",
			"children": [
				0,
				1,
				2,
				3,
				4,
				5,
				6,
				7,
				8,
				9,
				10,
				11,
				12,
				13,
				14,
				15,
				16,
				17,
				18,
				19,
				20,
				21,
				22,
				23,
				24,
				25,
				26,
				27,
				28,
				29,
				30,
				31,
				32,
				33,
				34,
				35,
				36,
				37,
				38,
				39,
				40,
				41,
				42,
				43,
				44,
				45,
				46,
				47,
				48,
				49,
				50,
				51,
				52,
				53,
				54,
				55,
				56,
				57,
				58,
				59,
				60,
				61,
				62,
				63,
				64,
				65,
				66,
				67,
				68,
				69,
				70,
				71,
				72,
				73,
				74,
				75,
				76,
				77,
				78,
				79,
				80,
				81,
				82,
				83,
				84,
				85,
				86,
				87,
				88,
				89,
				90,
				91,
				92,
				93,
				94,
				95,
				96,
				97,
				98,
				99,
				100,
				101,
				102,
				103,
				104,
				105,
				106,
				107,
				108,
				109,
				110,
				111,
				112,
				113,
				114,
				115,
				116,
				117,
				118,
				119,
				120
			]
		}
	]
}