{
	"credit": "Made with Blockbench",
	"texture_size": [64, 64],
	"textures": {
		"1": "item/weapons/cheetahs/shadowreaper"
	},
	"elements": [
		{
			"name": "Shadowblade",
			"from": [18, 0, 7],
			"to": [20, 3, 8],
			"faces": {
				"north": {"uv": [4, 3.75, 4.5, 4.5], "texture": "#1"},
				"east": {"uv": [5, 7.75, 5.25, 8.5], "texture": "#1"},
				"south": {"uv": [4.25, 0, 4.75, 0.75], "texture": "#1"},
				"west": {"uv": [7.75, 5, 8, 5.75], "texture": "#1"},
				"up": {"uv": [6.5, 1.5, 6, 1.25], "texture": "#1"},
				"down": {"uv": [8.25, 7.25, 7.75, 7.5], "texture": "#1"}
			}
		},
		{
			"name": "Shadowblade",
			"from": [20, 0, 7],
			"to": [21, 3, 8],
			"faces": {
				"north": {"uv": [5.25, 7.75, 5.5, 8.5], "texture": "#1"},
				"east": {"uv": [5.5, 7.75, 5.75, 8.5], "texture": "#1"},
				"south": {"uv": [7.75, 5.75, 8, 6.5], "texture": "#1"},
				"west": {"uv": [7.75, 6.5, 8, 7.25], "texture": "#1"},
				"up": {"uv": [8.25, 3.75, 8, 3.5], "texture": "#1"},
				"down": {"uv": [8.25, 3.75, 8, 4], "texture": "#1"}
			}
		},
		{
			"name": "Shadowblade",
			"from": [17, 1, 7],
			"to": [18, 6, 8],
			"faces": {
				"north": {"uv": [3.25, 5.75, 3.5, 7], "texture": "#1"},
				"east": {"uv": [3.5, 5.75, 3.75, 7], "texture": "#1"},
				"south": {"uv": [5.75, 3.5, 6, 4.75], "texture": "#1"},
				"west": {"uv": [3.75, 5.75, 4, 7], "texture": "#1"},
				"up": {"uv": [8.25, 4.25, 8, 4], "texture": "#1"},
				"down": {"uv": [8.25, 4.25, 8, 4.5], "texture": "#1"}
			}
		},
		{
			"name": "Shadowblade",
			"from": [16, 2, 7],
			"to": [17, 7, 8],
			"faces": {
				"north": {"uv": [5.75, 4.75, 6, 6], "texture": "#1"},
				"east": {"uv": [6, 0, 6.25, 1.25], "texture": "#1"},
				"south": {"uv": [2, 6, 2.25, 7.25], "texture": "#1"},
				"west": {"uv": [6, 2, 6.25, 3.25], "texture": "#1"},
				"up": {"uv": [4.75, 8.25, 4.5, 8], "texture": "#1"},
				"down": {"uv": [8.25, 4.5, 8, 4.75], "texture": "#1"}
			}
		},
		{
			"name": "Shadowblade",
			"from": [16, -1, 7],
			"to": [17, 2, 8],
			"faces": {
				"north": {"uv": [5.75, 4.75, 6, 5.5], "texture": "#1"},
				"east": {"uv": [6, 0, 6.25, 1.25], "texture": "#1"},
				"south": {"uv": [2, 6, 2.25, 7.25], "texture": "#1"},
				"west": {"uv": [6, 2, 6.25, 3.25], "texture": "#1"},
				"up": {"uv": [4.75, 8.25, 4.5, 8], "texture": "#1"},
				"down": {"uv": [8.25, 4.5, 8, 4.75], "texture": "#1"}
			}
		},
		{
			"name": "Shadowblade",
			"from": [15, 4, 7],
			"to": [16, 8, 8],
			"faces": {
				"north": {"uv": [7, 6.25, 7.25, 7.25], "texture": "#1"},
				"east": {"uv": [7.25, 0, 7.5, 1], "texture": "#1"},
				"south": {"uv": [7.25, 1, 7.5, 2], "texture": "#1"},
				"west": {"uv": [2, 7.25, 2.25, 8.25], "texture": "#1"},
				"up": {"uv": [8.25, 5, 8, 4.75], "texture": "#1"},
				"down": {"uv": [8.25, 5, 8, 5.25], "texture": "#1"}
			}
		},
		{
			"name": "Shadowblade",
			"from": [15, 1, 7],
			"to": [16, 4, 8],
			"faces": {
				"north": {"uv": [7, 6.25, 7.25, 7.25], "texture": "#1"},
				"east": {"uv": [7.25, 0, 7.5, 1], "texture": "#1"},
				"south": {"uv": [7.25, 1, 7.5, 2], "texture": "#1"},
				"west": {"uv": [2, 7.25, 2.25, 8.25], "texture": "#1"},
				"up": {"uv": [8.25, 5, 8, 4.75], "texture": "#1"},
				"down": {"uv": [8.25, 5, 8, 5.25], "texture": "#1"}
			}
		},
		{
			"name": "Shadowblade",
			"from": [14, 5, 7],
			"to": [15, 9, 8],
			"faces": {
				"north": {"uv": [7.25, 2, 7.5, 3], "texture": "#1"},
				"east": {"uv": [2.25, 7.25, 2.5, 8.25], "texture": "#1"},
				"south": {"uv": [2.5, 7.25, 2.75, 8.25], "texture": "#1"},
				"west": {"uv": [2.75, 7.25, 3, 8.25], "texture": "#1"},
				"up": {"uv": [8.25, 5.5, 8, 5.25], "texture": "#1"},
				"down": {"uv": [8.25, 5.5, 8, 5.75], "texture": "#1"}
			}
		},
		{
			"name": "Shadowblade",
			"from": [13, 6, 7],
			"to": [14, 10, 8],
			"faces": {
				"north": {"uv": [3, 7.25, 3.25, 8.25], "texture": "#1"},
				"east": {"uv": [7.25, 3, 7.5, 4], "texture": "#1"},
				"south": {"uv": [4, 7.25, 4.25, 8.25], "texture": "#1"},
				"west": {"uv": [7.25, 4, 7.5, 5], "texture": "#1"},
				"up": {"uv": [8.25, 6, 8, 5.75], "texture": "#1"},
				"down": {"uv": [8.25, 6, 8, 6.25], "texture": "#1"}
			}
		},
		{
			"name": "Shadowblade",
			"from": [11, 8, 7],
			"to": [12, 12, 8],
			"faces": {
				"north": {"uv": [4.25, 7.25, 4.5, 8.25], "texture": "#1"},
				"east": {"uv": [4.75, 7.25, 5, 8.25], "texture": "#1"},
				"south": {"uv": [7.25, 5, 7.5, 6], "texture": "#1"},
				"west": {"uv": [5.75, 7.25, 6, 8.25], "texture": "#1"},
				"up": {"uv": [8.25, 6.5, 8, 6.25], "texture": "#1"},
				"down": {"uv": [8.25, 6.5, 8, 6.75], "texture": "#1"}
			}
		},
		{
			"name": "Shadowblade",
			"from": [12, 7, 7],
			"to": [13, 11, 8],
			"faces": {
				"north": {"uv": [7.25, 6, 7.5, 7], "texture": "#1"},
				"east": {"uv": [7, 7.25, 7.25, 8.25], "texture": "#1"},
				"south": {"uv": [7.25, 7, 7.5, 8], "texture": "#1"},
				"west": {"uv": [7.5, 0, 7.75, 1], "texture": "#1"},
				"up": {"uv": [8.25, 7, 8, 6.75], "texture": "#1"},
				"down": {"uv": [8.25, 7, 8, 7.25], "texture": "#1"}
			}
		},
		{
			"name": "Shadowblade",
			"from": [9, 10, 7],
			"to": [10, 14, 8],
			"faces": {
				"north": {"uv": [7.5, 1, 7.75, 2], "texture": "#1"},
				"east": {"uv": [7.5, 2, 7.75, 3], "texture": "#1"},
				"south": {"uv": [7.5, 3, 7.75, 4], "texture": "#1"},
				"west": {"uv": [7.5, 4, 7.75, 5], "texture": "#1"},
				"up": {"uv": [7.5, 8.25, 7.25, 8], "texture": "#1"},
				"down": {"uv": [7.75, 8, 7.5, 8.25], "texture": "#1"}
			}
		},
		{
			"name": "Shadowblade",
			"from": [10, 9, 7],
			"to": [11, 13, 8],
			"faces": {
				"north": {"uv": [7.5, 5, 7.75, 6], "texture": "#1"},
				"east": {"uv": [7.5, 6, 7.75, 7], "texture": "#1"},
				"south": {"uv": [6.5, 7.5, 6.75, 8.5], "texture": "#1"},
				"west": {"uv": [6.75, 7.5, 7, 8.5], "texture": "#1"},
				"up": {"uv": [8, 8.25, 7.75, 8], "texture": "#1"},
				"down": {"uv": [8.25, 8, 8, 8.25], "texture": "#1"}
			}
		},
		{
			"name": "Shadowblade",
			"from": [6, 13, 7],
			"to": [7, 18, 8],
			"faces": {
				"north": {"uv": [6, 3.25, 6.25, 4.5], "texture": "#1"},
				"east": {"uv": [4, 6, 4.25, 7.25], "texture": "#1"},
				"south": {"uv": [4.25, 6, 4.5, 7.25], "texture": "#1"},
				"west": {"uv": [6, 4.5, 6.25, 5.75], "texture": "#1"},
				"up": {"uv": [8.5, 0.75, 8.25, 0.5], "texture": "#1"},
				"down": {"uv": [8.5, 0.75, 8.25, 1], "texture": "#1"}
			}
		},
		{
			"name": "Shadowblade",
			"from": [7, 12, 7],
			"to": [8, 18, 8],
			"faces": {
				"north": {"uv": [4.5, 3.75, 4.75, 5.25], "texture": "#1"},
				"east": {"uv": [4, 4.5, 4.25, 6], "texture": "#1"},
				"south": {"uv": [4.25, 4.5, 4.5, 6], "texture": "#1"},
				"west": {"uv": [4.75, 0, 5, 1.5], "texture": "#1"},
				"up": {"uv": [8.5, 1.25, 8.25, 1], "texture": "#1"},
				"down": {"uv": [8.5, 1.25, 8.25, 1.5], "texture": "#1"}
			}
		},
		{
			"name": "Shadowblade",
			"from": [8, 11, 7],
			"to": [9, 17, 8],
			"faces": {
				"north": {"uv": [4.75, 1.5, 5, 3], "texture": "#1"},
				"east": {"uv": [4.75, 3, 5, 4.5], "texture": "#1"},
				"south": {"uv": [4.75, 4.5, 5, 6], "texture": "#1"},
				"west": {"uv": [0, 5, 0.25, 6.5], "texture": "#1"},
				"up": {"uv": [1.75, 8.5, 1.5, 8.25], "texture": "#1"},
				"down": {"uv": [8.5, 1.5, 8.25, 1.75], "texture": "#1"}
			}
		},
		{
			"name": "Shadowblade",
			"from": [2, 17, 7],
			"to": [3, 21, 8],
			"faces": {
				"north": {"uv": [7.5, 7, 7.75, 8], "texture": "#1"},
				"east": {"uv": [0, 7.75, 0.25, 8.75], "texture": "#1"},
				"south": {"uv": [7.75, 0, 8, 1], "texture": "#1"},
				"west": {"uv": [0.25, 7.75, 0.5, 8.75], "texture": "#1"},
				"up": {"uv": [2, 8.5, 1.75, 8.25], "texture": "#1"},
				"down": {"uv": [8.5, 1.75, 8.25, 2], "texture": "#1"}
			}
		},
		{
			"name": "Shadowblade",
			"from": [1, 17, 7],
			"to": [2, 21, 8],
			"faces": {
				"north": {"uv": [0.5, 7.75, 0.75, 8.75], "texture": "#1"},
				"east": {"uv": [0.75, 7.75, 1, 8.75], "texture": "#1"},
				"south": {"uv": [1, 7.75, 1.25, 8.75], "texture": "#1"},
				"west": {"uv": [7.75, 1, 8, 2], "texture": "#1"},
				"up": {"uv": [2.25, 8.5, 2, 8.25], "texture": "#1"},
				"down": {"uv": [8.5, 2, 8.25, 2.25], "texture": "#1"}
			}
		},
		{
			"name": "Shadowblade",
			"from": [0, 18, 7],
			"to": [1, 29, 8],
			"faces": {
				"north": {"uv": [1.5, 0, 1.75, 2.75], "texture": "#1"},
				"east": {"uv": [1.75, 0, 2, 2.75], "texture": "#1"},
				"south": {"uv": [2, 0, 2.25, 2.75], "texture": "#1"},
				"west": {"uv": [2.25, 0, 2.5, 2.75], "texture": "#1"},
				"up": {"uv": [2.5, 8.5, 2.25, 8.25], "texture": "#1"},
				"down": {"uv": [8.5, 2.25, 8.25, 2.5], "texture": "#1"}
			}
		},
		{
			"name": "Shadowblade",
			"from": [1, 24, 7],
			"to": [2, 30, 8],
			"faces": {
				"north": {"uv": [5, 0, 5.25, 1.5], "texture": "#1"},
				"east": {"uv": [0.25, 5, 0.5, 6.5], "texture": "#1"},
				"south": {"uv": [0.5, 5, 0.75, 6.5], "texture": "#1"},
				"west": {"uv": [0.75, 5, 1, 6.5], "texture": "#1"},
				"up": {"uv": [2.75, 8.5, 2.5, 8.25], "texture": "#1"},
				"down": {"uv": [8.5, 2.5, 8.25, 2.75], "texture": "#1"}
			}
		},
		{
			"name": "Shadowblade",
			"from": [2, 22, 7],
			"to": [3, 30, 8],
			"faces": {
				"north": {"uv": [0, 3, 0.25, 5], "texture": "#1"},
				"east": {"uv": [3, 0, 3.25, 2], "texture": "#1"},
				"south": {"uv": [0.25, 3, 0.5, 5], "texture": "#1"},
				"west": {"uv": [0.5, 3, 0.75, 5], "texture": "#1"},
				"up": {"uv": [3, 8.5, 2.75, 8.25], "texture": "#1"},
				"down": {"uv": [8.5, 2.75, 8.25, 3], "texture": "#1"}
			}
		},
		{
			"name": "Shadowblade",
			"from": [3, 23, 7],
			"to": [4, 31, 8],
			"faces": {
				"north": {"uv": [0.75, 3, 1, 5], "texture": "#1"},
				"east": {"uv": [1, 3, 1.25, 5], "texture": "#1"},
				"south": {"uv": [1.25, 3, 1.5, 5], "texture": "#1"},
				"west": {"uv": [3, 2, 3.25, 4], "texture": "#1"},
				"up": {"uv": [3.25, 8.5, 3, 8.25], "texture": "#1"},
				"down": {"uv": [8.5, 3, 8.25, 3.25], "texture": "#1"}
			}
		},
		{
			"name": "Shadowblade",
			"from": [4, 24, 7],
			"to": [5, 31, 8],
			"faces": {
				"north": {"uv": [4, 2, 4.25, 3.75], "texture": "#1"},
				"east": {"uv": [2.25, 4, 2.5, 5.75], "texture": "#1"},
				"south": {"uv": [2.5, 4, 2.75, 5.75], "texture": "#1"},
				"west": {"uv": [2.75, 4, 3, 5.75], "texture": "#1"},
				"up": {"uv": [3.5, 8.5, 3.25, 8.25], "texture": "#1"},
				"down": {"uv": [8.5, 3.25, 8.25, 3.5], "texture": "#1"}
			}
		},
		{
			"name": "Shadowblade",
			"from": [5, 26, 7],
			"to": [11, 32, 8],
			"faces": {
				"north": {"uv": [0, 0, 1.5, 1.5], "texture": "#1"},
				"east": {"uv": [1, 5, 1.25, 6.5], "texture": "#1"},
				"south": {"uv": [0, 1.5, 1.5, 3], "texture": "#1"},
				"west": {"uv": [1.25, 5, 1.5, 6.5], "texture": "#1"},
				"up": {"uv": [6.5, 1.75, 5, 1.5], "texture": "#1"},
				"down": {"uv": [6.5, 1.75, 5, 2], "texture": "#1"}
			}
		},
		{
			"name": "Shadowblade",
			"from": [13, 25, 7],
			"to": [14, 31, 8],
			"faces": {
				"north": {"uv": [5, 2, 5.25, 3.5], "texture": "#1"},
				"east": {"uv": [5, 3.5, 5.25, 5], "texture": "#1"},
				"south": {"uv": [5, 5, 5.25, 6.5], "texture": "#1"},
				"west": {"uv": [5.25, 0, 5.5, 1.5], "texture": "#1"},
				"up": {"uv": [3.75, 8.5, 3.5, 8.25], "texture": "#1"},
				"down": {"uv": [8.5, 3.5, 8.25, 3.75], "texture": "#1"}
			}
		},
		{
			"name": "Shadowblade",
			"from": [12, 26, 7],
			"to": [13, 31, 8],
			"faces": {
				"north": {"uv": [4.75, 6, 5, 7.25], "texture": "#1"},
				"east": {"uv": [5.75, 6, 6, 7.25], "texture": "#1"},
				"south": {"uv": [6, 5.75, 6.25, 7], "texture": "#1"},
				"west": {"uv": [6.25, 0, 6.5, 1.25], "texture": "#1"},
				"up": {"uv": [4, 8.5, 3.75, 8.25], "texture": "#1"},
				"down": {"uv": [8.5, 3.75, 8.25, 4], "texture": "#1"}
			}
		},
		{
			"name": "Shadowblade",
			"from": [11, 26, 7],
			"to": [12, 31, 8],
			"faces": {
				"north": {"uv": [6.25, 2, 6.5, 3.25], "texture": "#1"},
				"east": {"uv": [6.25, 3.25, 6.5, 4.5], "texture": "#1"},
				"south": {"uv": [6.25, 4.5, 6.5, 5.75], "texture": "#1"},
				"west": {"uv": [6.25, 5.75, 6.5, 7], "texture": "#1"},
				"up": {"uv": [4.25, 8.5, 4, 8.25], "texture": "#1"},
				"down": {"uv": [8.5, 4, 8.25, 4.25], "texture": "#1"}
			}
		},
		{
			"name": "Shadowblade",
			"from": [14, 25, 7],
			"to": [15, 30, 8],
			"faces": {
				"north": {"uv": [0, 6.5, 0.25, 7.75], "texture": "#1"},
				"east": {"uv": [6.5, 0, 6.75, 1.25], "texture": "#1"},
				"south": {"uv": [0.25, 6.5, 0.5, 7.75], "texture": "#1"},
				"west": {"uv": [0.5, 6.5, 0.75, 7.75], "texture": "#1"},
				"up": {"uv": [4.5, 8.5, 4.25, 8.25], "texture": "#1"},
				"down": {"uv": [8.5, 4.25, 8.25, 4.5], "texture": "#1"}
			}
		},
		{
			"name": "Shadowblade",
			"from": [15, 24, 7],
			"to": [16, 30, 8],
			"faces": {
				"north": {"uv": [5.25, 2, 5.5, 3.5], "texture": "#1"},
				"east": {"uv": [5.25, 3.5, 5.5, 5], "texture": "#1"},
				"south": {"uv": [4.5, 5.25, 4.75, 6.75], "texture": "#1"},
				"west": {"uv": [5.25, 5, 5.5, 6.5], "texture": "#1"},
				"up": {"uv": [4.75, 8.5, 4.5, 8.25], "texture": "#1"},
				"down": {"uv": [8.5, 4.5, 8.25, 4.75], "texture": "#1"}
			}
		},
		{
			"name": "Shadowblade",
			"from": [16, 24, 7],
			"to": [17, 29, 8],
			"faces": {
				"north": {"uv": [0.75, 6.5, 1, 7.75], "texture": "#1"},
				"east": {"uv": [1, 6.5, 1.25, 7.75], "texture": "#1"},
				"south": {"uv": [1.25, 6.5, 1.5, 7.75], "texture": "#1"},
				"west": {"uv": [6.5, 1.25, 6.75, 2.5], "texture": "#1"},
				"up": {"uv": [5, 8.5, 4.75, 8.25], "texture": "#1"},
				"down": {"uv": [8.5, 4.75, 8.25, 5], "texture": "#1"}
			}
		},
		{
			"name": "Shadowblade",
			"from": [17, 23, 7],
			"to": [18, 29, 8],
			"faces": {
				"north": {"uv": [5.5, 0, 5.75, 1.5], "texture": "#1"},
				"east": {"uv": [1.5, 5.5, 1.75, 7], "texture": "#1"},
				"south": {"uv": [1.75, 5.5, 2, 7], "texture": "#1"},
				"west": {"uv": [5.5, 2, 5.75, 3.5], "texture": "#1"},
				"up": {"uv": [8.5, 5.25, 8.25, 5], "texture": "#1"},
				"down": {"uv": [8.5, 5.25, 8.25, 5.5], "texture": "#1"}
			}
		},
		{
			"name": "Shadowblade",
			"from": [18, 23, 7],
			"to": [19, 28, 8],
			"faces": {
				"north": {"uv": [6.5, 2.5, 6.75, 3.75], "texture": "#1"},
				"east": {"uv": [6.5, 3.75, 6.75, 5], "texture": "#1"},
				"south": {"uv": [5, 6.5, 5.25, 7.75], "texture": "#1"},
				"west": {"uv": [6.5, 5, 6.75, 6.25], "texture": "#1"},
				"up": {"uv": [8.5, 5.75, 8.25, 5.5], "texture": "#1"},
				"down": {"uv": [6, 8.25, 5.75, 8.5], "texture": "#1"}
			}
		},
		{
			"name": "Shadowblade",
			"from": [19, 22, 7],
			"to": [20, 27, 8],
			"faces": {
				"north": {"uv": [5.25, 6.5, 5.5, 7.75], "texture": "#1"},
				"east": {"uv": [5.5, 6.5, 5.75, 7.75], "texture": "#1"},
				"south": {"uv": [6.5, 6.25, 6.75, 7.5], "texture": "#1"},
				"west": {"uv": [6.75, 0, 7, 1.25], "texture": "#1"},
				"up": {"uv": [8.5, 6, 8.25, 5.75], "texture": "#1"},
				"down": {"uv": [6.25, 8.25, 6, 8.5], "texture": "#1"}
			}
		},
		{
			"name": "Shadowblade",
			"from": [20, 21, 7],
			"to": [21, 26, 8],
			"faces": {
				"north": {"uv": [6.75, 1.25, 7, 2.5], "texture": "#1"},
				"east": {"uv": [6.75, 2.5, 7, 3.75], "texture": "#1"},
				"south": {"uv": [6.75, 3.75, 7, 5], "texture": "#1"},
				"west": {"uv": [4.5, 6.75, 4.75, 8], "texture": "#1"},
				"up": {"uv": [8.5, 6.25, 8.25, 6], "texture": "#1"},
				"down": {"uv": [6.5, 8.25, 6.25, 8.5], "texture": "#1"}
			}
		},
		{
			"name": "Shadowblade",
			"from": [21, 20, 7],
			"to": [22, 25, 8],
			"faces": {
				"north": {"uv": [6.75, 5, 7, 6.25], "texture": "#1"},
				"east": {"uv": [6.75, 6.25, 7, 7.5], "texture": "#1"},
				"south": {"uv": [7, 0, 7.25, 1.25], "texture": "#1"},
				"west": {"uv": [7, 1.25, 7.25, 2.5], "texture": "#1"},
				"up": {"uv": [8.5, 6.5, 8.25, 6.25], "texture": "#1"},
				"down": {"uv": [8.5, 6.5, 8.25, 6.75], "texture": "#1"}
			}
		},
		{
			"name": "Shadowblade",
			"from": [-1, 18, 7],
			"to": [0, 29, 8],
			"faces": {
				"north": {"uv": [2.5, 0, 2.75, 2.75], "texture": "#1"},
				"east": {"uv": [2.75, 0, 3, 2.75], "texture": "#1"},
				"south": {"uv": [1.5, 2.75, 1.75, 5.5], "texture": "#1"},
				"west": {"uv": [1.75, 2.75, 2, 5.5], "texture": "#1"},
				"up": {"uv": [8.5, 7, 8.25, 6.75], "texture": "#1"},
				"down": {"uv": [7.25, 8.25, 7, 8.5], "texture": "#1"}
			}
		},
		{
			"name": "Shadowblade",
			"from": [-2, 17, 7],
			"to": [-1, 25, 8],
			"faces": {
				"north": {"uv": [3.25, 0, 3.5, 2], "texture": "#1"},
				"east": {"uv": [3.25, 2, 3.5, 4], "texture": "#1"},
				"south": {"uv": [3.5, 0, 3.75, 2], "texture": "#1"},
				"west": {"uv": [3.5, 2, 3.75, 4], "texture": "#1"},
				"up": {"uv": [8.5, 7.25, 8.25, 7], "texture": "#1"},
				"down": {"uv": [7.5, 8.25, 7.25, 8.5], "texture": "#1"}
			}
		},
		{
			"name": "Shadowblade",
			"from": [-3, 16, 7],
			"to": [-2, 24, 8],
			"faces": {
				"north": {"uv": [3.75, 0, 4, 2], "texture": "#1"},
				"east": {"uv": [3.75, 2, 4, 4], "texture": "#1"},
				"south": {"uv": [4, 0, 4.25, 2], "texture": "#1"},
				"west": {"uv": [2, 4, 2.25, 6], "texture": "#1"},
				"up": {"uv": [8.5, 7.5, 8.25, 7.25], "texture": "#1"},
				"down": {"uv": [7.75, 8.25, 7.5, 8.5], "texture": "#1"}
			}
		},
		{
			"name": "Shadowblade",
			"from": [-4, 16, 7],
			"to": [-3, 23, 8],
			"faces": {
				"north": {"uv": [3, 4, 3.25, 5.75], "texture": "#1"},
				"east": {"uv": [3.25, 4, 3.5, 5.75], "texture": "#1"},
				"south": {"uv": [3.5, 4, 3.75, 5.75], "texture": "#1"},
				"west": {"uv": [3.75, 4, 4, 5.75], "texture": "#1"},
				"up": {"uv": [8.5, 7.75, 8.25, 7.5], "texture": "#1"},
				"down": {"uv": [8, 8.25, 7.75, 8.5], "texture": "#1"}
			}
		},
		{
			"name": "Shadowblade",
			"from": [-6, 17, 7],
			"to": [-4, 22, 8],
			"faces": {
				"north": {"uv": [2, 2.75, 2.5, 4], "texture": "#1"},
				"east": {"uv": [1.5, 7, 1.75, 8.25], "texture": "#1"},
				"south": {"uv": [2.5, 2.75, 3, 4], "texture": "#1"},
				"west": {"uv": [1.75, 7, 2, 8.25], "texture": "#1"},
				"up": {"uv": [8.25, 7.75, 7.75, 7.5], "texture": "#1"},
				"down": {"uv": [8.25, 7.75, 7.75, 8], "texture": "#1"}
			}
		},
		{
			"name": "Shadowblade",
			"from": [-7, 18, 7],
			"to": [-6, 23, 8],
			"faces": {
				"north": {"uv": [7, 2.5, 7.25, 3.75], "texture": "#1"},
				"east": {"uv": [3.25, 7, 3.5, 8.25], "texture": "#1"},
				"south": {"uv": [3.5, 7, 3.75, 8.25], "texture": "#1"},
				"west": {"uv": [3.75, 7, 4, 8.25], "texture": "#1"},
				"up": {"uv": [8.5, 8, 8.25, 7.75], "texture": "#1"},
				"down": {"uv": [8.25, 8.25, 8, 8.5], "texture": "#1"}
			}
		},
		{
			"name": "Shadowblade",
			"from": [-8, 19, 7],
			"to": [-7, 23, 8],
			"faces": {
				"north": {"uv": [1.25, 7.75, 1.5, 8.75], "texture": "#1"},
				"east": {"uv": [7.75, 2, 8, 3], "texture": "#1"},
				"south": {"uv": [7.75, 3, 8, 4], "texture": "#1"},
				"west": {"uv": [7.75, 4, 8, 5], "texture": "#1"},
				"up": {"uv": [8.5, 8.25, 8.25, 8], "texture": "#1"},
				"down": {"uv": [8.5, 8.25, 8.25, 8.5], "texture": "#1"}
			}
		},
		{
			"name": "Shadowblade",
			"from": [3, 16, 7],
			"to": [4, 21, 8],
			"faces": {
				"north": {"uv": [7, 3.75, 7.25, 5], "texture": "#1"},
				"east": {"uv": [7, 5, 7.25, 6.25], "texture": "#1"},
				"south": {"uv": [6, 7, 6.25, 8.25], "texture": "#1"},
				"west": {"uv": [6.25, 7, 6.5, 8.25], "texture": "#1"},
				"up": {"uv": [8.75, 0.25, 8.5, 0], "texture": "#1"},
				"down": {"uv": [8.75, 0.25, 8.5, 0.5], "texture": "#1"}
			}
		},
		{
			"name": "Shadowblade",
			"from": [4, 15, 7],
			"to": [5, 21, 8],
			"faces": {
				"north": {"uv": [5.5, 3.5, 5.75, 5], "texture": "#1"},
				"east": {"uv": [5.5, 5, 5.75, 6.5], "texture": "#1"},
				"south": {"uv": [5.75, 0, 6, 1.5], "texture": "#1"},
				"west": {"uv": [5.75, 2, 6, 3.5], "texture": "#1"},
				"up": {"uv": [8.75, 0.75, 8.5, 0.5], "texture": "#1"},
				"down": {"uv": [8.75, 0.75, 8.5, 1], "texture": "#1"}
			}
		},
		{
			"name": "Shadowblade",
			"from": [5, 14, 7],
			"to": [6, 20, 8],
			"faces": {
				"north": {"uv": [2.25, 5.75, 2.5, 7.25], "texture": "#1"},
				"east": {"uv": [2.5, 5.75, 2.75, 7.25], "texture": "#1"},
				"south": {"uv": [2.75, 5.75, 3, 7.25], "texture": "#1"},
				"west": {"uv": [3, 5.75, 3.25, 7.25], "texture": "#1"},
				"up": {"uv": [8.75, 1.25, 8.5, 1], "texture": "#1"},
				"down": {"uv": [8.75, 1.25, 8.5, 1.5], "texture": "#1"}
			}
		},
		{
			"name": "Shadowblade",
			"from": [19, 3, 7],
			"to": [20, 4, 8],
			"faces": {
				"north": {"uv": [8, 2, 8.25, 2.25], "texture": "#1"},
				"east": {"uv": [8, 2.25, 8.25, 2.5], "texture": "#1"},
				"south": {"uv": [8, 2.5, 8.25, 2.75], "texture": "#1"},
				"west": {"uv": [8, 2.75, 8.25, 3], "texture": "#1"},
				"up": {"uv": [8.25, 3.25, 8, 3], "texture": "#1"},
				"down": {"uv": [8.25, 3.25, 8, 3.5], "texture": "#1"}
			}
		},
		{
			"name": "Shadowblade",
			"from": [18, 3, 7],
			"to": [19, 5, 8],
			"faces": {
				"north": {"uv": [8, 0, 8.25, 0.5], "texture": "#1"},
				"east": {"uv": [8, 0.5, 8.25, 1], "texture": "#1"},
				"south": {"uv": [8, 1, 8.25, 1.5], "texture": "#1"},
				"west": {"uv": [8, 1.5, 8.25, 2], "texture": "#1"},
				"up": {"uv": [1.75, 8.75, 1.5, 8.5], "texture": "#1"},
				"down": {"uv": [8.75, 1.5, 8.5, 1.75], "texture": "#1"}
			}
		}
	],
	"display": {
		"thirdperson_righthand": {
			"rotation": [35, 91, -45],
			"translation": [0, -1.25, 6.5]
		},
		"thirdperson_lefthand": {
			"rotation": [82, -84, 88],
			"translation": [0.25, -1.25, 7.25]
		},
		"firstperson_righthand": {
			"rotation": [17, 90, -62],
			"translation": [-1.5, 6.25, 5.75],
			"scale": [0.21, 0.19, 0.17]
		},
		"firstperson_lefthand": {
			"rotation": [-79, -94, -45],
			"translation": [-1.75, 6.25, 5.5],
			"scale": [0.18, 0.2, 0.19]
		},
		"ground": {
			"translation": [0, 7.25, 0]
		},
		"gui": {
			"translation": [0, -4.5, 0],
			"scale": [0.61133, 0.60156, 1]
		},
		"head": {
			"rotation": [-21, 91, 0],
			"translation": [0.5, 17.75, 6]
		},
		"fixed": {
			"translation": [0, -4, 0],
			"scale": [0.49805, 0.56641, 1]
		}
	},
	"groups": [
		{
			"name": "shadowblade",
			"origin": [0, 0, 0],
			"color": 0,
			"nbt": "{}",
			"children": [
				0,
				1,
				2,
				3,
				4,
				5,
				6,
				7,
				8,
				9,
				10,
				11,
				12,
				13,
				14,
				15,
				16,
				17,
				18,
				19,
				20,
				21,
				22,
				23,
				24,
				25,
				26,
				27,
				28,
				29,
				30,
				31,
				32,
				33,
				34,
				35,
				36,
				37,
				38,
				39,
				40,
				41,
				42,
				43,
				44,
				45,
				46
			]
		}
	]
}