{
	"credit": "Made by CravenCrafts with Blockbench",
	"textures": {
		"0": "item/better_weapons/grips/wood_brass",
		"3": "item/better_weapons/guards/brass",
		"5": "item/better_weapons/sword_blades/diamond_blade",
		"particle": "item/better_weapons/sword_blades/diamond_blade"
	},
	"elements": [
		{
			"from": [7.25, 7, 7],
			"to": [8.75, 7.5, 9],
			"rotation": {"angle": 0, "axis": "y", "origin": [8.00125, 10.8125, 8]},
			"faces": {
				"north": {"uv": [6.75, 2.25, 9.75, 3.25], "texture": "#3"},
				"east": {"uv": [6.5, 2.25, 10.5, 3.25], "texture": "#3"},
				"south": {"uv": [6.75, 2.25, 9.75, 3.25], "texture": "#3"},
				"west": {"uv": [6.5, 2.25, 10.5, 3.25], "texture": "#3"},
				"up": {"uv": [5.5, 2, 4, 0], "texture": "#3"},
				"down": {"uv": [6.5, 3.5, 9.5, 7.5], "texture": "#3"}
			}
		},
		{
			"from": [7, 7.5, 6.5],
			"to": [9, 9, 9.5],
			"rotation": {"angle": 0, "axis": "y", "origin": [8.00125, 10.8125, 8]},
			"faces": {
				"north": {"uv": [0, 3.25, 4, 6.25], "texture": "#3"},
				"east": {"uv": [0, 0, 6, 3], "texture": "#3"},
				"south": {"uv": [0, 3.25, 4, 6.25], "texture": "#3"},
				"west": {"uv": [0, 0, 6, 3], "texture": "#3"},
				"up": {"uv": [0, 0, 6, 3], "rotation": 90, "texture": "#3"},
				"down": {"uv": [0, 0, 6, 3], "rotation": 90, "texture": "#3"}
			}
		},
		{
			"from": [7.5, 8, 9.23254],
			"to": [8.5, 9, 12.23254],
			"rotation": {"angle": -22.5, "axis": "x", "origin": [7.5, 7.34462, 10.23254]},
			"faces": {
				"north": {"uv": [4.25, 3.25, 6.25, 5.25], "texture": "#3"},
				"east": {"uv": [6.25, 0, 12.25, 2], "texture": "#3"},
				"south": {"uv": [4.25, 3.25, 6.25, 5.25], "texture": "#3"},
				"west": {"uv": [6.25, 0, 12.25, 2], "texture": "#3"},
				"up": {"uv": [12.25, 0, 6.25, 2], "rotation": 270, "texture": "#3"},
				"down": {"uv": [12.25, 0, 6.25, 2], "rotation": 270, "texture": "#3"}
			}
		},
		{
			"from": [7.5, 8, 3.76746],
			"to": [8.5, 9, 6.76746],
			"rotation": {"angle": 22.5, "axis": "x", "origin": [7.5, 7.34462, 5.76746]},
			"faces": {
				"north": {"uv": [4.25, 3.25, 6.25, 5.25], "texture": "#3"},
				"east": {"uv": [6.25, 0, 12.25, 2], "texture": "#3"},
				"south": {"uv": [1, 8, 2, 9], "texture": "#3"},
				"west": {"uv": [6.25, 0, 12.25, 2], "texture": "#3"},
				"up": {"uv": [12.25, 0, 6.25, 2], "rotation": 270, "texture": "#3"},
				"down": {"uv": [12.25, 0, 6.25, 2], "rotation": 270, "texture": "#3"}
			}
		},
		{
			"from": [7.625, 9, 6.5],
			"to": [8.375, 10, 9.5],
			"rotation": {"angle": 0, "axis": "y", "origin": [8.00125, 10.8125, 8]},
			"faces": {
				"north": {"uv": [4.5, 5.5, 6, 7.5], "texture": "#3"},
				"east": {"uv": [6.25, 0, 12.25, 2], "texture": "#3"},
				"south": {"uv": [4.5, 5.5, 6, 7.5], "texture": "#3"},
				"west": {"uv": [6.25, 0, 12.25, 2], "texture": "#3"},
				"up": {"uv": [6.25, 0, 12.25, 2], "rotation": 90, "texture": "#3"},
				"down": {"uv": [6.25, 0, 12.25, 2], "rotation": 90, "texture": "#3"}
			}
		},
		{
			"from": [7.55, 0.5, 7.5],
			"to": [8.45, 1.5, 8.5],
			"rotation": {"angle": -45, "axis": "x", "origin": [8, 1, 8]},
			"faces": {
				"north": {"uv": [4.25, 3.25, 6.25, 5.25], "texture": "#3"},
				"east": {"uv": [4.25, 3.25, 6.25, 5.25], "texture": "#3"},
				"south": {"uv": [4.25, 3.25, 6.25, 5.25], "texture": "#3"},
				"west": {"uv": [4.25, 3.25, 6.25, 5.25], "texture": "#3"},
				"up": {"uv": [4.25, 3.25, 6.25, 5.25], "texture": "#3"},
				"down": {"uv": [4.25, 3.25, 6.25, 5.25], "texture": "#3"}
			}
		},
		{
			"from": [7.25, 1, 7],
			"to": [8.75, 2, 9],
			"rotation": {"angle": 0, "axis": "y", "origin": [8.00125, 10.8125, 8]},
			"faces": {
				"north": {"uv": [12.5, 0, 15.5, 2], "texture": "#3"},
				"east": {"uv": [0, 6.5, 4, 8.5], "texture": "#3"},
				"south": {"uv": [12.5, 0, 15.5, 2], "texture": "#3"},
				"west": {"uv": [0, 6.5, 4, 8.5], "texture": "#3"},
				"up": {"uv": [6.5, 3.5, 9.5, 7.5], "texture": "#3"},
				"down": {"uv": [6.5, 3.5, 9.5, 7.5], "texture": "#3"}
			}
		},
		{
			"from": [7.5, 2, 7.5],
			"to": [8.5, 7, 8.5],
			"rotation": {"angle": 0, "axis": "y", "origin": [8.00125, 10.8125, 8]},
			"faces": {
				"north": {"uv": [0, 0, 2, 9.75], "texture": "#0"},
				"east": {"uv": [0, 0, 2, 9.75], "texture": "#0"},
				"south": {"uv": [0, 0, 2, 9.75], "texture": "#0"},
				"west": {"uv": [0, 0, 2, 9.75], "texture": "#0"},
				"up": {"uv": [4.25, 2, 2.25, 0], "texture": "#0"},
				"down": {"uv": [4.25, 2, 2.25, 0], "texture": "#0"}
			}
		},
		{
			"from": [7.935, 10, 7],
			"to": [8.07, 15, 9],
			"rotation": {"angle": 0, "axis": "y", "origin": [8.00125, 10.8125, 8]},
			"faces": {
				"north": {"uv": [3.75, 0, 4, 10], "texture": "#5"},
				"east": {"uv": [4, 0, 0, 10], "texture": "#5"},
				"south": {"uv": [0, 0, 0.25, 10], "texture": "#5"},
				"west": {"uv": [0, 0, 4, 10], "texture": "#5"},
				"up": {"uv": [4, 10.5, 0, 10.25], "rotation": 90, "texture": "#5"},
				"down": {"uv": [4, 10.5, 0, 10.25], "rotation": 90, "texture": "#5"}
			}
		},
		{
			"from": [7.9675, 15, 7],
			"to": [8.035, 20.5, 9],
			"rotation": {"angle": 0, "axis": "x", "origin": [8.00125, 9.8125, 8]},
			"faces": {
				"north": {"uv": [8, 0, 8.25, 9], "texture": "#5"},
				"east": {"uv": [8.25, 0, 4.25, 11], "texture": "#5"},
				"south": {"uv": [4.25, 0, 4.5, 9], "texture": "#5"},
				"west": {"uv": [4.25, 0, 8.25, 11], "texture": "#5"},
				"up": {"uv": [8.25, 9.5, 4.25, 9.25], "rotation": 90, "texture": "#5"},
				"down": {"uv": [8.25, 9.5, 4.25, 9.25], "rotation": 90, "texture": "#5"}
			}
		},
		{
			"from": [7.95, 9.25, 6],
			"to": [8.05, 12.75, 9.5],
			"rotation": {"angle": -45, "axis": "x", "origin": [8, 11.25, 8]},
			"faces": {
				"north": {"uv": [8.5, 7.25, 15.5, 7.5], "rotation": 90, "texture": "#5"},
				"east": {"uv": [15.5, 7, 8.5, 0], "texture": "#5"},
				"south": {"uv": [8.5, 7.25, 15.5, 7.5], "rotation": 90, "texture": "#5"},
				"west": {"uv": [8.5, 7, 15.5, 0], "texture": "#5"},
				"up": {"uv": [8.5, 7.25, 15.5, 7.5], "rotation": 90, "texture": "#5"},
				"down": {"uv": [8.5, 7.25, 15.5, 7.5], "rotation": 90, "texture": "#5"}
			}
		},
		{
			"from": [8, 20.5, 7],
			"to": [8, 22, 9],
			"rotation": {"angle": 0, "axis": "y", "origin": [8.00125, 12.8125, 8]},
			"faces": {
				"north": {"uv": [16, 11.5, 16, 13], "texture": "#5"},
				"east": {"uv": [4, 10.75, 0, 13.75], "texture": "#5"},
				"south": {"uv": [16, 11.5, 16, 13], "texture": "#5"},
				"west": {"uv": [0, 10.75, 4, 13.75], "texture": "#5"},
				"up": {"uv": [16, 11.5, 16, 13], "texture": "#5"},
				"down": {"uv": [16, 11.5, 16, 13], "texture": "#5"}
			}
		}
	],
	"gui_light": "front",
	"display": {
		"thirdperson_righthand": {
			"translation": [0, 1.5, 1.5]
		},
		"thirdperson_lefthand": {
			"translation": [0, 1.5, 1.5]
		},
		"firstperson_righthand": {
			"rotation": [-12, 0, 0],
			"translation": [1.75, 2.75, 0],
			"scale": [0.75, 0.75, 0.75]
		},
		"firstperson_lefthand": {
			"rotation": [-12, 0, 0],
			"translation": [1.75, 2.75, 0],
			"scale": [0.75, 0.75, 0.75]
		},
		"ground": {
			"rotation": [0, 90, 0]
		},
		"gui": {
			"rotation": [60, 45, -90],
			"translation": [-1.5, -1.5, 0],
			"scale": [0.75, 0.75, 0.75]
		},
		"fixed": {
			"rotation": [90, -45, 90],
			"translation": [1.5, -2, 0],
			"scale": [0.75, 0.75, 0.75]
		}
	},
	"groups": [
		{
			"name": "sword",
			"origin": [8, 8, 8],
			"color": 0,
			"children": [
				{
					"name": "hilt",
					"origin": [8, 8, 8],
					"color": 0,
					"children": [
						{
							"name": "guard",
							"origin": [8, 8, 8],
							"color": 0,
							"children": [0, 1, 2, 3, 4]
						},
						{
							"name": "pommel",
							"origin": [7, -1, 7],
							"color": 0,
							"children": [5, 6]
						},
						{
							"name": "grip",
							"origin": [8, 8, 8],
							"color": 0,
							"children": [7]
						}
					]
				},
				{
					"name": "blade",
					"origin": [8, 8, 8],
					"color": 0,
					"children": [
						{
							"name": "shaft",
							"origin": [8, 8, 8],
							"color": 0,
							"children": [8]
						},
						{
							"name": "tip",
							"origin": [8, 8, 8],
							"color": 0,
							"children": [9, 10, 11]
						}
					]
				}
			]
		}
	]
}