{
	"credit": "Made by CravenCrafts with Blockbench",
	"textures": {
		"3": "item/better_weapons/sword_blades/gold_blade",
		"4": "item/better_weapons/guards/gold_guard",
		"5": "item/better_weapons/decorations/ruby",
		"6": "item/better_weapons/grips/leather_netherite_brass",
		"particle": "item/better_weapons/guards/gold_guard"
	},
	"elements": [
		{
			"from": [7.25, 7, 7],
			"to": [8.75, 7.5, 9],
			"rotation": {"angle": 0, "axis": "y", "origin": [8.00125, 10.8125, 8]},
			"faces": {
				"north": {"uv": [10.5, 0, 14.5, 1], "texture": "#4"},
				"east": {"uv": [10.5, 0, 14.5, 1], "texture": "#4"},
				"south": {"uv": [10.5, 0, 14.5, 1], "texture": "#4"},
				"west": {"uv": [10.5, 0, 14.5, 1], "texture": "#4"},
				"up": {"uv": [4, 3.25, 0, 6.25], "texture": "#4"},
				"down": {"uv": [4, 3.25, 0, 6.25], "texture": "#4"}
			}
		},
		{
			"from": [7, 7.5, 6.5],
			"to": [9, 9, 9.5],
			"rotation": {"angle": 0, "axis": "y", "origin": [8.00125, 10.8125, 8]},
			"faces": {
				"north": {"uv": [0, 3.25, 4, 6.25], "texture": "#4"},
				"east": {"uv": [0, 0, 6, 3], "texture": "#4"},
				"south": {"uv": [0, 3.25, 4, 6.25], "texture": "#4"},
				"west": {"uv": [0, 0, 6, 3], "texture": "#4"},
				"up": {"uv": [10.25, 6, 6.25, 0], "texture": "#4"},
				"down": {"uv": [10.25, 6, 6.25, 0], "texture": "#4"}
			}
		},
		{
			"from": [7.5, 7.28245, 9.11927],
			"to": [8.5, 8.28245, 11.11927],
			"rotation": {"angle": 22.5, "axis": "x", "origin": [8, 7.78245, 10.61927]},
			"faces": {
				"north": {"uv": [6.25, 6.5, 8.25, 8.5], "texture": "#4"},
				"east": {"uv": [10.5, 1.25, 14.5, 3.25], "texture": "#4"},
				"south": {"uv": [6.25, 6.5, 8.25, 8.5], "texture": "#4"},
				"west": {"uv": [10.5, 1.25, 14.5, 3.25], "texture": "#4"},
				"up": {"uv": [10.5, 1.25, 14.5, 3.25], "rotation": 90, "texture": "#4"},
				"down": {"uv": [10.5, 1.25, 14.5, 3.25], "rotation": 90, "texture": "#4"}
			}
		},
		{
			"from": [7.5, 8.41713, 11.04209],
			"to": [8.5, 10.41713, 12.04209],
			"rotation": {"angle": 22.5, "axis": "x", "origin": [7.5, 10.16947, 10.74215]},
			"faces": {
				"north": {"uv": [10.5, 1.25, 14.5, 3.25], "rotation": 90, "texture": "#4"},
				"east": {"uv": [10.5, 1.25, 14.5, 3.25], "rotation": 90, "texture": "#4"},
				"south": {"uv": [10.5, 1.25, 14.5, 3.25], "rotation": 90, "texture": "#4"},
				"west": {"uv": [10.5, 1.25, 14.5, 3.25], "rotation": 90, "texture": "#4"},
				"up": {"uv": [8.25, 8.5, 6.25, 6.5], "texture": "#4"},
				"down": {"uv": [8.25, 8.5, 6.25, 6.5], "texture": "#4"}
			}
		},
		{
			"from": [7.5, 7.5, 5.11394],
			"to": [8.5, 8.5, 7.11394],
			"rotation": {"angle": -22.5, "axis": "x", "origin": [8, 7.31891, 6.11394]},
			"faces": {
				"north": {"uv": [6.25, 6.5, 8.25, 8.5], "texture": "#4"},
				"east": {"uv": [10.5, 1.25, 14.5, 3.25], "texture": "#4"},
				"south": {"uv": [6.25, 6.5, 8.25, 8.5], "texture": "#4"},
				"west": {"uv": [10.5, 1.25, 14.5, 3.25], "texture": "#4"},
				"up": {"uv": [10.5, 1.25, 14.5, 3.25], "rotation": 90, "texture": "#4"},
				"down": {"uv": [10.5, 1.25, 14.5, 3.25], "rotation": 90, "texture": "#4"}
			}
		},
		{
			"from": [7.5, 8.18069, 4.50867],
			"to": [8.5, 10.18069, 5.50867],
			"rotation": {"angle": -22.5, "axis": "x", "origin": [8.1, 8.68069, 5.00867]},
			"faces": {
				"north": {"uv": [10.5, 1.25, 14.5, 3.25], "rotation": 90, "texture": "#4"},
				"east": {"uv": [10.5, 1.25, 14.5, 3.25], "rotation": 90, "texture": "#4"},
				"south": {"uv": [10.5, 1.25, 14.5, 3.25], "rotation": 90, "texture": "#4"},
				"west": {"uv": [10.5, 1.25, 14.5, 3.25], "rotation": 90, "texture": "#4"},
				"up": {"uv": [8.25, 8.5, 6.25, 6.5], "texture": "#4"},
				"down": {"uv": [8.25, 8.5, 6.25, 6.5], "texture": "#4"}
			}
		},
		{
			"from": [6.75, 7.75, 7.5],
			"to": [9.25, 8.75, 8.5],
			"rotation": {"angle": 45, "axis": "x", "origin": [8, 8.25, 8]},
			"faces": {
				"north": {"uv": [0, 0, 10, 4], "texture": "#5"},
				"east": {"uv": [12, 0, 16, 4], "texture": "#5"},
				"south": {"uv": [0, 4, 10, 8], "texture": "#5"},
				"west": {"uv": [16, 0, 12, 4], "texture": "#5"},
				"up": {"uv": [10, 12, 0, 8], "texture": "#5"},
				"down": {"uv": [10, 12, 0, 16], "texture": "#5"}
			}
		},
		{
			"from": [7.55, 0.5, 7.5],
			"to": [8.45, 1.5, 8.5],
			"rotation": {"angle": -45, "axis": "x", "origin": [8, 1, 8]},
			"faces": {
				"north": {"uv": [6.25, 6.5, 8.25, 8.5], "texture": "#4"},
				"east": {"uv": [6.25, 6.5, 8.25, 8.5], "texture": "#4"},
				"south": {"uv": [6.25, 6.5, 8.25, 8.5], "texture": "#4"},
				"west": {"uv": [6.25, 6.5, 8.25, 8.5], "texture": "#4"},
				"up": {"uv": [6.25, 6.5, 8.25, 8.5], "texture": "#4"},
				"down": {"uv": [6.25, 6.5, 8.25, 8.5], "texture": "#4"}
			}
		},
		{
			"from": [7.25, 1, 7],
			"to": [8.75, 2, 9],
			"rotation": {"angle": 0, "axis": "y", "origin": [8.00125, 10.8125, 8]},
			"faces": {
				"north": {"uv": [10.5, 3.5, 13.5, 5.5], "texture": "#4"},
				"east": {"uv": [10.5, 1.25, 14.5, 3.25], "texture": "#4"},
				"south": {"uv": [10.5, 3.5, 13.5, 5.5], "texture": "#4"},
				"west": {"uv": [10.5, 1.25, 14.5, 3.25], "texture": "#4"},
				"up": {"uv": [10.25, 6, 6.25, 0], "texture": "#4"},
				"down": {"uv": [10.25, 6, 6.25, 0], "texture": "#4"}
			}
		},
		{
			"from": [7, 1.25, 7.75],
			"to": [9, 1.75, 8.25],
			"rotation": {"angle": 45, "axis": "x", "origin": [8, 1.5, 8]},
			"faces": {
				"north": {"uv": [0, 0, 8, 2], "texture": "#5"},
				"east": {"uv": [0, 0, 2, 2], "texture": "#5"},
				"south": {"uv": [0, 0, 8, 2], "texture": "#5"},
				"west": {"uv": [0, 0, 2, 2], "texture": "#5"},
				"up": {"uv": [0, 0, 8, 2], "texture": "#5"},
				"down": {"uv": [0, 0, 8, 2], "texture": "#5"}
			}
		},
		{
			"from": [7.5, 2, 7.5],
			"to": [8.5, 7, 8.5],
			"rotation": {"angle": 0, "axis": "y", "origin": [8.00125, 10.8125, 8]},
			"faces": {
				"north": {"uv": [0, 0, 2, 10], "texture": "#6"},
				"east": {"uv": [0, 0, 2, 10], "texture": "#6"},
				"south": {"uv": [0, 0, 2, 10], "texture": "#6"},
				"west": {"uv": [0, 0, 2, 10], "texture": "#6"},
				"up": {"uv": [2, 2.5, 0, 0.5], "texture": "#6"},
				"down": {"uv": [2, 7.5, 0, 9.5], "texture": "#6"}
			}
		},
		{
			"from": [7.875, 9, 6.5],
			"to": [8.125, 11, 9.5],
			"rotation": {"angle": 0, "axis": "y", "origin": [8.00125, 10.8125, 8]},
			"faces": {
				"north": {"uv": [5.25, 10.25, 5.75, 14.25], "texture": "#3"},
				"east": {"uv": [11.25, 10.25, 5.25, 14.25], "texture": "#3"},
				"south": {"uv": [10.75, 10.25, 11.25, 14.25], "texture": "#3"},
				"west": {"uv": [5.25, 10.25, 11.25, 14.25], "texture": "#3"},
				"up": {"uv": [5.25, 10.5, 11.25, 10.25], "rotation": 90, "texture": "#3"},
				"down": {"uv": [11.25, 14.25, 5.25, 14], "rotation": 90, "texture": "#3"}
			}
		},
		{
			"from": [7.935, 11, 6.75],
			"to": [8.07, 16, 9.25],
			"rotation": {"angle": 0, "axis": "y", "origin": [8.00125, 11.8125, 8]},
			"faces": {
				"north": {"uv": [5.25, 0, 5.5, 10], "texture": "#3"},
				"east": {"uv": [10.25, 0, 5.25, 10], "texture": "#3"},
				"south": {"uv": [10, 0, 10.25, 10], "texture": "#3"},
				"west": {"uv": [5.25, 0, 10.25, 10], "texture": "#3"},
				"up": {"uv": [10.25, 0.25, 5.25, 0], "texture": "#3"},
				"down": {"uv": [10.25, 10, 5.25, 9.75], "texture": "#3"}
			}
		},
		{
			"from": [7.9675, 16, 6.75],
			"to": [8.035, 20.5, 9.25],
			"rotation": {"angle": 0, "axis": "x", "origin": [8.00125, 10.8125, 8]},
			"faces": {
				"north": {"uv": [0, 4.25, 0.25, 13.25], "texture": "#3"},
				"east": {"uv": [5, 4.25, 0, 13.25], "texture": "#3"},
				"south": {"uv": [4.75, 4.25, 5, 13.25], "texture": "#3"},
				"west": {"uv": [0, 4.25, 5, 13.25], "texture": "#3"},
				"up": {"uv": [5, 4.5, 0, 4.25], "rotation": 270, "texture": "#3"},
				"down": {"uv": [5, 9.25, 0, 9], "texture": "#3"}
			}
		},
		{
			"from": [8, 20.5, 6.75],
			"to": [8, 22.5, 9.25],
			"rotation": {"angle": 0, "axis": "y", "origin": [8.00125, 12.8125, 8]},
			"faces": {
				"north": {"uv": [16, 0, 16, 2], "texture": "#3"},
				"east": {"uv": [5, 0, 0, 4], "texture": "#3"},
				"south": {"uv": [16, 0, 16, 2], "texture": "#3"},
				"west": {"uv": [0, 0, 5, 4], "texture": "#3"},
				"up": {"uv": [16, 0, 16, 2], "texture": "#3"},
				"down": {"uv": [16, 0, 16, 2], "texture": "#3"}
			}
		}
	],
	"gui_light": "front",
	"display": {
		"thirdperson_righthand": {
			"translation": [0, 1.5, 1.5]
		},
		"thirdperson_lefthand": {
			"translation": [0, 1.5, 1.5]
		},
		"firstperson_righthand": {
			"rotation": [-12, 0, 0],
			"translation": [1.75, 2.75, 0],
			"scale": [0.75, 0.75, 0.75]
		},
		"firstperson_lefthand": {
			"rotation": [-12, 0, 0],
			"translation": [1.75, 2.75, 0],
			"scale": [0.75, 0.75, 0.75]
		},
		"ground": {
			"rotation": [0, 90, 0]
		},
		"gui": {
			"rotation": [90, 45.75, -90],
			"translation": [-1.5, -1.5, 0],
			"scale": [0.75, 0.75, 0.75]
		},
		"fixed": {
			"rotation": [90, -45, 90],
			"translation": [1.5, -2, 0],
			"scale": [0.75, 0.75, 0.75]
		}
	},
	"groups": [
		{
			"name": "sword",
			"origin": [8, 8, 8],
			"color": 0,
			"children": [
				{
					"name": "hilt",
					"origin": [8, 8, 8],
					"color": 0,
					"children": [
						{
							"name": "guard",
							"origin": [8, 8, 8],
							"color": 0,
							"children": [0, 1, 2, 3, 4, 5, 6]
						},
						{
							"name": "pommel",
							"origin": [7, -1, 7],
							"color": 0,
							"children": [7, 8, 9]
						},
						{
							"name": "grip",
							"origin": [8, 8, 8],
							"color": 0,
							"children": [10]
						}
					]
				},
				{
					"name": "blade",
					"origin": [8, 8, 8],
					"color": 0,
					"children": [
						{
							"name": "shaft",
							"origin": [8, 8, 8],
							"color": 0,
							"children": [11, 12]
						},
						{
							"name": "tip",
							"origin": [8, 8, 8],
							"color": 0,
							"children": [13, 14]
						}
					]
				}
			]
		}
	]
}