{
	"credit": "Made by CravenCrafts with Blockbench",
	"textures": {
		"1": "item/better_weapons/grips/wood_iron",
		"2": "item/better_weapons/guards/iron",
		"3": "item/better_weapons/pommels/iron",
		"4": "item/better_weapons/sword_blades/iron_sword_blade"
	},
	"elements": [
		{
			"from": [7.25, 6, 7],
			"to": [8.75, 6.5, 9],
			"rotation": {"angle": 0, "axis": "y", "origin": [8.00125, 10.8125, 8]},
			"faces": {
				"north": {"uv": [6.5, 8.75, 9.5, 9.75], "texture": "#2"},
				"east": {"uv": [6.5, 0, 10.5, 1], "texture": "#2"},
				"south": {"uv": [6.5, 8.75, 9.5, 9.75], "texture": "#2"},
				"west": {"uv": [6.5, 0, 10.5, 1], "texture": "#2"},
				"up": {"uv": [4, 11, 0, 8.75], "rotation": 90, "texture": "#2"},
				"down": {"uv": [4, 11.75, 0, 8.75], "rotation": 90, "texture": "#2"}
			}
		},
		{
			"from": [7, 6.5, 6.5],
			"to": [9, 8, 9.5],
			"rotation": {"angle": 0, "axis": "y", "origin": [8.00125, 10.8125, 8]},
			"faces": {
				"north": {"uv": [0, 5.5, 4, 8.5], "texture": "#2"},
				"east": {"uv": [0, 2.25, 6.25, 5.25], "texture": "#2"},
				"south": {"uv": [0, 5.5, 4, 8.5], "texture": "#2"},
				"west": {"uv": [0, 2.25, 6.25, 5.25], "texture": "#2"},
				"up": {"uv": [6.5, 2.25, 10.5, 8.5], "texture": "#2"},
				"down": {"uv": [6.5, 2.25, 10.5, 8.5], "texture": "#2"}
			}
		},
		{
			"from": [7.5, 6.75, 9.5],
			"to": [8.5, 7.75, 11.5],
			"rotation": {"angle": 0, "axis": "y", "origin": [8.00125, 10.8125, 8]},
			"faces": {
				"north": {"uv": [4.25, 0, 6.25, 2], "texture": "#2"},
				"east": {"uv": [0, 0, 4, 2], "texture": "#2"},
				"south": {"uv": [4.25, 0, 6.25, 2], "texture": "#2"},
				"west": {"uv": [0, 0, 4, 2], "texture": "#2"},
				"up": {"uv": [0, 0, 4, 2], "rotation": 90, "texture": "#2"},
				"down": {"uv": [0, 0, 4, 2], "rotation": 90, "texture": "#2"}
			}
		},
		{
			"from": [7.5, 6.75, 4.5],
			"to": [8.5, 7.75, 6.5],
			"rotation": {"angle": 0, "axis": "y", "origin": [8.00125, 10.8125, 8]},
			"faces": {
				"north": {"uv": [4.25, 0, 6.25, 2], "texture": "#2"},
				"east": {"uv": [0, 0, 4, 2], "texture": "#2"},
				"south": {"uv": [4.25, 0, 6.25, 2], "texture": "#2"},
				"west": {"uv": [0, 0, 4, 2], "texture": "#2"},
				"up": {"uv": [0, 0, 4, 2], "rotation": 90, "texture": "#2"},
				"down": {"uv": [0, 0, 4, 2], "rotation": 90, "texture": "#2"}
			}
		},
		{
			"from": [7.25, 0, 7],
			"to": [8.75, 1, 9],
			"rotation": {"angle": 0, "axis": "y", "origin": [8.00125, 10.8125, 8]},
			"faces": {
				"north": {"uv": [0, 11, 6, 15], "texture": "#3"},
				"east": {"uv": [0, 0, 8, 4], "texture": "#3"},
				"south": {"uv": [0, 11, 6, 15], "texture": "#3"},
				"west": {"uv": [0, 0, 8, 4], "texture": "#3"},
				"up": {"uv": [0, 4.5, 8, 10.5], "rotation": 90, "texture": "#3"},
				"down": {"uv": [0, 4.5, 8, 10.5], "rotation": 90, "texture": "#3"}
			}
		},
		{
			"from": [7.5, 1, 7.5],
			"to": [8.5, 6, 8.5],
			"rotation": {"angle": 0, "axis": "y", "origin": [8.00125, 10.8125, 8]},
			"faces": {
				"north": {"uv": [0, 0, 2, 10], "texture": "#1"},
				"east": {"uv": [0, 0, 2, 10], "texture": "#1"},
				"south": {"uv": [0, 0, 2, 10], "texture": "#1"},
				"west": {"uv": [0, 0, 2, 10], "texture": "#1"},
				"up": {"uv": [2.25, 0, 4.25, 2], "texture": "#1"},
				"down": {"uv": [5, 1, 4, 0], "texture": "#1"}
			}
		},
		{
			"from": [7.75, 8, 6.5],
			"to": [8.25, 10, 9.5],
			"rotation": {"angle": 0, "axis": "y", "origin": [8.00125, 10.8125, 8]},
			"faces": {
				"north": {"uv": [11.25, 0, 12.25, 4], "texture": "#4"},
				"east": {"uv": [4.75, 0, 11, 4], "texture": "#4"},
				"south": {"uv": [11.25, 0, 12.25, 4], "texture": "#4"},
				"west": {"uv": [4.75, 0, 11, 4], "texture": "#4"},
				"up": {"uv": [10.5, 16, 4.25, 15], "rotation": 90, "texture": "#4"},
				"down": {"uv": [10.5, 16, 4.25, 15], "rotation": 90, "texture": "#4"}
			}
		},
		{
			"from": [7.875, 10, 6.75],
			"to": [8.125, 15, 9.25],
			"rotation": {"angle": 0, "axis": "y", "origin": [8.00125, 11.8125, 8]},
			"faces": {
				"north": {"uv": [10.5, 4.25, 10, 14], "texture": "#4"},
				"east": {"uv": [5.25, 4.25, 0, 14.25], "texture": "#4"},
				"south": {"uv": [10.5, 4.25, 10, 14], "texture": "#4"},
				"west": {"uv": [0, 4.25, 5.25, 14.25], "texture": "#4"},
				"up": {"uv": [5.25, 4.75, 0, 4.25], "rotation": 270, "texture": "#4"},
				"down": {"uv": [9.25, 8, 9, 10.5], "texture": "#4"}
			}
		},
		{
			"from": [8, 19.5, 7],
			"to": [8, 21, 9],
			"rotation": {"angle": 0, "axis": "y", "origin": [8.00125, 11.8125, 8]},
			"faces": {
				"north": {"uv": [11.5, 5.25, 11.5, 6.75], "texture": "#4"},
				"east": {"uv": [4.25, 0, 0, 3.5], "texture": "#4"},
				"south": {"uv": [11.5, 5.25, 11.5, 6.75], "texture": "#4"},
				"west": {"uv": [0, 0, 4.25, 3.5], "texture": "#4"},
				"up": {"uv": [12, 8.5, 12, 6.75], "texture": "#4"},
				"down": {"uv": [12, 8.5, 12, 6.75], "texture": "#4"}
			}
		},
		{
			"from": [7.935, 15, 7],
			"to": [8.07, 19.5, 9],
			"rotation": {"angle": 0, "axis": "y", "origin": [8.00125, 10.8125, 8]},
			"faces": {
				"north": {"uv": [10.75, 4.25, 11, 13.25], "texture": "#4"},
				"east": {"uv": [9.75, 4.25, 5.5, 13.25], "texture": "#4"},
				"south": {"uv": [10.75, 4.25, 11, 13.25], "texture": "#4"},
				"west": {"uv": [5.5, 4.25, 9.75, 13.25], "texture": "#4"},
				"up": {"uv": [9.75, 4.5, 5.5, 4.25], "rotation": 270, "texture": "#4"},
				"down": {"uv": [9.75, 4.5, 5.5, 4.25], "rotation": 270, "texture": "#4"}
			}
		}
	],
	"gui_light": "front",
	"display": {
		"thirdperson_righthand": {
			"translation": [0, 2.5, 1.5]
		},
		"thirdperson_lefthand": {
			"translation": [0, 2.5, 1.5]
		},
		"firstperson_righthand": {
			"rotation": [-12, 0, 0],
			"translation": [1.75, 3.25, 0],
			"scale": [0.75, 0.75, 0.75]
		},
		"firstperson_lefthand": {
			"rotation": [-12, 0, 0],
			"translation": [1.75, 3.25, 0],
			"scale": [0.75, 0.75, 0.75]
		},
		"ground": {
			"rotation": [0, 90, 0]
		},
		"gui": {
			"rotation": [60, 45, -90],
			"translation": [-1.5, -1.5, 0],
			"scale": [0.75, 0.75, 0.75]
		},
		"fixed": {
			"rotation": [90, -45, 90],
			"translation": [1.5, -2, 0],
			"scale": [0.75, 0.75, 0.75]
		}
	},
	"groups": [
		{
			"name": "sword",
			"origin": [8, 8, 8],
			"color": 0,
			"children": [
				{
					"name": "hilt",
					"origin": [8, 8, 8],
					"color": 0,
					"children": [
						{
							"name": "guard",
							"origin": [8, 8, 8],
							"color": 0,
							"children": [0, 1, 2, 3]
						},
						{
							"name": "pommel",
							"origin": [7, -1, 7],
							"color": 0,
							"children": [4]
						},
						{
							"name": "grip",
							"origin": [8, 8, 8],
							"color": 0,
							"children": [5]
						}
					]
				},
				{
					"name": "blade",
					"origin": [8, 8, 8],
					"color": 0,
					"children": [
						{
							"name": "shaft",
							"origin": [8, 8, 8],
							"color": 0,
							"children": [6, 7, 8]
						},
						{
							"name": "tip",
							"origin": [8, 8, 8],
							"color": 0,
							"children": [9]
						}
					]
				}
			]
		}
	]
}