{
	"credit": "Made by CravenCrafts with Blockbench",
	"textures": {
		"0": "item/better_weapons/grips/leather_netherite_brass",
		"2": "item/better_weapons/decorations/sapphire",
		"6": "item/better_weapons/guards/gold_guard",
		"8": "item/better_weapons/sword_blades/netherite_blade",
		"particle": "item/better_weapons/guards/gold_guard"
	},
	"elements": [
		{
			"from": [7.25, 6, 7],
			"to": [8.75, 6.5, 9],
			"rotation": {"angle": 0, "axis": "y", "origin": [8.00125, 10.8125, 8]},
			"faces": {
				"north": {"uv": [10.5, 0, 14.5, 1], "texture": "#6"},
				"east": {"uv": [10.5, 0, 14.5, 1], "texture": "#6"},
				"south": {"uv": [10.5, 0, 14.5, 1], "texture": "#6"},
				"west": {"uv": [10.5, 0, 14.5, 1], "texture": "#6"},
				"up": {"uv": [0, 3.25, 4, 6.25], "rotation": 90, "texture": "#6"},
				"down": {"uv": [0, 3.25, 4, 6.25], "rotation": 90, "texture": "#6"}
			}
		},
		{
			"from": [7, 6.5, 6.5],
			"to": [9, 8, 9.5],
			"rotation": {"angle": 0, "axis": "y", "origin": [8, 7.25, 8]},
			"faces": {
				"north": {"uv": [0, 3.25, 4, 6.25], "texture": "#6"},
				"east": {"uv": [0, 0, 6, 3], "texture": "#6"},
				"south": {"uv": [0, 3.25, 4, 6.25], "texture": "#6"},
				"west": {"uv": [0, 0, 6, 3], "texture": "#6"},
				"up": {"uv": [6.25, 0, 10.25, 6], "texture": "#6"},
				"down": {"uv": [6.25, 0, 10.25, 6], "texture": "#6"}
			}
		},
		{
			"from": [7.5, 7.75, 8.5],
			"to": [8.5, 8.75, 9.5],
			"rotation": {"angle": -45, "axis": "x", "origin": [8, 8.25, 9.5]},
			"faces": {
				"north": {"uv": [6.25, 6.5, 8.25, 8.5], "texture": "#6"},
				"east": {"uv": [6.25, 6.5, 8.25, 8.5], "texture": "#6"},
				"south": {"uv": [6.25, 6.5, 8.25, 8.5], "texture": "#6"},
				"west": {"uv": [6.25, 6.5, 8.25, 8.5], "texture": "#6"},
				"up": {"uv": [6.25, 6.5, 8.25, 8.5], "texture": "#6"},
				"down": {"uv": [6.25, 6.5, 8.25, 8.5], "texture": "#6"}
			}
		},
		{
			"from": [7.5, 6.25, 9.70711],
			"to": [8.5, 9.25, 10.70711],
			"rotation": {"angle": -45, "axis": "x", "origin": [8, 8.25, 10.20711]},
			"faces": {
				"north": {"uv": [0, 6.5, 6, 8.5], "rotation": 90, "texture": "#6"},
				"east": {"uv": [0, 6.5, 6, 8.5], "rotation": 90, "texture": "#6"},
				"south": {"uv": [0, 6.5, 6, 8.5], "rotation": 90, "texture": "#6"},
				"west": {"uv": [0, 6.5, 6, 8.5], "rotation": 90, "texture": "#6"},
				"up": {"uv": [6.25, 6.5, 8.25, 8.5], "texture": "#6"},
				"down": {"uv": [6.25, 6.5, 8.25, 8.5], "texture": "#6"}
			}
		},
		{
			"from": [7.5, 7.75, 6.5],
			"to": [8.5, 8.75, 7.5],
			"rotation": {"angle": 45, "axis": "x", "origin": [8, 8.25, 6.5]},
			"faces": {
				"north": {"uv": [6.25, 6.5, 8.25, 8.5], "texture": "#6"},
				"east": {"uv": [6.25, 6.5, 8.25, 8.5], "texture": "#6"},
				"south": {"uv": [6.25, 6.5, 8.25, 8.5], "texture": "#6"},
				"west": {"uv": [6.25, 6.5, 8.25, 8.5], "texture": "#6"},
				"up": {"uv": [6.25, 6.5, 8.25, 8.5], "texture": "#6"},
				"down": {"uv": [6.25, 6.5, 8.25, 8.5], "texture": "#6"}
			}
		},
		{
			"from": [7.5, 7.39645, 3.93934],
			"to": [8.5, 8.39645, 6.93934],
			"rotation": {"angle": -45, "axis": "x", "origin": [8, 7.89645, 5.43934]},
			"faces": {
				"north": {"uv": [6.25, 6.5, 8.25, 8.5], "texture": "#6"},
				"east": {"uv": [0, 6.5, 6, 8.5], "texture": "#6"},
				"south": {"uv": [6.25, 6.5, 8.25, 8.5], "texture": "#6"},
				"west": {"uv": [0, 6.5, 6, 8.5], "texture": "#6"},
				"up": {"uv": [0, 6.5, 6, 8.5], "rotation": 90, "texture": "#6"},
				"down": {"uv": [0, 6.5, 6, 8.5], "rotation": 90, "texture": "#6"}
			}
		},
		{
			"from": [7.5, 1, 7.5],
			"to": [8.5, 6, 8.5],
			"rotation": {"angle": 0, "axis": "y", "origin": [8.00125, 10.8125, 8]},
			"faces": {
				"north": {"uv": [0, 0, 2, 10], "texture": "#0"},
				"east": {"uv": [0, 0, 2, 10], "texture": "#0"},
				"south": {"uv": [0, 0, 2, 10], "texture": "#0"},
				"west": {"uv": [0, 0, 2, 10], "texture": "#0"},
				"up": {"uv": [5, 1, 4, 0], "texture": "#0"},
				"down": {"uv": [5, 1, 4, 2], "texture": "#0"}
			}
		},
		{
			"name": "sapphire",
			"from": [6.75, 6.75, 7.5],
			"to": [9.25, 7.75, 8.5],
			"rotation": {"angle": 45, "axis": "x", "origin": [8, 7.25, 8]},
			"faces": {
				"north": {"uv": [0, 0, 10, 4], "texture": "#2"},
				"east": {"uv": [12, 0, 16, 4], "texture": "#2"},
				"south": {"uv": [0, 4, 10, 8], "texture": "#2"},
				"west": {"uv": [12, 4, 16, 8], "texture": "#2"},
				"up": {"uv": [10, 12, 0, 8], "texture": "#2"},
				"down": {"uv": [10, 12, 0, 16], "texture": "#2"}
			}
		},
		{
			"from": [7.55, -0.5, 7.5],
			"to": [8.45, 0.5, 8.5],
			"rotation": {"angle": 45, "axis": "x", "origin": [8, 0, 8]},
			"faces": {
				"north": {"uv": [6.25, 6.5, 8.25, 8.5], "texture": "#6"},
				"east": {"uv": [6.25, 6.5, 8.25, 8.5], "texture": "#6"},
				"south": {"uv": [6.25, 6.5, 8.25, 8.5], "texture": "#6"},
				"west": {"uv": [6.25, 6.5, 8.25, 8.5], "texture": "#6"},
				"up": {"uv": [6.25, 6.5, 8.25, 8.5], "texture": "#6"},
				"down": {"uv": [6.25, 6.5, 8.25, 8.5], "texture": "#6"}
			}
		},
		{
			"from": [7.25, 0, 7],
			"to": [8.75, 1, 9],
			"rotation": {"angle": 0, "axis": "y", "origin": [8.00125, 9.8125, 8]},
			"faces": {
				"north": {"uv": [10.5, 3.5, 13.5, 5.5], "texture": "#6"},
				"east": {"uv": [10.5, 1.25, 14.5, 3.25], "texture": "#6"},
				"south": {"uv": [10.5, 3.5, 13.5, 5.5], "texture": "#6"},
				"west": {"uv": [10.5, 1.25, 14.5, 3.25], "texture": "#6"},
				"up": {"uv": [6.25, 0, 10.25, 6], "texture": "#6"},
				"down": {"uv": [6.25, 0, 10.25, 6], "texture": "#6"}
			}
		},
		{
			"from": [7.875, 10, 6.5],
			"to": [8.125, 11, 9.5],
			"rotation": {"angle": 0, "axis": "y", "origin": [8.00125, 12.8125, 8]},
			"faces": {
				"north": {"uv": [6.25, 10.5, 6.75, 12.5], "texture": "#8"},
				"east": {"uv": [6, 10.5, 0, 12.5], "texture": "#8"},
				"south": {"uv": [6.25, 10.5, 6.75, 12.5], "texture": "#8"},
				"west": {"uv": [0, 10.5, 6, 12.5], "texture": "#8"},
				"up": {"uv": [0, 12.75, 6, 13.25], "rotation": 90, "texture": "#8"},
				"down": {"uv": [0, 12.75, 6, 13.25], "rotation": 90, "texture": "#8"}
			}
		},
		{
			"from": [7.875, 8, 7],
			"to": [8.125, 10, 9],
			"rotation": {"angle": 0, "axis": "y", "origin": [8.00125, 10.8125, 8]},
			"faces": {
				"north": {"uv": [14.75, 0, 15.25, 4], "texture": "#8"},
				"east": {"uv": [14.5, 0, 10.5, 4], "texture": "#8"},
				"south": {"uv": [14.75, 0, 15.25, 4], "texture": "#8"},
				"west": {"uv": [10.5, 0, 14.5, 4], "texture": "#8"},
				"up": {"uv": [9, 10.75, 8.75, 8.75], "texture": "#8"},
				"down": {"uv": [9.25, 9, 9, 11], "texture": "#8"}
			}
		},
		{
			"from": [7.935, 11, 6.75],
			"to": [8.07, 16, 9.25],
			"rotation": {"angle": 0, "axis": "y", "origin": [8.00125, 11.8125, 8]},
			"faces": {
				"north": {"uv": [0, 0, 0.25, 10], "texture": "#8"},
				"east": {"uv": [5, 0, 0, 10], "texture": "#8"},
				"south": {"uv": [4.75, 0, 5, 10], "texture": "#8"},
				"west": {"uv": [0, 0, 5, 10], "texture": "#8"},
				"up": {"uv": [5.25, 7.25, 10.25, 7.5], "rotation": 90, "texture": "#8"},
				"down": {"uv": [3.25, 9, 3, 11.5], "texture": "#8"}
			}
		},
		{
			"from": [7.9675, 16, 6.75],
			"to": [8.035, 19.5, 9.25],
			"rotation": {"angle": 0, "axis": "x", "origin": [8.00125, 10.8125, 8]},
			"faces": {
				"north": {"uv": [5.25, 0, 5.5, 7], "texture": "#8"},
				"east": {"uv": [10.25, 0, 5.25, 7], "texture": "#8"},
				"south": {"uv": [10, 0, 10.25, 7], "texture": "#8"},
				"west": {"uv": [5.25, 0, 10.25, 7], "texture": "#8"},
				"up": {"uv": [5.25, 7.25, 10.25, 7.5], "rotation": 90, "texture": "#8"},
				"down": {"uv": [5.25, 7.25, 10.25, 7.5], "rotation": 90, "texture": "#8"}
			}
		},
		{
			"from": [8, 19.5, 6.75],
			"to": [8, 21.5, 9.25],
			"rotation": {"angle": 0, "axis": "y", "origin": [8.00125, 11.8125, 8]},
			"faces": {
				"north": {"uv": [16, 1, 16, 2.5], "texture": "#8"},
				"east": {"uv": [15.5, 4.25, 10.5, 8.25], "texture": "#8"},
				"south": {"uv": [16, 1, 16, 2.5], "texture": "#8"},
				"west": {"uv": [10.5, 4.25, 15.5, 8.25], "texture": "#8"},
				"up": {"uv": [16, 1, 16, 2.5], "texture": "#8"},
				"down": {"uv": [16, 1, 16, 2.5], "texture": "#8"}
			}
		}
	],
	"gui_light": "front",
	"display": {
		"thirdperson_righthand": {
			"translation": [0, 2.5, 1.5]
		},
		"thirdperson_lefthand": {
			"translation": [0, 2.5, 1.5]
		},
		"firstperson_righthand": {
			"rotation": [-12, 0, 0],
			"translation": [1.75, 3.25, 0],
			"scale": [0.75, 0.75, 0.75]
		},
		"firstperson_lefthand": {
			"rotation": [-12, 0, 0],
			"translation": [1.75, 3.25, 0],
			"scale": [0.75, 0.75, 0.75]
		},
		"ground": {
			"rotation": [0, 90, 0]
		},
		"gui": {
			"rotation": [60, 45, -90],
			"translation": [-1.5, -1.5, 0],
			"scale": [0.75, 0.75, 0.75]
		},
		"fixed": {
			"rotation": [90, -45, 90],
			"translation": [1.5, -2, 0],
			"scale": [0.75, 0.75, 0.75]
		}
	},
	"groups": [
		{
			"name": "sword",
			"origin": [8, 8, 8],
			"color": 0,
			"children": [
				{
					"name": "hilt",
					"origin": [8, 8, 8],
					"color": 0,
					"children": [
						{
							"name": "guard",
							"origin": [8, 8, 8],
							"color": 0,
							"children": [0, 1, 2, 3, 4, 5]
						},
						{
							"name": "grip",
							"origin": [8, 8, 8],
							"color": 0,
							"children": [6]
						},
						{
							"name": "gem",
							"origin": [8, 8, 8],
							"color": 0,
							"children": [7]
						},
						{
							"name": "pommel",
							"origin": [7, -1, 7],
							"color": 0,
							"children": [8, 9]
						}
					]
				},
				{
					"name": "blade",
					"origin": [8, 8, 8],
					"color": 0,
					"children": [
						{
							"name": "shaft",
							"origin": [8, 8, 8],
							"color": 0,
							"children": [10, 11, 12, 13]
						},
						{
							"name": "tip",
							"origin": [8, 8, 8],
							"color": 0,
							"children": [14]
						}
					]
				}
			]
		}
	]
}