{
	"credit": "Made by CravenCrafts with Blockbench",
	"texture_size": [8, 8],
	"textures": {
		"1": "item/better_weapons/decorations/stone_tooth",
		"4": "item/better_weapons/sword_blades/wood",
		"particle": "item/better_weapons/decorations/stone_tooth"
	},
	"elements": [
		{
			"from": [7.25, 6, 7.25],
			"to": [8.75, 7, 8.75],
			"rotation": {"angle": 0, "axis": "y", "origin": [8.00125, 10.8125, 8]},
			"faces": {
				"north": {"uv": [3.125, 0, 4.625, 1], "texture": "#4"},
				"east": {"uv": [3.125, 0, 4.625, 1], "texture": "#4"},
				"south": {"uv": [3.125, 0, 4.625, 1], "texture": "#4"},
				"west": {"uv": [3.125, 0, 4.625, 1], "texture": "#4"},
				"up": {"uv": [4.625, 1.125, 3.125, 2.625], "texture": "#4"},
				"down": {"uv": [4.625, 1.125, 3.125, 2.625], "texture": "#4"}
			}
		},
		{
			"from": [7.5, 1, 7.5],
			"to": [8.5, 6, 8.5],
			"rotation": {"angle": 0, "axis": "y", "origin": [8.00125, 10.8125, 8]},
			"faces": {
				"north": {"uv": [2, 0, 3, 5], "texture": "#4"},
				"east": {"uv": [2, 0, 3, 5], "texture": "#4"},
				"south": {"uv": [2, 0, 3, 5], "texture": "#4"},
				"west": {"uv": [2, 0, 3, 5], "texture": "#4"},
				"up": {"uv": [4.125, 2.75, 3.125, 3.75], "texture": "#4"},
				"down": {"uv": [4.125, 2.75, 3.125, 3.75], "texture": "#4"}
			}
		},
		{
			"from": [7.625, 7, 7.375],
			"to": [8.375, 21, 8.625],
			"rotation": {"angle": 0, "axis": "y", "origin": [8.00125, 8.8125, 8]},
			"faces": {
				"north": {"uv": [1.375, 0, 1.875, 14], "texture": "#4"},
				"east": {"uv": [0, 0, 1.25, 14], "texture": "#4"},
				"south": {"uv": [1.375, 0, 1.875, 14], "texture": "#4"},
				"west": {"uv": [0, 0, 1.25, 14], "texture": "#4"},
				"up": {"uv": [2.5, 6.375, 2, 5.125], "texture": "#4"},
				"down": {"uv": [2.5, 6.375, 2, 5.125], "texture": "#4"}
			}
		},
		{
			"from": [7.875, 7.5, 6.5],
			"to": [8.125, 8.5, 9.5],
			"rotation": {"angle": 0, "axis": "y", "origin": [8, 7.5, 8]},
			"faces": {
				"north": {"uv": [5.75, 0, 6.25, 2], "texture": "#1"},
				"east": {"uv": [0, 0, 6.5, 2], "texture": "#1"},
				"south": {"uv": [6, 0, 6.5, 2], "texture": "#1"},
				"west": {"uv": [0, 0, 6.5, 2], "texture": "#1"},
				"up": {"uv": [0.5, 10, 0, 4], "texture": "#1"},
				"down": {"uv": [2.5, 4, 2, 10], "texture": "#1"}
			}
		},
		{
			"from": [7.875, 9.5, 6.5],
			"to": [8.125, 10.5, 9.5],
			"rotation": {"angle": 0, "axis": "y", "origin": [8, 9.5, 8]},
			"faces": {
				"north": {"uv": [1.25, 0, 1.75, 2], "texture": "#1"},
				"east": {"uv": [0, 0, 6.5, 2], "texture": "#1"},
				"south": {"uv": [6, 0, 6.5, 2], "texture": "#1"},
				"west": {"uv": [0, 2, 6.5, 0], "texture": "#1"},
				"up": {"uv": [0, 0, 0.5, 6], "texture": "#1"},
				"down": {"uv": [0, 0, 0.5, 6], "texture": "#1"}
			}
		},
		{
			"from": [7.875, 11.5, 6.5],
			"to": [8.125, 12.5, 9.5],
			"rotation": {"angle": 0, "axis": "y", "origin": [8, 11.5, 8]},
			"faces": {
				"north": {"uv": [0.25, 0, 0.75, 2], "texture": "#1"},
				"east": {"uv": [0, 0, 6.5, 2], "texture": "#1"},
				"south": {"uv": [0.5, 0, 1, 2], "texture": "#1"},
				"west": {"uv": [6.5, 2, 0, 0], "texture": "#1"},
				"up": {"uv": [0, 0, 0.5, 6], "texture": "#1"},
				"down": {"uv": [0, 0, 0.5, 6], "texture": "#1"}
			}
		},
		{
			"from": [7.875, 13.5, 6.5],
			"to": [8.125, 14.5, 9.5],
			"rotation": {"angle": 0, "axis": "y", "origin": [8, 13.5, 8]},
			"faces": {
				"north": {"uv": [0, 0, 0.5, 2], "texture": "#1"},
				"east": {"uv": [6.5, 0, 0, 2], "texture": "#1"},
				"south": {"uv": [5, 0, 5.5, 2], "texture": "#1"},
				"west": {"uv": [0, 0, 6.5, 2], "texture": "#1"},
				"up": {"uv": [0, 0, 0.5, 6], "texture": "#1"},
				"down": {"uv": [0, 0, 0.5, 6], "texture": "#1"}
			}
		},
		{
			"from": [7.875, 15.5, 6.5],
			"to": [8.125, 16.5, 9.5],
			"rotation": {"angle": 0, "axis": "y", "origin": [8, 15.5, 8]},
			"faces": {
				"north": {"uv": [0.75, 0, 1.25, 2], "texture": "#1"},
				"east": {"uv": [0, 0, 6.5, 2], "texture": "#1"},
				"south": {"uv": [5.75, 0, 6.25, 2], "texture": "#1"},
				"west": {"uv": [6.5, 0, 0, 2], "texture": "#1"},
				"up": {"uv": [0, 0, 0.5, 6], "texture": "#1"},
				"down": {"uv": [0, 0, 0.5, 6], "texture": "#1"}
			}
		},
		{
			"from": [7.875, 17.5, 6.5],
			"to": [8.125, 18.5, 9.5],
			"rotation": {"angle": 0, "axis": "y", "origin": [8, 17.5, 8]},
			"faces": {
				"north": {"uv": [1.5, 0, 2, 2], "texture": "#1"},
				"east": {"uv": [0, 2, 6.5, 0], "texture": "#1"},
				"south": {"uv": [0.5, 0, 1, 2], "texture": "#1"},
				"west": {"uv": [0, 2, 6.5, 0], "texture": "#1"},
				"up": {"uv": [0, 0, 0.5, 6], "texture": "#1"},
				"down": {"uv": [0, 0, 0.5, 6], "texture": "#1"}
			}
		},
		{
			"from": [7.875, 19.5, 6.5],
			"to": [8.125, 20.5, 9.5],
			"rotation": {"angle": 0, "axis": "y", "origin": [8, 19.5, 8]},
			"faces": {
				"north": {"uv": [0.5, 0, 1, 2], "texture": "#1"},
				"east": {"uv": [6.5, 2, 0, 0], "texture": "#1"},
				"south": {"uv": [5.25, 0, 5.75, 2], "texture": "#1"},
				"west": {"uv": [6.5, 2, 0, 0], "texture": "#1"},
				"up": {"uv": [0, 0, 0.5, 6], "texture": "#1"},
				"down": {"uv": [0, 0, 0.5, 6], "texture": "#1"}
			}
		},
		{
			"from": [7.875, 19.5, 6.5],
			"to": [8.125, 20.5, 9.5],
			"rotation": {"angle": 0, "axis": "y", "origin": [8, 19.5, 8]},
			"faces": {
				"north": {"uv": [0, 0, 0.5, 2], "texture": "#1"},
				"east": {"uv": [0, 0, 6.5, 2], "texture": "#1"},
				"south": {"uv": [0, 0, 0.5, 2], "texture": "#1"},
				"west": {"uv": [0, 0, 6.5, 2], "texture": "#1"},
				"up": {"uv": [0, 0, 0.5, 6], "texture": "#1"},
				"down": {"uv": [0, 0, 0.5, 6], "texture": "#1"}
			}
		}
	],
	"gui_light": "front",
	"display": {
		"thirdperson_righthand": {
			"translation": [0, 2.5, 1.5]
		},
		"thirdperson_lefthand": {
			"translation": [0, 2.5, 1.5]
		},
		"firstperson_righthand": {
			"rotation": [-12, 0, 0],
			"translation": [1.75, 3.25, 0],
			"scale": [0.75, 0.75, 0.75]
		},
		"firstperson_lefthand": {
			"rotation": [-12, 0, 0],
			"translation": [1.75, 3.25, 0],
			"scale": [0.75, 0.75, 0.75]
		},
		"ground": {
			"rotation": [0, 90, 0]
		},
		"gui": {
			"rotation": [90, 45.75, -90],
			"translation": [-1.5, -1.5, 0],
			"scale": [0.75, 0.75, 0.75]
		},
		"fixed": {
			"rotation": [90, -45, 90],
			"translation": [1.5, -2, 0],
			"scale": [0.75, 0.75, 0.75]
		}
	},
	"groups": [
		{
			"name": "sword",
			"origin": [8, 8, 8],
			"color": 0,
			"children": [
				{
					"name": "hilt",
					"origin": [8, 8, 8],
					"color": 0,
					"children": [
						{
							"name": "guard",
							"origin": [8, 8, 8],
							"color": 0,
							"children": [0]
						},
						{
							"name": "grip",
							"origin": [8, 8, 8],
							"color": 0,
							"children": [1]
						}
					]
				},
				{
					"name": "blade",
					"origin": [8, 8, 8],
					"color": 0,
					"children": [
						{
							"name": "shaft",
							"origin": [8, 8, 8],
							"color": 0,
							"children": [2]
						},
						{
							"name": "stone_teeth",
							"origin": [0, 0, 0],
							"color": 0,
							"children": [3, 4, 5, 6, 7, 8, 9, 10]
						}
					]
				}
			]
		}
	]
}