{
	"credit": "Made by samus2002",
	"textures": {
		"1": "item/assassin_texture/assassin_impact3"
	},
	"elements": [
		{
			"from": [8.99584, -13.52092, -13.5],
			"to": [8.99584, 29.47908, 29.5],
			"rotation": {"angle": 0, "axis": "z", "origin": [8.99584, 9.97908, 8]},
			"faces": {
				"north": {"uv": [6.5, 5.032, 3.032, 9.5], "texture": "#1"},
				"east": {"uv": [0.032, 0.032, 16, 16], "texture": "#1"},
				"south": {"uv": [6.5, 5.032, 3.032, 9.5], "texture": "#1"},
				"west": {"uv": [16, 0.032, 0.032, 16], "texture": "#1"},
				"up": {"uv": [3.032, 9.5, 6.5, 5.032], "rotation": 90, "texture": "#1"},
				"down": {"uv": [3.032, 9.5, 6.5, 5.032], "rotation": 270, "texture": "#1"}
			}
		}
	],
	"display": {
		"thirdperson_righthand": {
			"rotation": [90, -90, 0],
			"translation": [-6, -63.75, 2.75],
			"scale": [3.5, 3.5, 3.5]
		},
		"head": {
			"rotation": [46, 90, 0],
			"translation": [-1.25, -39, 11.75],
			"scale": [3.8, 3.8, 3.8]
		}
	}
}