{
	"credit": "6164 / 0487KL1RDUE5260AF",
	"textures": {
		"0": "item/assassin_texture/assassin_dash2",
		"1": "item/assassin_texture/assassin_impact2",
		"particle": "item/assassin_texture/assassin_dash2"
	},
	"elements": [
		{
			"from": [-13.5, -13.5, 8],
			"to": [29.5, 29.5, 8],
			"rotation": {"angle": 0, "axis": "y", "origin": [8, 8, 8]},
			"faces": {
				"north": {"uv": [0.032, 0.032, 16, 16], "texture": "#0"},
				"east": {"uv": [3.032, 5.032, 6.5, 9.5], "texture": "#0"},
				"south": {"uv": [16, 0.032, 0.032, 16], "texture": "#0"},
				"west": {"uv": [3.032, 5.032, 6.5, 9.5], "texture": "#0"},
				"up": {"uv": [3.032, 5.032, 6.5, 9.5], "texture": "#0"},
				"down": {"uv": [3.032, 5.032, 6.5, 9.5], "texture": "#0"}
			}
		},
		{
			"from": [20, -11.5, -13.5],
			"to": [20, 31.5, 29.5],
			"rotation": {"angle": -22.5, "axis": "z", "origin": [19, 8, 8]},
			"faces": {
				"north": {"uv": [6.5, 5.032, 3.032, 9.5], "texture": "#1"},
				"east": {"uv": [0.032, 0.032, 16, 16], "texture": "#1"},
				"south": {"uv": [6.5, 5.032, 3.032, 9.5], "texture": "#1"},
				"west": {"uv": [16, 0.032, 0.032, 16], "texture": "#1"},
				"up": {"uv": [3.032, 9.5, 6.5, 5.032], "rotation": 90, "texture": "#1"},
				"down": {"uv": [3.032, 9.5, 6.5, 5.032], "rotation": 270, "texture": "#1"}
			}
		}
	],
	"display": {
		"thirdperson_righthand": {
			"rotation": [90, -90, 0],
			"translation": [-6, -63.75, 2.75],
			"scale": [3.5, 3.5, 3.5]
		},
		"head": {
			"rotation": [90, 0, -156],
			"translation": [1.5, -19, 57.25],
			"scale": [3.8, 3.8, 3.8]
		}
	}
}