{
	"credit": "Made with Blockbench",
	"parent": "item/handheld",
	"textures": {
		"layer0": "item/misc/flint/dark_gem_2"
	},
	"display": {
		"thirdperson_righthand": {
			"rotation": [23, 0, 0],
			"translation": [0, 0.5, 0.5],
			"scale": [0.1, 0.1, 0.1]
		},
		"thirdperson_lefthand": {
			"rotation": [23, 0, 0],
			"translation": [0, 0.5, 0.5],
			"scale": [0.1, 0.1, 0.1]
		},
		"firstperson_righthand": {
			"rotation": [-30, -55, 0],
			"translation": [2.5, 0.25, 0],
			"scale": [0.1, 0.1, 0.1]
		},
		"firstperson_lefthand": {
			"rotation": [-30, -55, 0],
			"translation": [2.5, 0.25, 0],
			"scale": [0.1, 0.1, 0.1]
		},
		"ground": {
			"scale": [0.25, 0.25, 0.25]
		},
		"gui": {
			"scale": [0.7, 0.7, 0.7]
		},
		"head": {
			"translation": [-0.25, 9.5, 0],
			"scale": [0.1, 0.1, 0.1]
		},
		"fixed": {
			"scale": [0.5, 0.5, 0.5]
		}
	}
}