{
	"credit": "Made with Blockbench",
	"parent": "models/item/shield",
	"ambientocclusion": false,
	"texture_size": [32, 32],
	"textures": {
		"2": "item/weapons/shields/zelda/greenrelief",
		"3": "item/weapons/shields/zelda/forest_dweller_shield",
		"4": "item/weapons/shields/zelda/metal_shield_back",
		"particle": "item/weapons/shields/zelda/greenrelief"
	},
	"elements": [
		{
			"from": [1, 10, 7],
			"to": [15, 11, 8],
			"faces": {
				"north": {"uv": [0, 0, 0, 0], "texture": "#3"},
				"east": {"uv": [1, 5, 2, 6], "texture": "#3"},
				"south": {"uv": [0, 0, 0, 0], "texture": "#3"},
				"west": {"uv": [14, 5, 15, 6], "texture": "#3"},
				"up": {"uv": [2, 4, 14, 5], "texture": "#3"},
				"down": {"uv": [0, 0, 0, 0], "texture": "#3"}
			}
		},
		{
			"from": [2, 11, 7],
			"to": [14, 12, 8],
			"faces": {
				"north": {"uv": [0, 0, 0, 0], "texture": "#3"},
				"east": {"uv": [13, 4, 14, 5], "texture": "#3"},
				"south": {"uv": [0, 0, 0, 0], "texture": "#3"},
				"west": {"uv": [2, 4, 3, 5], "texture": "#3"},
				"up": {"uv": [2, 4, 14, 5], "texture": "#3"},
				"down": {"uv": [0, 0, 0, 0], "texture": "#3"}
			}
		},
		{
			"from": [3, 12, 7],
			"to": [6, 13, 8],
			"faces": {
				"north": {"uv": [0, 0, 0, 0], "texture": "#3"},
				"east": {"uv": [12, 3, 13, 4], "texture": "#3"},
				"south": {"uv": [0, 0, 0, 0], "texture": "#3"},
				"west": {"uv": [12, 3, 13, 4], "texture": "#3"},
				"up": {"uv": [10, 3, 13, 4], "texture": "#3"},
				"down": {"uv": [0, 0, 0, 0], "texture": "#3"}
			}
		},
		{
			"from": [10, 12, 7],
			"to": [13, 13, 8],
			"faces": {
				"north": {"uv": [0, 0, 0, 0], "texture": "#3"},
				"east": {"uv": [3, 3, 4, 4], "texture": "#3"},
				"south": {"uv": [0, 0, 0, 0], "texture": "#3"},
				"west": {"uv": [5, 3, 6, 4], "texture": "#3"},
				"up": {"uv": [3, 3, 6, 4], "texture": "#3"},
				"down": {"uv": [0, 0, 0, 0], "texture": "#3"}
			}
		},
		{
			"from": [7, 8.5, 8],
			"to": [9, 10.5, 8.5],
			"faces": {
				"north": {"uv": [6, 0, 10, 1], "texture": "#missing"},
				"east": {"uv": [7.75, 7.5, 8.25, 8.5], "texture": "#2"},
				"south": {"uv": [5.25, 6.5, 5.75, 7.5], "texture": "#2"},
				"west": {"uv": [0.25, 8, 0.75, 8.5], "texture": "#2"},
				"up": {"uv": [5.25, 6.5, 5.75, 7.5], "texture": "#2"},
				"down": {"uv": [5, 0.25, 5.75, 0.75], "texture": "#2"}
			}
		},
		{
			"from": [1, 6, 7],
			"to": [15, 10, 8],
			"faces": {
				"north": {"uv": [0, 0, 0, 0], "texture": "#3"},
				"east": {"uv": [1, 6, 2, 10], "texture": "#3"},
				"south": {"uv": [0, 0, 0, 0], "texture": "#3"},
				"west": {"uv": [14, 6, 15, 10], "texture": "#3"},
				"up": {"uv": [0, 6, 16, 7], "texture": "#3"},
				"down": {"uv": [1, 9, 15, 10], "rotation": 180, "texture": "#3"}
			}
		},
		{
			"from": [2, 4, 7],
			"to": [14, 6, 8],
			"faces": {
				"north": {"uv": [0, 0, 0, 0], "texture": "#3"},
				"east": {"uv": [13, 10, 14, 12], "texture": "#3"},
				"south": {"uv": [0, 0, 0, 0], "texture": "#3"},
				"west": {"uv": [2, 10, 3, 12], "texture": "#3"},
				"up": {"uv": [0, 0, 0, 0], "texture": "#3"},
				"down": {"uv": [2, 11, 14, 12], "rotation": 180, "texture": "#3"}
			}
		},
		{
			"from": [4, 2, 7],
			"to": [12, 3, 8],
			"faces": {
				"north": {"uv": [0, 0, 0, 0], "texture": "#3"},
				"east": {"uv": [11, 13, 12, 14], "texture": "#3"},
				"south": {"uv": [0, 0, 0, 0], "texture": "#3"},
				"west": {"uv": [4, 13, 5, 14], "texture": "#3"},
				"up": {"uv": [0, 0, 0, 0], "texture": "#3"},
				"down": {"uv": [4, 13, 12, 14], "rotation": 180, "texture": "#3"}
			}
		},
		{
			"from": [6, 1, 7],
			"to": [10, 2, 8],
			"faces": {
				"north": {"uv": [0, 0, 0, 0], "texture": "#3"},
				"east": {"uv": [9, 14, 10, 15], "texture": "#3"},
				"south": {"uv": [0, 0, 0, 0], "texture": "#3"},
				"west": {"uv": [6, 14, 7, 15], "texture": "#3"},
				"up": {"uv": [0, 0, 0, 0], "texture": "#3"},
				"down": {"uv": [6, 14, 10, 15], "texture": "#3"}
			}
		},
		{
			"from": [7.5, 9, 8],
			"to": [8.5, 10, 11],
			"faces": {
				"north": {"uv": [0, 0, 1, 1], "texture": "#missing"},
				"east": {"uv": [9.75, 5.5, 8.25, 6], "texture": "#2"},
				"south": {"uv": [9, 5.5, 9.5, 6], "texture": "#2"},
				"west": {"uv": [8.25, 5.5, 9.75, 6], "texture": "#2"},
				"up": {"uv": [9.75, 5.5, 8.25, 6], "rotation": 270, "texture": "#2"},
				"down": {"uv": [9.75, 5.5, 8.25, 6], "rotation": 90, "texture": "#2"}
			}
		},
		{
			"from": [7, 3.5, 8],
			"to": [9, 5.5, 8.5],
			"faces": {
				"north": {"uv": [6, 0, 10, 1], "texture": "#missing"},
				"east": {"uv": [7.75, 7.5, 8.25, 8.5], "texture": "#2"},
				"south": {"uv": [5.25, 6.5, 5.75, 7.5], "texture": "#2"},
				"west": {"uv": [0.25, 8, 0.75, 8.5], "texture": "#2"},
				"up": {"uv": [5.25, 6.5, 5.75, 7.5], "texture": "#2"},
				"down": {"uv": [5, 0.25, 5.75, 0.75], "texture": "#2"}
			}
		},
		{
			"from": [7.5, 4, 8],
			"to": [8.5, 5, 11],
			"faces": {
				"north": {"uv": [0, 0, 1, 1], "texture": "#missing"},
				"east": {"uv": [9.75, 5.5, 8.25, 6], "texture": "#2"},
				"south": {"uv": [9, 5.5, 9.5, 6], "texture": "#2"},
				"west": {"uv": [8.25, 5.5, 9.75, 6], "texture": "#2"},
				"up": {"uv": [9.75, 5.5, 8.25, 6], "rotation": 270, "texture": "#2"},
				"down": {"uv": [9.75, 5.5, 8.25, 6], "rotation": 90, "texture": "#2"}
			}
		},
		{
			"from": [0, 0, 7],
			"to": [16, 16, 7],
			"faces": {
				"north": {"uv": [0, 0, 16, 16], "texture": "#3"},
				"down": {"uv": [0, 0, 0, 0], "texture": "#missing"}
			}
		},
		{
			"from": [0, 0, 8],
			"to": [16, 16, 8],
			"faces": {
				"north": {"uv": [0, 0, 0, 0], "texture": "#3"},
				"east": {"uv": [0, 0, 0, 0], "texture": "#4"},
				"south": {"uv": [0, 0, 16, 16], "texture": "#3"},
				"west": {"uv": [0, 0, 0, 0], "texture": "#4"},
				"up": {"uv": [0, 0, 0, 0], "texture": "#4"},
				"down": {"uv": [0, 0, 0, 0], "texture": "#4"}
			}
		},
		{
			"from": [3, 3, 7],
			"to": [13, 4, 8],
			"faces": {
				"east": {"uv": [3, 12, 4, 13], "texture": "#3"},
				"west": {"uv": [12, 12, 13, 13], "texture": "#3"},
				"up": {"uv": [3, 12, 13, 13], "rotation": 270, "texture": "#3"},
				"down": {"uv": [3, 12, 13, 13], "rotation": 180, "texture": "#3"}
			}
		},
		{
			"from": [7.5, 5, 10],
			"to": [8.5, 9, 11],
			"faces": {
				"north": {"uv": [7, 6, 8, 10], "texture": "#4"},
				"east": {"uv": [7, 6, 8, 10], "texture": "#4"},
				"south": {"uv": [7, 6, 8, 10], "texture": "#4"},
				"west": {"uv": [7, 6, 8, 10], "texture": "#4"},
				"up": {"uv": [1, 5, 2, 6], "texture": "#3"},
				"down": {"uv": [0, 8, 1, 9], "texture": "#3"}
			}
		},
		{
			"from": [1, 7, 6.5],
			"to": [3, 11, 8.5],
			"faces": {
				"north": {"uv": [4, 3.5, 5, 5.5], "texture": "#2"},
				"east": {"uv": [3, 3.5, 4, 5.5], "texture": "#2"},
				"south": {"uv": [5, 3.5, 4, 5.5], "texture": "#2"},
				"west": {"uv": [5, 3.5, 6, 5.5], "texture": "#2"},
				"up": {"uv": [5, 3.5, 4, 2.5], "texture": "#2"},
				"down": {"uv": [6, 2.5, 5, 3.5], "texture": "#2"}
			}
		},
		{
			"from": [-1, 7, 6.5],
			"to": [1, 9, 8.5],
			"faces": {
				"north": {"uv": [7, 5.5, 8, 6.5], "texture": "#2"},
				"east": {"uv": [6, 5.5, 7, 6.5], "texture": "#2"},
				"south": {"uv": [8, 5.5, 7, 6.5], "texture": "#2"},
				"west": {"uv": [8, 5.5, 9, 6.5], "texture": "#2"},
				"up": {"uv": [8, 5.5, 7, 4.5], "texture": "#2"},
				"down": {"uv": [9, 4.5, 8, 5.5], "texture": "#2"}
			}
		},
		{
			"from": [0, 5, 6.5],
			"to": [2, 7, 8.5],
			"faces": {
				"north": {"uv": [1, 5.5, 2, 6.5], "texture": "#2"},
				"east": {"uv": [0, 5.5, 1, 6.5], "texture": "#2"},
				"south": {"uv": [2, 5.5, 1, 6.5], "texture": "#2"},
				"west": {"uv": [2, 5.5, 3, 6.5], "texture": "#2"},
				"up": {"uv": [2, 5.5, 1, 4.5], "texture": "#2"},
				"down": {"uv": [3, 4.5, 2, 5.5], "texture": "#2"}
			}
		},
		{
			"from": [1, 3, 6.5],
			"to": [2, 5, 8.5],
			"faces": {
				"north": {"uv": [1, 7.5, 1.5, 8.5], "texture": "#2"},
				"east": {"uv": [0, 7.5, 1, 8.5], "texture": "#2"},
				"south": {"uv": [1.5, 7.5, 1, 8.5], "texture": "#2"},
				"west": {"uv": [1.5, 7.5, 2.5, 8.5], "texture": "#2"},
				"up": {"uv": [1.5, 7.5, 1, 6.5], "texture": "#2"},
				"down": {"uv": [2, 6.5, 1.5, 7.5], "texture": "#2"}
			}
		},
		{
			"from": [0, 3, 6.5],
			"to": [1, 4, 8.5],
			"faces": {
				"north": {"uv": [8, 2.5, 8.5, 3], "texture": "#2"},
				"east": {"uv": [7, 2.5, 8, 3], "texture": "#2"},
				"south": {"uv": [8.5, 2.5, 8, 3], "texture": "#2"},
				"west": {"uv": [8.5, 2.5, 9.5, 3], "texture": "#2"},
				"up": {"uv": [8.5, 2.5, 8, 1.5], "texture": "#2"},
				"down": {"uv": [9, 1.5, 8.5, 2.5], "texture": "#2"}
			}
		},
		{
			"from": [-2, 8, 6.5],
			"to": [-1, 9, 8.5],
			"faces": {
				"north": {"uv": [8, 4, 8.5, 4.5], "texture": "#2"},
				"east": {"uv": [7, 4, 8, 4.5], "texture": "#2"},
				"south": {"uv": [8.5, 4, 8, 4.5], "texture": "#2"},
				"west": {"uv": [8.5, 4, 9.5, 4.5], "texture": "#2"},
				"up": {"uv": [8.5, 4, 8, 3], "texture": "#2"},
				"down": {"uv": [9, 3, 8.5, 4], "texture": "#2"}
			}
		},
		{
			"from": [-1, 9, 6.5],
			"to": [1, 11, 8.5],
			"faces": {
				"north": {"uv": [4, 6.5, 5, 7.5], "texture": "#2"},
				"east": {"uv": [3, 6.5, 4, 7.5], "texture": "#2"},
				"south": {"uv": [5, 6.5, 4, 7.5], "texture": "#2"},
				"west": {"uv": [5, 6.5, 6, 7.5], "texture": "#2"},
				"up": {"uv": [5, 6.5, 4, 5.5], "texture": "#2"},
				"down": {"uv": [6, 5.5, 5, 6.5], "texture": "#2"}
			}
		},
		{
			"from": [1, 11, 6.5],
			"to": [3, 14, 8.5],
			"faces": {
				"north": {"uv": [5, 1, 6, 2.5], "texture": "#2"},
				"east": {"uv": [4, 1, 5, 2.5], "texture": "#2"},
				"south": {"uv": [7, 1, 8, 2.5], "texture": "#2"},
				"west": {"uv": [6, 1, 7, 2.5], "texture": "#2"},
				"up": {"uv": [6, 1, 5, 0], "texture": "#2"},
				"down": {"uv": [7, 0, 6, 1], "texture": "#2"}
			}
		},
		{
			"from": [0, 12, 6.5],
			"to": [1, 14, 8.5],
			"faces": {
				"north": {"uv": [7, 7.5, 7.5, 8.5], "texture": "#2"},
				"east": {"uv": [6, 7.5, 7, 8.5], "texture": "#2"},
				"south": {"uv": [7.5, 7.5, 7, 8.5], "texture": "#2"},
				"west": {"uv": [7.5, 7.5, 8.5, 8.5], "texture": "#2"},
				"up": {"uv": [7.5, 7.5, 7, 6.5], "texture": "#2"},
				"down": {"uv": [8, 6.5, 7.5, 7.5], "texture": "#2"}
			}
		},
		{
			"from": [15, 12, 6.5],
			"to": [16, 14, 8.5],
			"faces": {
				"north": {"uv": [7.5, 7.5, 7, 8.5], "texture": "#2"},
				"east": {"uv": [7.5, 7.5, 8.5, 8.5], "texture": "#2"},
				"south": {"uv": [7, 7.5, 7.5, 8.5], "texture": "#2"},
				"west": {"uv": [6, 7.5, 7, 8.5], "texture": "#2"},
				"up": {"uv": [7.5, 7.5, 7, 6.5], "rotation": 180, "texture": "#2"},
				"down": {"uv": [8, 6.5, 7.5, 7.5], "rotation": 180, "texture": "#2"}
			}
		},
		{
			"from": [13, 11, 6.5],
			"to": [15, 14, 8.5],
			"faces": {
				"north": {"uv": [7, 1, 8, 2.5], "texture": "#2"},
				"east": {"uv": [6, 1, 7, 2.5], "texture": "#2"},
				"south": {"uv": [5, 1, 6, 2.5], "texture": "#2"},
				"west": {"uv": [4, 1, 5, 2.5], "texture": "#2"},
				"up": {"uv": [6, 1, 5, 0], "rotation": 180, "texture": "#2"},
				"down": {"uv": [7, 0, 6, 1], "rotation": 180, "texture": "#2"}
			}
		},
		{
			"from": [15, 9, 6.5],
			"to": [17, 11, 8.5],
			"faces": {
				"north": {"uv": [5, 6.5, 4, 7.5], "texture": "#2"},
				"east": {"uv": [5, 6.5, 6, 7.5], "texture": "#2"},
				"south": {"uv": [4, 6.5, 5, 7.5], "texture": "#2"},
				"west": {"uv": [3, 6.5, 4, 7.5], "texture": "#2"},
				"up": {"uv": [5, 6.5, 4, 5.5], "rotation": 180, "texture": "#2"},
				"down": {"uv": [6, 5.5, 5, 6.5], "rotation": 180, "texture": "#2"}
			}
		},
		{
			"from": [13, 7, 6.5],
			"to": [15, 11, 8.5],
			"faces": {
				"north": {"uv": [5, 3.5, 4, 5.5], "texture": "#2"},
				"east": {"uv": [5, 3.5, 6, 5.5], "texture": "#2"},
				"south": {"uv": [4, 3.5, 5, 5.5], "texture": "#2"},
				"west": {"uv": [3, 3.5, 4, 5.5], "texture": "#2"},
				"up": {"uv": [5, 3.5, 4, 2.5], "rotation": 180, "texture": "#2"},
				"down": {"uv": [6, 2.5, 5, 3.5], "rotation": 180, "texture": "#2"}
			}
		},
		{
			"from": [15, 7, 6.5],
			"to": [17, 9, 8.5],
			"faces": {
				"north": {"uv": [8, 5.5, 7, 6.5], "texture": "#2"},
				"east": {"uv": [8, 5.5, 9, 6.5], "texture": "#2"},
				"south": {"uv": [7, 5.5, 8, 6.5], "texture": "#2"},
				"west": {"uv": [6, 5.5, 7, 6.5], "texture": "#2"},
				"up": {"uv": [8, 5.5, 7, 4.5], "rotation": 180, "texture": "#2"},
				"down": {"uv": [9, 4.5, 8, 5.5], "rotation": 180, "texture": "#2"}
			}
		},
		{
			"from": [17, 8, 6.5],
			"to": [18, 9, 8.5],
			"faces": {
				"north": {"uv": [8.5, 4, 8, 4.5], "texture": "#2"},
				"east": {"uv": [8.5, 4, 9.5, 4.5], "texture": "#2"},
				"south": {"uv": [8, 4, 8.5, 4.5], "texture": "#2"},
				"west": {"uv": [7, 4, 8, 4.5], "texture": "#2"},
				"up": {"uv": [8.5, 4, 8, 3], "rotation": 180, "texture": "#2"},
				"down": {"uv": [9, 3, 8.5, 4], "rotation": 180, "texture": "#2"}
			}
		},
		{
			"from": [14, 5, 6.5],
			"to": [16, 7, 8.5],
			"faces": {
				"north": {"uv": [2, 5.5, 1, 6.5], "texture": "#2"},
				"east": {"uv": [2, 5.5, 3, 6.5], "texture": "#2"},
				"south": {"uv": [1, 5.5, 2, 6.5], "texture": "#2"},
				"west": {"uv": [0, 5.5, 1, 6.5], "texture": "#2"},
				"up": {"uv": [2, 5.5, 1, 4.5], "rotation": 180, "texture": "#2"},
				"down": {"uv": [3, 4.5, 2, 5.5], "rotation": 180, "texture": "#2"}
			}
		},
		{
			"from": [14, 3, 6.5],
			"to": [15, 5, 8.5],
			"faces": {
				"north": {"uv": [1.5, 7.5, 1, 8.5], "texture": "#2"},
				"east": {"uv": [1.5, 7.5, 2.5, 8.5], "texture": "#2"},
				"south": {"uv": [1, 7.5, 1.5, 8.5], "texture": "#2"},
				"west": {"uv": [0, 7.5, 1, 8.5], "texture": "#2"},
				"up": {"uv": [1.5, 7.5, 1, 6.5], "rotation": 180, "texture": "#2"},
				"down": {"uv": [2, 6.5, 1.5, 7.5], "rotation": 180, "texture": "#2"}
			}
		},
		{
			"from": [15, 3, 6.5],
			"to": [16, 4, 8.5],
			"faces": {
				"north": {"uv": [8.5, 2.5, 8, 3], "texture": "#2"},
				"east": {"uv": [8.5, 2.5, 9.5, 3], "texture": "#2"},
				"south": {"uv": [8, 2.5, 8.5, 3], "texture": "#2"},
				"west": {"uv": [7, 2.5, 8, 3], "texture": "#2"},
				"up": {"uv": [8.5, 2.5, 8, 1.5], "rotation": 180, "texture": "#2"},
				"down": {"uv": [9, 1.5, 8.5, 2.5], "rotation": 180, "texture": "#2"}
			}
		}
	],
	"gui_light": "front",
	"display": {
		"thirdperson_righthand": {
			"rotation": [0, -90, 0],
			"translation": [3.25, -1, 3.5],
			"scale": [0.9, 0.9, 0.9]
		},
		"thirdperson_lefthand": {
			"rotation": [0, -90, 0],
			"translation": [3.25, -1, 3.5],
			"scale": [0.9, 0.9, 0.9]
		},
		"firstperson_righthand": {
			"rotation": [-12, -71, 38],
			"translation": [1, 0.5, 2.5],
			"scale": [0.7, 0.7, 0.7]
		},
		"firstperson_lefthand": {
			"rotation": [-12, -71, 38],
			"translation": [1, 0.5, 2.5],
			"scale": [0.7, 0.7, 0.7]
		},
		"ground": {
			"translation": [0, 2, 0],
			"scale": [0.5, 0.5, 0.5]
		},
		"gui": {
			"rotation": [0, -180, 0],
			"scale": [0.8, 0.8, 0.8]
		},
		"head": {
			"translation": [0, 6, -7]
		}
	}
}