{
	"credit": "Made with Blockbench",
	"parent": "models/item/shield",
	"ambientocclusion": false,
	"texture_size": [64, 64],
	"textures": {
		"2": "item/weapons/shields/zelda/halo",
		"4": "item/weapons/shields/zelda/gardian_back",
		"5": "item/weapons/shields/zelda/guardian_center"
	},
	"elements": [
		{
			"from": [7, 9, 6],
			"to": [9, 10, 7],
			"faces": {
				"north": {"uv": [7, 6, 9, 7], "texture": "#5"},
				"east": {"uv": [7, 6, 8, 7], "texture": "#5"},
				"west": {"uv": [8, 6, 9, 7], "texture": "#5"},
				"up": {"uv": [7, 6, 9, 7], "texture": "#5"},
				"down": {"uv": [7, 6, 9, 7], "texture": "#5"}
			}
		},
		{
			"from": [7, 11, 6],
			"to": [9, 12, 7],
			"faces": {
				"north": {"uv": [7, 6, 9, 7], "texture": "#5"},
				"east": {"uv": [7, 6, 8, 7], "texture": "#5"},
				"west": {"uv": [8, 6, 9, 7], "texture": "#5"},
				"up": {"uv": [7, 6, 9, 7], "texture": "#5"},
				"down": {"uv": [6, 8, 7, 9], "texture": "#5"}
			}
		},
		{
			"from": [11, 7, 6],
			"to": [12, 9, 7],
			"faces": {
				"north": {"uv": [4, 7, 5, 9], "texture": "#5"},
				"east": {"uv": [4, 7, 5, 9], "texture": "#5"},
				"west": {"uv": [4, 7, 5, 9], "texture": "#5"},
				"up": {"uv": [4, 7, 5, 8], "texture": "#5"},
				"down": {"uv": [4, 8, 5, 9], "texture": "#5"}
			}
		},
		{
			"from": [4, 7, 6],
			"to": [5, 9, 7],
			"faces": {
				"north": {"uv": [4, 7, 5, 9], "texture": "#5"},
				"east": {"uv": [4, 7, 5, 9], "texture": "#5"},
				"west": {"uv": [4, 7, 5, 9], "texture": "#5"},
				"up": {"uv": [4, 7, 5, 8], "texture": "#5"},
				"down": {"uv": [4, 8, 5, 9], "texture": "#5"}
			}
		},
		{
			"from": [5, 9, 6],
			"to": [6, 10, 7],
			"faces": {
				"north": {"uv": [10, 6, 11, 7], "texture": "#5"},
				"east": {"uv": [10, 6, 11, 7], "texture": "#5"},
				"west": {"uv": [10, 6, 11, 7], "texture": "#5"},
				"up": {"uv": [10, 6, 11, 7], "texture": "#5"},
				"down": {"uv": [10, 6, 11, 7], "texture": "#5"}
			}
		},
		{
			"from": [10, 6, 6],
			"to": [11, 7, 7],
			"faces": {
				"north": {"uv": [5, 9, 6, 10], "texture": "#5"},
				"east": {"uv": [5, 9, 6, 10], "texture": "#5"},
				"west": {"uv": [5, 9, 6, 10], "texture": "#5"},
				"up": {"uv": [5, 9, 6, 10], "texture": "#5"},
				"down": {"uv": [5, 9, 6, 10], "texture": "#5"}
			}
		},
		{
			"from": [5, 6, 6],
			"to": [6, 7, 7],
			"faces": {
				"north": {"uv": [5, 9, 6, 10], "texture": "#5"},
				"east": {"uv": [5, 9, 6, 10], "texture": "#5"},
				"west": {"uv": [5, 9, 6, 10], "texture": "#5"},
				"up": {"uv": [5, 9, 6, 10], "texture": "#5"},
				"down": {"uv": [5, 9, 6, 10], "texture": "#5"}
			}
		},
		{
			"from": [10, 9, 6],
			"to": [11, 10, 7],
			"faces": {
				"north": {"uv": [5, 6, 6, 7], "texture": "#5"},
				"east": {"uv": [5, 6, 6, 7], "texture": "#5"},
				"west": {"uv": [5, 6, 6, 7], "texture": "#5"},
				"up": {"uv": [5, 6, 6, 7], "texture": "#5"},
				"down": {"uv": [5, 6, 6, 7], "texture": "#5"}
			}
		},
		{
			"from": [9, 10, 6],
			"to": [11, 11, 7],
			"faces": {
				"north": {"uv": [5, 5, 7, 6], "texture": "#5"},
				"east": {"uv": [6, 5, 7, 6], "texture": "#5"},
				"west": {"uv": [6, 5, 7, 6], "texture": "#5"},
				"up": {"uv": [5, 5, 7, 6], "texture": "#5"},
				"down": {"uv": [6, 8, 7, 9], "texture": "#5"}
			}
		},
		{
			"from": [5, 10, 6],
			"to": [7, 11, 7],
			"faces": {
				"north": {"uv": [5, 5, 7, 6], "texture": "#5"},
				"east": {"uv": [6, 5, 7, 6], "texture": "#5"},
				"west": {"uv": [6, 5, 7, 6], "texture": "#5"},
				"up": {"uv": [5, 5, 7, 6], "texture": "#5"},
				"down": {"uv": [6, 8, 7, 9], "texture": "#5"}
			}
		},
		{
			"from": [9, 5, 6],
			"to": [11, 6, 7],
			"faces": {
				"north": {"uv": [5, 10, 7, 11], "texture": "#5"},
				"east": {"uv": [5, 10, 6, 11], "texture": "#5"},
				"west": {"uv": [6, 10, 7, 11], "texture": "#5"},
				"up": {"uv": [5, 10, 7, 11], "texture": "#5"},
				"down": {"uv": [5, 10, 7, 11], "texture": "#5"}
			}
		},
		{
			"from": [5, 5, 6],
			"to": [7, 6, 7],
			"faces": {
				"north": {"uv": [5, 10, 7, 11], "texture": "#5"},
				"east": {"uv": [5, 10, 6, 11], "texture": "#5"},
				"west": {"uv": [6, 10, 7, 11], "texture": "#5"},
				"up": {"uv": [5, 10, 7, 11], "texture": "#5"},
				"down": {"uv": [5, 10, 7, 11], "texture": "#5"}
			}
		},
		{
			"from": [7, 4, 6],
			"to": [9, 5, 7],
			"faces": {
				"north": {"uv": [5, 10, 7, 11], "texture": "#5"},
				"east": {"uv": [5, 10, 6, 11], "texture": "#5"},
				"west": {"uv": [6, 10, 7, 11], "texture": "#5"},
				"up": {"uv": [5, 10, 7, 11], "texture": "#5"},
				"down": {"uv": [5, 10, 7, 11], "texture": "#5"}
			}
		},
		{
			"from": [7, 6, 6],
			"to": [9, 7, 7],
			"faces": {
				"north": {"uv": [7, 9, 9, 10], "texture": "#5"},
				"east": {"uv": [7, 9, 8, 10], "texture": "#5"},
				"west": {"uv": [8, 9, 9, 10], "texture": "#5"},
				"up": {"uv": [7, 10, 9, 9], "texture": "#5"},
				"down": {"uv": [7, 9, 9, 10], "texture": "#5"}
			}
		},
		{
			"from": [9, 7, 6],
			"to": [10, 9, 7],
			"faces": {
				"north": {"uv": [6, 7, 7, 9], "texture": "#5"},
				"east": {"uv": [6, 7, 7, 9], "texture": "#5"},
				"west": {"uv": [6, 7, 7, 9], "texture": "#5"},
				"up": {"uv": [7, 6, 9, 7], "texture": "#5"},
				"down": {"uv": [6, 8, 7, 9], "texture": "#5"}
			}
		},
		{
			"from": [7.2, 9.2, 7],
			"to": [8.8, 10.8, 7.4],
			"rotation": {"angle": 0, "axis": "y", "origin": [1.6, 0, 1.6]},
			"faces": {
				"north": {"uv": [7, 7, 9, 8], "texture": "#4"},
				"east": {"uv": [8, 7, 9, 9], "texture": "#4"},
				"south": {"uv": [7, 7, 9, 8], "texture": "#4"},
				"west": {"uv": [7, 7, 8, 9], "texture": "#4"},
				"up": {"uv": [7, 7, 9, 8], "texture": "#4"},
				"down": {"uv": [7, 8, 9, 9], "texture": "#4"}
			}
		},
		{
			"from": [7.2, 5.2, 7],
			"to": [8.8, 6.8, 7.4],
			"rotation": {"angle": 0, "axis": "y", "origin": [1.6, 0, 1.6]},
			"faces": {
				"north": {"uv": [7, 7, 9, 8], "texture": "#4"},
				"east": {"uv": [8, 7, 9, 9], "texture": "#4"},
				"south": {"uv": [7, 7, 9, 8], "texture": "#4"},
				"west": {"uv": [7, 7, 8, 9], "texture": "#4"},
				"up": {"uv": [7, 7, 9, 8], "texture": "#4"},
				"down": {"uv": [7, 8, 9, 9], "texture": "#4"}
			}
		},
		{
			"from": [6, 0, 7],
			"to": [10, 1, 8],
			"faces": {
				"east": {"uv": [9, 15, 10, 16], "texture": "#5"},
				"west": {"uv": [6, 15, 7, 16], "texture": "#5"},
				"up": {"uv": [0, 0, 0, 0], "texture": "#5"},
				"down": {"uv": [6, 0, 10, 1], "rotation": 180, "texture": "#5"}
			}
		},
		{
			"from": [7.6, 9.6, 7],
			"to": [8.4, 10.4, 9.4],
			"rotation": {"angle": 0, "axis": "y", "origin": [1.6, 0, 1.6]},
			"faces": {
				"north": {"uv": [0, 0, 1, 1], "texture": "#5"},
				"east": {"uv": [9, 7, 7, 8], "texture": "#5"},
				"south": {"uv": [8, 7, 9, 8], "texture": "#5"},
				"west": {"uv": [7, 7, 9, 8], "texture": "#5"},
				"up": {"uv": [9, 7, 7, 8], "rotation": 270, "texture": "#5"},
				"down": {"uv": [9, 7, 7, 8], "rotation": 90, "texture": "#5"}
			}
		},
		{
			"from": [7.6, 5.6, 7],
			"to": [8.4, 6.4, 9.4],
			"rotation": {"angle": 0, "axis": "y", "origin": [1.6, 0, 1.6]},
			"faces": {
				"north": {"uv": [0, 0, 1, 1], "texture": "#5"},
				"east": {"uv": [9, 7, 7, 8], "texture": "#5"},
				"south": {"uv": [8, 7, 9, 8], "texture": "#5"},
				"west": {"uv": [7, 7, 9, 8], "texture": "#5"},
				"up": {"uv": [9, 7, 7, 8], "rotation": 270, "texture": "#5"},
				"down": {"uv": [9, 7, 7, 8], "rotation": 90, "texture": "#5"}
			}
		},
		{
			"from": [0, 0, 7],
			"to": [16, 16, 7],
			"faces": {
				"north": {"uv": [0, 0, 16, 16], "texture": "#5"},
				"down": {"uv": [0, 0, 0, 0], "texture": "#5"}
			}
		},
		{
			"from": [0, 0, 7],
			"to": [16, 16, 7],
			"faces": {
				"north": {"uv": [0, 0, 0, 0], "texture": "#4"},
				"east": {"uv": [0, 0, 0, 0], "texture": "#4"},
				"south": {"uv": [0, 0, 16, 16], "texture": "#4"},
				"west": {"uv": [0, 0, 0, 0], "texture": "#4"},
				"up": {"uv": [0, 0, 0, 0], "texture": "#4"},
				"down": {"uv": [0, 0, 0, 0], "texture": "#4"}
			}
		},
		{
			"from": [7.6, 6.4, 8.6],
			"to": [8.4, 9.6, 9.4],
			"rotation": {"angle": 0, "axis": "y", "origin": [1.6, 0, 1.6]},
			"faces": {
				"north": {"uv": [9, 6, 10, 10], "texture": "#5"},
				"east": {"uv": [9, 6, 10, 10], "texture": "#5"},
				"south": {"uv": [9, 6, 10, 10], "texture": "#5"},
				"west": {"uv": [9, 6, 10, 10], "texture": "#5"},
				"up": {"uv": [9, 6, 10, 7], "texture": "#5"},
				"down": {"uv": [9, 9, 10, 10], "texture": "#5"}
			}
		},
		{
			"from": [-3, -3.5, 6.5],
			"to": [19, 19.5, 6.5],
			"faces": {
				"north": {"uv": [0, 0, 5.5, 5.75], "texture": "#2"},
				"east": {"uv": [0, 0, 0, 5.75], "texture": "#2"},
				"south": {"uv": [5.5, 0, 0, 5.75], "texture": "#2"},
				"west": {"uv": [0, 0, 0, 5.75], "texture": "#2"},
				"up": {"uv": [5.5, 0, 0, 0], "texture": "#2"},
				"down": {"uv": [5.5, 0, 0, 0], "texture": "#2"}
			}
		}
	],
	"gui_light": "front",
	"display": {
		"thirdperson_righthand": {
			"rotation": [36, -30, 0],
			"translation": [0.75, -0.5, 0],
			"scale": [0.8, 0.8, 0.8]
		},
		"thirdperson_lefthand": {
			"rotation": [36, -30, 0],
			"translation": [0.75, -0.5, 0],
			"scale": [0.8, 0.8, 0.8]
		},
		"firstperson_righthand": {
			"rotation": [-1, -11, 0],
			"translation": [-2.25, 0.5, 2.5],
			"scale": [0.7, 0.7, 0.7]
		},
		"firstperson_lefthand": {
			"rotation": [-1, -11, 0],
			"translation": [-2.25, 0.5, 2.5],
			"scale": [0.7, 0.7, 0.7]
		},
		"ground": {
			"translation": [0, 2, 0],
			"scale": [0.5, 0.5, 0.5]
		},
		"gui": {
			"rotation": [0, -180, 0],
			"scale": [0.7, 0.7, 0.7]
		},
		"head": {
			"translation": [0, 6, -7]
		},
		"fixed": {
			"scale": [0.8, 0.8, 0.8]
		}
	}
}