{
	"credit": "Made with Blockbench",
	"parent": "models/item/shield",
	"ambientocclusion": false,
	"textures": {
		"4": "item/weapons/shields/zelda/metal_shield_back",
		"5": "item/weapons/shields/zelda/hunter_shield"
	},
	"elements": [
		{
			"from": [1, 10, 7],
			"to": [15, 12, 8],
			"faces": {
				"east": {"uv": [14, 4, 15, 6], "texture": "#5"},
				"west": {"uv": [1, 4, 2, 6], "texture": "#5"},
				"up": {"uv": [1, 4, 15, 5], "texture": "#5"},
				"down": {"uv": [0, 0, 0, 0], "texture": "#5"}
			}
		},
		{
			"from": [2, 12, 7],
			"to": [14, 13, 8],
			"faces": {
				"east": {"uv": [13, 3, 14, 4], "texture": "#5"},
				"west": {"uv": [2, 3, 3, 4], "texture": "#5"},
				"up": {"uv": [2, 3, 14, 4], "texture": "#5"},
				"down": {"uv": [0, 0, 0, 0], "texture": "#5"}
			}
		},
		{
			"from": [4, 14, 7],
			"to": [12, 15, 8],
			"faces": {
				"east": {"uv": [11, 1, 12, 2], "texture": "#5"},
				"west": {"uv": [4, 1, 5, 2], "texture": "#5"},
				"up": {"uv": [12, 1, 4, 2], "rotation": 180, "texture": "#5"},
				"down": {"uv": [0, 0, 0, 0], "texture": "#5"}
			}
		},
		{
			"from": [6, 15, 7],
			"to": [10, 16, 8],
			"faces": {
				"east": {"uv": [9, 0, 10, 1], "texture": "#5"},
				"west": {"uv": [6, 0, 7, 1], "texture": "#5"},
				"up": {"uv": [6, 0, 10, 1], "texture": "#5"},
				"down": {"uv": [0, 0, 0, 0], "texture": "#5"}
			}
		},
		{
			"from": [6, 15, 6.5],
			"to": [10, 16, 7],
			"faces": {
				"north": {"uv": [10, 0, 6, 1], "texture": "#5"},
				"east": {"uv": [9, 0, 10, 1], "texture": "#5"},
				"west": {"uv": [6, 0, 7, 1], "texture": "#5"},
				"up": {"uv": [6, 0, 10, 1], "texture": "#5"},
				"down": {"uv": [6, 0, 10, 1], "texture": "#5"}
			}
		},
		{
			"from": [15, 6, 6.5],
			"to": [16, 10, 7],
			"faces": {
				"north": {"uv": [1, 6, 0, 10], "texture": "#5"},
				"east": {"uv": [0, 6, 1, 10], "texture": "#5"},
				"west": {"uv": [0, 6, 1, 10], "texture": "#5"},
				"up": {"uv": [9, 0, 10, 1], "texture": "#5"},
				"down": {"uv": [12, 2, 13, 3], "texture": "#5"}
			}
		},
		{
			"from": [0, 6, 6.5],
			"to": [1, 10, 7],
			"faces": {
				"north": {"uv": [16, 6, 15, 10], "texture": "#5"},
				"east": {"uv": [0, 6, 1, 10], "texture": "#5"},
				"west": {"uv": [15, 6, 16, 10], "texture": "#5"},
				"up": {"uv": [9, 0, 10, 1], "texture": "#5"},
				"down": {"uv": [9, 0, 10, 1], "texture": "#5"}
			}
		},
		{
			"from": [14, 10, 6.5],
			"to": [15, 12, 7],
			"rotation": {"angle": 0, "axis": "z", "origin": [11, 14.5, 6.75]},
			"faces": {
				"north": {"uv": [1, 12, 2, 10], "texture": "#5"},
				"east": {"uv": [10, 1, 12, 2], "rotation": 270, "texture": "#5"},
				"west": {"uv": [1, 10, 2, 12], "rotation": 180, "texture": "#5"},
				"up": {"uv": [11, 1, 12, 2], "rotation": 270, "texture": "#5"},
				"down": {"uv": [6, 0, 7, 1], "rotation": 270, "texture": "#5"}
			}
		},
		{
			"from": [1, 10, 6.5],
			"to": [2, 12, 7],
			"rotation": {"angle": 0, "axis": "z", "origin": [11, 14.5, 6.75]},
			"faces": {
				"north": {"uv": [1, 12, 2, 10], "texture": "#5"},
				"east": {"uv": [1, 10, 2, 12], "rotation": 180, "texture": "#5"},
				"west": {"uv": [1, 10, 2, 12], "rotation": 180, "texture": "#5"},
				"up": {"uv": [14, 4, 15, 5], "rotation": 270, "texture": "#5"},
				"down": {"uv": [6, 0, 7, 1], "rotation": 270, "texture": "#5"}
			}
		},
		{
			"from": [4, 14, 6.5],
			"to": [6, 15, 7],
			"faces": {
				"north": {"uv": [6, 1, 4, 2], "texture": "#5"},
				"east": {"uv": [9, 0, 10, 1], "texture": "#5"},
				"west": {"uv": [4, 1, 5, 2], "texture": "#5"},
				"up": {"uv": [4, 1, 6, 2], "texture": "#5"},
				"down": {"uv": [4, 1, 6, 2], "texture": "#5"}
			}
		},
		{
			"from": [10, 14, 6.5],
			"to": [12, 15, 7],
			"faces": {
				"north": {"uv": [12, 1, 10, 2], "texture": "#5"},
				"east": {"uv": [4, 1, 5, 2], "texture": "#5"},
				"west": {"uv": [6, 0, 7, 1], "texture": "#5"},
				"up": {"uv": [10, 1, 12, 2], "texture": "#5"},
				"down": {"uv": [10, 1, 12, 2], "texture": "#5"}
			}
		},
		{
			"from": [3, 13, 6.5],
			"to": [4, 14, 7],
			"faces": {
				"north": {"uv": [13, 2, 12, 3], "texture": "#5"},
				"east": {"uv": [9, 0, 10, 1], "texture": "#5"},
				"west": {"uv": [6, 0, 7, 1], "texture": "#5"},
				"up": {"uv": [12, 2, 13, 3], "texture": "#5"},
				"down": {"uv": [12, 2, 13, 3], "texture": "#5"}
			}
		},
		{
			"from": [12, 13, 6.5],
			"to": [13, 14, 7],
			"faces": {
				"north": {"uv": [4, 2, 3, 3], "texture": "#5"},
				"east": {"uv": [14, 5, 15, 6], "texture": "#5"},
				"west": {"uv": [6, 0, 7, 1], "texture": "#5"},
				"up": {"uv": [3, 2, 4, 3], "texture": "#5"},
				"down": {"uv": [3, 2, 4, 3], "texture": "#5"}
			}
		},
		{
			"from": [13, 12, 6.5],
			"to": [14, 13, 7],
			"faces": {
				"north": {"uv": [3, 3, 2, 4], "texture": "#5"},
				"east": {"uv": [9, 0, 10, 1], "texture": "#5"},
				"west": {"uv": [6, 0, 7, 1], "texture": "#5"},
				"up": {"uv": [2, 3, 3, 4], "texture": "#5"},
				"down": {"uv": [2, 3, 3, 4], "texture": "#5"}
			}
		},
		{
			"from": [2, 12, 6.5],
			"to": [3, 13, 7],
			"faces": {
				"north": {"uv": [14, 3, 13, 4], "texture": "#5"},
				"east": {"uv": [9, 0, 10, 1], "texture": "#5"},
				"west": {"uv": [6, 0, 7, 1], "texture": "#5"},
				"up": {"uv": [13, 3, 14, 4], "texture": "#5"},
				"down": {"uv": [13, 3, 14, 4], "texture": "#5"}
			}
		},
		{
			"from": [1, 4, 6.5],
			"to": [2, 6, 7],
			"rotation": {"angle": 0, "axis": "z", "origin": [8, 13.25, 6.75]},
			"faces": {
				"north": {"uv": [1, 12, 2, 10], "rotation": 180, "texture": "#5"},
				"east": {"uv": [1, 10, 2, 12], "texture": "#5"},
				"west": {"uv": [10, 1, 12, 2], "rotation": 90, "texture": "#5"},
				"up": {"uv": [6, 0, 7, 1], "rotation": 90, "texture": "#5"},
				"down": {"uv": [8, 0, 9, 1], "rotation": 90, "texture": "#5"}
			}
		},
		{
			"from": [2, 3, 6.5],
			"to": [3, 4, 7],
			"rotation": {"angle": 0, "axis": "z", "origin": [8, 13.25, 6.75]},
			"faces": {
				"north": {"uv": [2, 10, 1, 11], "rotation": 180, "texture": "#5"},
				"east": {"uv": [6, 0, 7, 1], "rotation": 180, "texture": "#5"},
				"west": {"uv": [1, 10, 2, 11], "rotation": 180, "texture": "#5"},
				"up": {"uv": [2, 3, 3, 4], "rotation": 180, "texture": "#5"},
				"down": {"uv": [1, 10, 2, 11], "rotation": 180, "texture": "#5"}
			}
		},
		{
			"from": [3, 2, 6.5],
			"to": [4, 3, 7],
			"rotation": {"angle": 0, "axis": "z", "origin": [8, 13.25, 6.75]},
			"faces": {
				"north": {"uv": [4, 2, 3, 3], "rotation": 180, "texture": "#5"},
				"east": {"uv": [6, 0, 7, 1], "rotation": 180, "texture": "#5"},
				"west": {"uv": [9, 0, 10, 1], "rotation": 180, "texture": "#5"},
				"up": {"uv": [3, 2, 4, 3], "rotation": 180, "texture": "#5"},
				"down": {"uv": [3, 2, 4, 3], "rotation": 180, "texture": "#5"}
			}
		},
		{
			"from": [4, 1, 6.5],
			"to": [6, 2, 7],
			"rotation": {"angle": 0, "axis": "z", "origin": [8, 13.25, 6.75]},
			"faces": {
				"north": {"uv": [12, 1, 10, 2], "rotation": 180, "texture": "#5"},
				"east": {"uv": [6, 0, 7, 1], "rotation": 180, "texture": "#5"},
				"west": {"uv": [1, 11, 2, 12], "rotation": 180, "texture": "#5"},
				"up": {"uv": [10, 1, 12, 2], "rotation": 180, "texture": "#5"},
				"down": {"uv": [10, 1, 12, 2], "rotation": 180, "texture": "#5"}
			}
		},
		{
			"from": [6, 0, 6.5],
			"to": [10, 1, 7],
			"rotation": {"angle": 0, "axis": "z", "origin": [8, 13.25, 6.75]},
			"faces": {
				"north": {"uv": [10, 0, 6, 1], "rotation": 180, "texture": "#5"},
				"east": {"uv": [6, 0, 7, 1], "rotation": 180, "texture": "#5"},
				"west": {"uv": [9, 0, 10, 1], "rotation": 180, "texture": "#5"},
				"up": {"uv": [6, 0, 10, 1], "rotation": 180, "texture": "#5"},
				"down": {"uv": [6, 0, 10, 1], "rotation": 180, "texture": "#5"}
			}
		},
		{
			"from": [10, 1, 6.5],
			"to": [12, 2, 7],
			"rotation": {"angle": 0, "axis": "z", "origin": [8, 13.25, 6.75]},
			"faces": {
				"north": {"uv": [6, 1, 4, 2], "rotation": 180, "texture": "#5"},
				"east": {"uv": [1, 11, 2, 12], "rotation": 90, "texture": "#5"},
				"west": {"uv": [9, 0, 10, 1], "rotation": 180, "texture": "#5"},
				"up": {"uv": [4, 1, 6, 2], "rotation": 180, "texture": "#5"},
				"down": {"uv": [4, 1, 6, 2], "rotation": 180, "texture": "#5"}
			}
		},
		{
			"from": [12, 2, 6.5],
			"to": [13, 3, 7],
			"rotation": {"angle": 0, "axis": "z", "origin": [8, 13.25, 6.75]},
			"faces": {
				"north": {"uv": [13, 2, 12, 3], "rotation": 180, "texture": "#5"},
				"east": {"uv": [6, 0, 7, 1], "rotation": 180, "texture": "#5"},
				"west": {"uv": [9, 0, 10, 1], "rotation": 180, "texture": "#5"},
				"up": {"uv": [12, 2, 13, 3], "rotation": 180, "texture": "#5"},
				"down": {"uv": [12, 2, 13, 3], "rotation": 180, "texture": "#5"}
			}
		},
		{
			"from": [13, 3, 6.5],
			"to": [14, 4, 7],
			"rotation": {"angle": 0, "axis": "z", "origin": [8, 13.25, 6.75]},
			"faces": {
				"north": {"uv": [14, 3, 13, 4], "rotation": 180, "texture": "#5"},
				"east": {"uv": [6, 0, 7, 1], "rotation": 180, "texture": "#5"},
				"west": {"uv": [9, 0, 10, 1], "rotation": 180, "texture": "#5"},
				"up": {"uv": [13, 3, 14, 4], "rotation": 180, "texture": "#5"},
				"down": {"uv": [13, 3, 14, 4], "rotation": 180, "texture": "#5"}
			}
		},
		{
			"from": [14, 4, 6.5],
			"to": [15, 6, 7],
			"rotation": {"angle": 0, "axis": "z", "origin": [8, 13.25, 6.75]},
			"faces": {
				"north": {"uv": [1, 12, 2, 10], "rotation": 180, "texture": "#5"},
				"east": {"uv": [1, 10, 2, 12], "texture": "#5"},
				"west": {"uv": [1, 10, 2, 12], "texture": "#5"},
				"up": {"uv": [1, 10, 2, 11], "rotation": 90, "texture": "#5"},
				"down": {"uv": [1, 11, 2, 12], "rotation": 90, "texture": "#5"}
			}
		},
		{
			"from": [0, 6, 7],
			"to": [16, 10, 8],
			"faces": {
				"east": {"uv": [15, 6, 16, 10], "texture": "#5"},
				"west": {"uv": [0, 6, 1, 10], "texture": "#5"},
				"up": {"uv": [0, 6, 16, 7], "texture": "#5"},
				"down": {"uv": [0, 9, 16, 10], "rotation": 180, "texture": "#5"}
			}
		},
		{
			"from": [1, 4, 7],
			"to": [15, 6, 8],
			"faces": {
				"east": {"uv": [1, 10, 2, 12], "texture": "#5"},
				"west": {"uv": [1, 10, 2, 12], "texture": "#5"},
				"up": {"uv": [0, 0, 0, 0], "texture": "#5"},
				"down": {"uv": [1, 11, 15, 12], "rotation": 180, "texture": "#5"}
			}
		},
		{
			"from": [3, 2, 7],
			"to": [13, 3, 8],
			"faces": {
				"east": {"uv": [5, 14, 6, 15], "texture": "#5"},
				"west": {"uv": [3, 13, 4, 14], "texture": "#5"},
				"up": {"uv": [0, 0, 0, 0], "texture": "#5"},
				"down": {"uv": [3, 13, 13, 14], "rotation": 180, "texture": "#5"}
			}
		},
		{
			"from": [4, 1, 7],
			"to": [12, 2, 8],
			"faces": {
				"east": {"uv": [11, 14, 12, 15], "texture": "#5"},
				"west": {"uv": [4, 14, 5, 15], "texture": "#5"},
				"up": {"uv": [0, 0, 0, 0], "texture": "#5"},
				"down": {"uv": [12, 14, 4, 15], "texture": "#5"}
			}
		},
		{
			"from": [6, 0, 7],
			"to": [10, 1, 8],
			"faces": {
				"east": {"uv": [9, 15, 10, 16], "texture": "#5"},
				"west": {"uv": [6, 15, 7, 16], "texture": "#5"},
				"up": {"uv": [0, 0, 0, 0], "texture": "#5"},
				"down": {"uv": [6, 0, 10, 1], "rotation": 180, "texture": "#5"}
			}
		},
		{
			"from": [0, 0, 7],
			"to": [16, 16, 7],
			"faces": {
				"north": {"uv": [0, 0, 16, 16], "texture": "#5"},
				"down": {"uv": [0, 0, 0, 0], "texture": "#5"}
			}
		},
		{
			"from": [0, 0, 8],
			"to": [16, 16, 8],
			"faces": {
				"north": {"uv": [0, 0, 0, 0], "texture": "#4"},
				"east": {"uv": [0, 0, 0, 0], "texture": "#4"},
				"south": {"uv": [0, 0, 16, 16], "texture": "#4"},
				"west": {"uv": [0, 0, 0, 0], "texture": "#4"},
				"up": {"uv": [0, 0, 0, 0], "texture": "#4"},
				"down": {"uv": [0, 0, 0, 0], "texture": "#4"}
			}
		},
		{
			"from": [3, 13, 7],
			"to": [13, 14, 8],
			"faces": {
				"east": {"uv": [12, 2, 13, 3], "texture": "#5"},
				"west": {"uv": [3, 2, 4, 3], "texture": "#5"},
				"up": {"uv": [3, 2, 13, 3], "texture": "#5"},
				"down": {"uv": [2, 3, 3, 13], "rotation": 90, "texture": "#5"}
			}
		},
		{
			"from": [2, 3, 7],
			"to": [14, 4, 8],
			"faces": {
				"east": {"uv": [1, 10, 2, 11], "texture": "#5"},
				"west": {"uv": [1, 10, 2, 11], "texture": "#5"},
				"up": {"uv": [2, 2, 3, 14], "rotation": 270, "texture": "#5"},
				"down": {"uv": [2, 12, 14, 13], "rotation": 180, "texture": "#5"}
			}
		},
		{
			"from": [7.5, 6, 10],
			"to": [8.5, 10, 11],
			"faces": {
				"north": {"uv": [0, 6, 1, 10], "texture": "#5"},
				"east": {"uv": [0, 6, 1, 10], "texture": "#5"},
				"south": {"uv": [0, 6, 1, 10], "texture": "#5"},
				"west": {"uv": [0, 6, 1, 10], "texture": "#5"},
				"up": {"uv": [1, 5, 2, 6], "texture": "#5"},
				"down": {"uv": [0, 8, 1, 9], "texture": "#5"}
			}
		},
		{
			"from": [7, 7, 6],
			"to": [9, 9, 7],
			"faces": {
				"north": {"uv": [7, 5, 9, 7], "texture": "#4"},
				"east": {"uv": [7, 5, 8, 7], "texture": "#4"},
				"south": {"uv": [0, 0, 2, 2], "texture": "#4"},
				"west": {"uv": [7, 5, 8, 7], "texture": "#4"},
				"up": {"uv": [7, 5, 9, 6], "texture": "#4"},
				"down": {"uv": [7, 6, 9, 7], "texture": "#4"}
			}
		},
		{
			"from": [7.5, 10, 8],
			"to": [8.5, 11, 11],
			"faces": {
				"north": {"uv": [0, 0, 1, 1], "texture": "#5"},
				"east": {"uv": [12, 5, 14, 6], "texture": "#5"},
				"south": {"uv": [9, 13, 10, 14], "texture": "#5"},
				"west": {"uv": [2, 5, 4, 6], "texture": "#5"},
				"up": {"uv": [12, 5, 14, 6], "rotation": 270, "texture": "#5"},
				"down": {"uv": [11, 6, 13, 7], "rotation": 90, "texture": "#5"}
			}
		},
		{
			"from": [7, 9.5, 8],
			"to": [9, 11.5, 8.5],
			"faces": {
				"north": {"uv": [7, 7, 9, 8], "texture": "#4"},
				"east": {"uv": [8, 7, 9, 9], "texture": "#4"},
				"south": {"uv": [7, 7, 9, 8], "texture": "#4"},
				"west": {"uv": [7, 7, 8, 9], "texture": "#4"},
				"up": {"uv": [7, 7, 9, 8], "texture": "#4"},
				"down": {"uv": [7, 8, 9, 9], "texture": "#4"}
			}
		},
		{
			"from": [7, 4.5, 8],
			"to": [9, 6.5, 8.5],
			"faces": {
				"north": {"uv": [7, 7, 9, 8], "texture": "#4"},
				"east": {"uv": [8, 7, 9, 9], "texture": "#4"},
				"south": {"uv": [7, 7, 9, 8], "texture": "#4"},
				"west": {"uv": [7, 7, 8, 9], "texture": "#4"},
				"up": {"uv": [7, 7, 9, 8], "texture": "#4"},
				"down": {"uv": [7, 8, 9, 9], "texture": "#4"}
			}
		},
		{
			"from": [7.5, 5, 8],
			"to": [8.5, 6, 11],
			"faces": {
				"north": {"uv": [0, 0, 1, 1], "texture": "#5"},
				"east": {"uv": [12, 5, 14, 6], "texture": "#5"},
				"south": {"uv": [9, 13, 10, 14], "texture": "#5"},
				"west": {"uv": [2, 5, 4, 6], "texture": "#5"},
				"up": {"uv": [12, 5, 14, 6], "rotation": 270, "texture": "#5"},
				"down": {"uv": [9, 13, 11, 14], "rotation": 90, "texture": "#5"}
			}
		}
	],
	"gui_light": "front",
	"display": {
		"thirdperson_righthand": {
			"rotation": [36, -30, 0],
			"translation": [0.75, 0, -0.5],
			"scale": [0.9, 0.9, 0.9]
		},
		"thirdperson_lefthand": {
			"rotation": [36, -30, 0],
			"translation": [0.75, 0, -0.5],
			"scale": [0.9, 0.9, 0.9]
		},
		"firstperson_righthand": {
			"rotation": [-1, -11, 0],
			"translation": [-2.25, 0.5, 2.5],
			"scale": [0.7, 0.7, 0.7]
		},
		"firstperson_lefthand": {
			"rotation": [-1, -11, 0],
			"translation": [-2.25, 0.5, 2.5],
			"scale": [0.7, 0.7, 0.7]
		},
		"ground": {
			"translation": [0, 2, 0],
			"scale": [0.5, 0.5, 0.5]
		},
		"gui": {
			"rotation": [0, -180, 0],
			"scale": [0.9, 0.9, 0.9]
		},
		"head": {
			"translation": [0, 6, -7]
		}
	}
}