{
	"providers": [
		{
			"type": "bitmap",
			"file": "minecraft:font/helmet.png",
			"ascent": 8,
			"height": 8,
			"chars": [
				"\uFff1"
			]
		},
		{
			"type": "bitmap",
			"file": "minecraft:font/chestplate.png",
			"ascent": 8,
			"height": 8,
			"chars": [
				"\uFff2"
			]
		},
		{
			"type": "bitmap",
			"file": "minecraft:font/leggings.png",
			"ascent": 8,
			"height": 8,
			"chars": [
				"\uFff3"
			]
		},
		{
			"type": "bitmap",
			"file": "minecraft:font/boots.png",
			"ascent": 8,
			"height": 8,
			"chars": [
				"\uFff4"
			]
		},
		{
			"type": "bitmap",
			"file": "minecraft:font/crossbow.png",
			"ascent": 8,
			"height": 8,
			"chars": [
				"\uFff5"
			]
		},
		{
			"type": "bitmap",
			"file": "minecraft:font/mace.png",
			"ascent": 8,
			"height": 8,
			"chars": [
				"\uFff6"
			]
		}
	]
}