{
	"credit": "Made By Geastre [Slime Studio] ",
	"texture_size": [64, 64],
	"textures": {
		"0": "item/weapons/greatswords/vanilla/wooden_sword",
		"particle": "item/weapons/greatswords/vanilla/wooden_sword"
	},
	"elements": [
		{
			"from": [4, 2, 7.5],
			"to": [5, 6, 8.5],
			"rotation": {"angle": 0, "axis": "y", "origin": [5, 6, 7.5]},
			"faces": {
				"north": {"uv": [5, 6.25, 4.75, 7.25], "texture": "#0"},
				"east": {"uv": [5.25, 6.25, 5, 7.25], "texture": "#0"},
				"south": {"uv": [5.5, 6.25, 5.25, 7.25], "texture": "#0"},
				"west": {"uv": [4.75, 6.25, 4.5, 7.25], "texture": "#0"},
				"up": {"uv": [4.75, 6.25, 5, 6], "texture": "#0"},
				"down": {"uv": [5, 6, 5.25, 6.25], "texture": "#0"}
			}
		},
		{
			"from": [2, 4, 7.5],
			"to": [4, 5, 8.5],
			"rotation": {"angle": 0, "axis": "y", "origin": [5, 6, 7.5]},
			"faces": {
				"north": {"uv": [1.75, 6.75, 1.25, 7], "texture": "#0"},
				"south": {"uv": [2.5, 6.75, 2, 7], "texture": "#0"},
				"west": {"uv": [1.25, 6.75, 1, 7], "texture": "#0"},
				"up": {"uv": [1.25, 6.75, 1.75, 6.5], "texture": "#0"}
			}
		},
		{
			"from": [0, 0, 7.5],
			"to": [4, 4, 8.5],
			"rotation": {"angle": 0, "axis": "y", "origin": [5, 6, 7.5]},
			"faces": {
				"north": {"uv": [4.25, 1.5, 3.25, 2.5], "texture": "#0"},
				"east": {"uv": [4.5, 1.5, 4.25, 2.5], "texture": "#0"},
				"south": {"uv": [5.5, 1.5, 4.5, 2.5], "texture": "#0"},
				"west": {"uv": [3.25, 1.5, 3, 2.5], "texture": "#0"},
				"up": {"uv": [3.25, 1.5, 4.25, 1.25], "texture": "#0"},
				"down": {"uv": [4.25, 1.25, 5.25, 1.5], "texture": "#0"}
			}
		},
		{
			"from": [5, 4, 7.5],
			"to": [6, 7, 8.5],
			"rotation": {"angle": 0, "axis": "y", "origin": [5, 6, 7.5]},
			"faces": {
				"north": {"uv": [4, 6.75, 3.75, 7.5], "texture": "#0"},
				"east": {"uv": [4.25, 6.75, 4, 7.5], "texture": "#0"},
				"south": {"uv": [4.5, 6.75, 4.25, 7.5], "texture": "#0"},
				"west": {"uv": [3.75, 6.75, 3.5, 7.5], "texture": "#0"},
				"up": {"uv": [3.75, 6.75, 4, 6.5], "texture": "#0"},
				"down": {"uv": [4, 6.5, 4.25, 6.75], "texture": "#0"}
			}
		},
		{
			"from": [6, 5, 7.5],
			"to": [7, 8, 8.5],
			"rotation": {"angle": 0, "axis": "y", "origin": [5, 6, 7.5]},
			"faces": {
				"north": {"uv": [3, 6.75, 2.75, 7.5], "texture": "#0"},
				"east": {"uv": [3.25, 6.75, 3, 7.5], "texture": "#0"},
				"south": {"uv": [3.5, 6.75, 3.25, 7.5], "texture": "#0"},
				"west": {"uv": [2.75, 6.75, 2.5, 7.5], "texture": "#0"},
				"up": {"uv": [2.75, 6.75, 3, 6.5], "texture": "#0"},
				"down": {"uv": [3, 6.5, 3.25, 6.75], "texture": "#0"}
			}
		},
		{
			"from": [6, 10, 7.5],
			"to": [7, 14, 8.5],
			"rotation": {"angle": 0, "axis": "y", "origin": [5, 6, 7.5]},
			"faces": {
				"north": {"uv": [6.25, 6, 6, 7], "texture": "#0"},
				"east": {"uv": [6.5, 6, 6.25, 7], "texture": "#0"},
				"south": {"uv": [6.75, 6, 6.5, 7], "texture": "#0"},
				"west": {"uv": [6, 6, 5.75, 7], "texture": "#0"},
				"up": {"uv": [6, 6, 6.25, 5.75], "texture": "#0"},
				"down": {"uv": [6.25, 5.75, 6.5, 6], "texture": "#0"}
			}
		},
		{
			"from": [5, 12, 7.5],
			"to": [6, 15, 8.5],
			"rotation": {"angle": 0, "axis": "y", "origin": [5, 6, 7.5]},
			"faces": {
				"north": {"uv": [0.5, 6.5, 0.25, 7.25], "texture": "#0"},
				"east": {"uv": [0.75, 6.5, 0.5, 7.25], "texture": "#0"},
				"south": {"uv": [1, 6.5, 0.75, 7.25], "texture": "#0"},
				"west": {"uv": [0.25, 6.5, 0, 7.25], "texture": "#0"},
				"up": {"uv": [0.25, 6.5, 0.5, 6.25], "texture": "#0"},
				"down": {"uv": [0.5, 6.25, 0.75, 6.5], "texture": "#0"}
			}
		},
		{
			"from": [11, 14, 7.5],
			"to": [12, 16, 8.5],
			"rotation": {"angle": 0, "axis": "y", "origin": [5, 6, 7.5]},
			"faces": {
				"north": {"uv": [7, 3.75, 6.75, 4.25], "texture": "#0"},
				"south": {"uv": [7.5, 3.75, 7.25, 4.25], "texture": "#0"},
				"west": {"uv": [6.75, 3.75, 6.5, 4.25], "texture": "#0"}
			}
		},
		{
			"from": [3, 14, 7.5],
			"to": [5, 16, 8.5],
			"rotation": {"angle": 0, "axis": "y", "origin": [5, 6, 7.5]},
			"faces": {
				"north": {"uv": [6.5, 4.75, 6, 5.25], "texture": "#0"},
				"east": {"uv": [6.75, 4.75, 6.5, 5.25], "texture": "#0"},
				"south": {"uv": [7.25, 4.75, 6.75, 5.25], "texture": "#0"},
				"west": {"uv": [6, 4.75, 5.75, 5.25], "texture": "#0"},
				"up": {"uv": [6, 4.75, 6.5, 4.5], "texture": "#0"},
				"down": {"uv": [6.5, 4.5, 7, 4.75], "texture": "#0"}
			}
		},
		{
			"from": [10, 16, 7.5],
			"to": [12, 18, 8.5],
			"rotation": {"angle": 0, "axis": "y", "origin": [5, 6, 7.5]},
			"faces": {
				"north": {"uv": [6.25, 1, 5.75, 1.5], "texture": "#0"},
				"east": {"uv": [6.5, 1, 6.25, 1.5], "texture": "#0"},
				"south": {"uv": [7, 1, 6.5, 1.5], "texture": "#0"},
				"west": {"uv": [5.75, 1, 5.5, 1.5], "texture": "#0"},
				"up": {"uv": [5.75, 1, 6.25, 0.75], "texture": "#0"},
				"down": {"uv": [6.25, 0.75, 6.75, 1], "texture": "#0"}
			}
		},
		{
			"from": [16, 10, 7.5],
			"to": [18, 12, 8.5],
			"rotation": {"angle": 0, "axis": "y", "origin": [5, 6, 7.5]},
			"faces": {
				"north": {"uv": [6.25, 0.25, 5.75, 0.75], "texture": "#0"},
				"east": {"uv": [6.5, 0.25, 6.25, 0.75], "texture": "#0"},
				"south": {"uv": [7, 0.25, 6.5, 0.75], "texture": "#0"},
				"west": {"uv": [5.75, 0.25, 5.5, 0.75], "texture": "#0"},
				"up": {"uv": [5.75, 0.25, 6.25, 0], "texture": "#0"},
				"down": {"uv": [6.25, 0, 6.75, 0.25], "texture": "#0"}
			}
		},
		{
			"from": [14, 3, 7.5],
			"to": [16, 5, 8.5],
			"rotation": {"angle": 0, "axis": "y", "origin": [5, 6, 7.5]},
			"faces": {
				"north": {"uv": [6.25, 1.75, 5.75, 2.25], "texture": "#0"},
				"east": {"uv": [6.5, 1.75, 6.25, 2.25], "texture": "#0"},
				"south": {"uv": [7, 1.75, 6.5, 2.25], "texture": "#0"},
				"west": {"uv": [5.75, 1.75, 5.5, 2.25], "texture": "#0"},
				"up": {"uv": [5.75, 1.75, 6.25, 1.5], "texture": "#0"},
				"down": {"uv": [6.25, 1.5, 6.75, 1.75], "texture": "#0"}
			}
		},
		{
			"from": [10, 12, 7.5],
			"to": [12, 14, 8.5],
			"rotation": {"angle": 0, "axis": "y", "origin": [5, 6, 7.5]},
			"faces": {
				"north": {"uv": [3.75, 6, 3.25, 6.5], "texture": "#0"},
				"south": {"uv": [4.5, 6, 4, 6.5], "texture": "#0"},
				"west": {"uv": [3.25, 6, 3, 6.5], "texture": "#0"},
				"up": {"uv": [3.25, 6, 3.75, 5.75], "texture": "#0"}
			}
		},
		{
			"from": [12, 10, 7.5],
			"to": [14, 12, 8.5],
			"rotation": {"angle": 0, "axis": "y", "origin": [5, 6, 7.5]},
			"faces": {
				"north": {"uv": [2.25, 6, 1.75, 6.5], "texture": "#0"},
				"east": {"uv": [2.5, 6, 2.25, 6.5], "texture": "#0"},
				"south": {"uv": [3, 6, 2.5, 6.5], "texture": "#0"},
				"down": {"uv": [2.25, 5.75, 2.75, 6], "texture": "#0"}
			}
		},
		{
			"from": [7, 12, 7.5],
			"to": [8, 13, 8.5],
			"rotation": {"angle": 0, "axis": "y", "origin": [5, 6, 7.5]},
			"faces": {
				"north": {"uv": [8, 3.75, 7.75, 4], "texture": "#0"},
				"east": {"uv": [8.25, 3.75, 8, 4], "texture": "#0"},
				"south": {"uv": [8.5, 3.75, 8.25, 4], "texture": "#0"},
				"up": {"uv": [7.75, 3.75, 8, 3.5], "texture": "#0"}
			}
		},
		{
			"from": [4, 13, 7.5],
			"to": [5, 14, 8.5],
			"rotation": {"angle": 0, "axis": "y", "origin": [5, 6, 7.5]},
			"faces": {
				"north": {"uv": [2.75, 7.75, 2.5, 8], "texture": "#0"},
				"south": {"uv": [3.25, 7.75, 3, 8], "texture": "#0"},
				"west": {"uv": [2.5, 7.75, 2.25, 8], "texture": "#0"},
				"down": {"uv": [2.75, 7.5, 3, 7.75], "texture": "#0"}
			}
		},
		{
			"from": [12, 7, 7.5],
			"to": [13, 8, 8.5],
			"rotation": {"angle": 0, "axis": "y", "origin": [5, 6, 7.5]},
			"faces": {
				"north": {"uv": [8, 1.75, 7.75, 2], "texture": "#0"},
				"east": {"uv": [8.25, 1.75, 8, 2], "texture": "#0"},
				"south": {"uv": [8.5, 1.75, 8.25, 2], "texture": "#0"},
				"up": {"uv": [7.75, 1.75, 8, 1.5], "texture": "#0"}
			}
		},
		{
			"from": [12, 9, 7.5],
			"to": [13, 10, 8.5],
			"rotation": {"angle": 0, "axis": "y", "origin": [5, 6, 7.5]},
			"faces": {
				"north": {"uv": [1.25, 7.75, 1, 8], "texture": "#0"},
				"east": {"uv": [1.5, 7.75, 1.25, 8], "texture": "#0"},
				"south": {"uv": [1.75, 7.75, 1.5, 8], "texture": "#0"},
				"down": {"uv": [1.25, 7.5, 1.5, 7.75], "texture": "#0"}
			}
		},
		{
			"from": [9, 12, 7.5],
			"to": [10, 13, 8.5],
			"rotation": {"angle": 0, "axis": "y", "origin": [5, 6, 7.5]},
			"faces": {
				"north": {"uv": [7.5, 7.5, 7.25, 7.75], "texture": "#0"},
				"south": {"uv": [8, 7.5, 7.75, 7.75], "texture": "#0"},
				"west": {"uv": [7.25, 7.5, 7, 7.75], "texture": "#0"},
				"up": {"uv": [7.25, 7.5, 7.5, 7.25], "texture": "#0"}
			}
		},
		{
			"from": [13, 18, 7.5],
			"to": [14, 19, 8.5],
			"rotation": {"angle": 0, "axis": "y", "origin": [5, 6, 7.5]},
			"faces": {
				"north": {"uv": [6.5, 7.5, 6.25, 7.75], "texture": "#0"},
				"east": {"uv": [6.75, 7.5, 6.5, 7.75], "texture": "#0"},
				"south": {"uv": [7, 7.5, 6.75, 7.75], "texture": "#0"},
				"west": {"uv": [6.25, 7.5, 6, 7.75], "texture": "#0"},
				"up": {"uv": [6.25, 7.5, 6.5, 7.25], "texture": "#0"},
				"down": {"uv": [6.5, 7.25, 6.75, 7.5], "texture": "#0"}
			}
		},
		{
			"from": [14, 17, 7.5],
			"to": [15, 18, 8.5],
			"rotation": {"angle": 0, "axis": "y", "origin": [5, 6, 7.5]},
			"faces": {
				"north": {"uv": [7.75, 5, 7.5, 5.25], "texture": "#0"},
				"south": {"uv": [8.25, 5, 8, 5.25], "texture": "#0"},
				"west": {"uv": [7.5, 5, 7.25, 5.25], "texture": "#0"},
				"up": {"uv": [7.5, 5, 7.75, 4.75], "texture": "#0"}
			}
		},
		{
			"from": [17, 14, 7.5],
			"to": [18, 15, 8.5],
			"rotation": {"angle": 0, "axis": "y", "origin": [5, 6, 7.5]},
			"faces": {
				"north": {"uv": [4.75, 7.5, 4.5, 7.75], "texture": "#0"},
				"east": {"uv": [5, 7.5, 4.75, 7.75], "texture": "#0"},
				"south": {"uv": [5.25, 7.5, 5, 7.75], "texture": "#0"},
				"down": {"uv": [4.75, 7.25, 5, 7.5], "texture": "#0"}
			}
		},
		{
			"from": [18, 13, 7.5],
			"to": [19, 14, 8.5],
			"rotation": {"angle": 0, "axis": "y", "origin": [5, 6, 7.5]},
			"faces": {
				"north": {"uv": [7.75, 3.25, 7.5, 3.5], "texture": "#0"},
				"east": {"uv": [8, 3.25, 7.75, 3.5], "texture": "#0"},
				"south": {"uv": [8.25, 3.25, 8, 3.5], "texture": "#0"},
				"west": {"uv": [7.5, 3.25, 7.25, 3.5], "texture": "#0"},
				"up": {"uv": [7.5, 3.25, 7.75, 3], "texture": "#0"},
				"down": {"uv": [7.75, 3, 8, 3.25], "texture": "#0"}
			}
		},
		{
			"from": [19, 16, 7.5],
			"to": [20, 17, 8.5],
			"rotation": {"angle": 0, "axis": "y", "origin": [5, 6, 7.5]},
			"faces": {
				"north": {"uv": [7.75, 2.75, 7.5, 3], "texture": "#0"},
				"east": {"uv": [8, 2.75, 7.75, 3], "texture": "#0"},
				"south": {"uv": [8.25, 2.75, 8, 3], "texture": "#0"},
				"down": {"uv": [7.75, 2.5, 8, 2.75], "texture": "#0"}
			}
		},
		{
			"from": [20, 17, 7.5],
			"to": [21, 18, 8.5],
			"rotation": {"angle": 0, "axis": "y", "origin": [5, 6, 7.5]},
			"faces": {
				"north": {"uv": [2, 7.5, 1.75, 7.75], "texture": "#0"},
				"east": {"uv": [2.25, 7.5, 2, 7.75], "texture": "#0"},
				"south": {"uv": [2.5, 7.5, 2.25, 7.75], "texture": "#0"},
				"down": {"uv": [2, 7.25, 2.25, 7.5], "texture": "#0"}
			}
		},
		{
			"from": [22, 19, 7.5],
			"to": [23, 20, 8.5],
			"rotation": {"angle": 0, "axis": "y", "origin": [5, 6, 7.5]},
			"faces": {
				"north": {"uv": [0.5, 7.5, 0.25, 7.75], "texture": "#0"},
				"east": {"uv": [0.75, 7.5, 0.5, 7.75], "texture": "#0"},
				"south": {"uv": [1, 7.5, 0.75, 7.75], "texture": "#0"},
				"down": {"uv": [0.5, 7.25, 0.75, 7.5], "texture": "#0"}
			}
		},
		{
			"from": [24, 21, 7.5],
			"to": [25, 22, 8.5],
			"rotation": {"angle": 0, "axis": "y", "origin": [5, 6, 7.5]},
			"faces": {
				"north": {"uv": [5.75, 7.25, 5.5, 7.5], "texture": "#0"},
				"east": {"uv": [6, 7.25, 5.75, 7.5], "texture": "#0"},
				"south": {"uv": [6.25, 7.25, 6, 7.5], "texture": "#0"},
				"down": {"uv": [5.75, 7, 6, 7.25], "texture": "#0"}
			}
		},
		{
			"from": [26, 23, 7.5],
			"to": [27, 24, 8.5],
			"rotation": {"angle": 0, "axis": "y", "origin": [5, 6, 7.5]},
			"faces": {
				"north": {"uv": [7.5, 4.5, 7.25, 4.75], "texture": "#0"},
				"east": {"uv": [7.75, 4.5, 7.5, 4.75], "texture": "#0"},
				"south": {"uv": [8, 4.5, 7.75, 4.75], "texture": "#0"},
				"down": {"uv": [7.5, 4.25, 7.75, 4.5], "texture": "#0"}
			}
		},
		{
			"from": [28, 25, 7.5],
			"to": [29, 26, 8.5],
			"rotation": {"angle": 0, "axis": "y", "origin": [5, 6, 7.5]},
			"faces": {
				"north": {"uv": [1.25, 7.25, 1, 7.5], "texture": "#0"},
				"east": {"uv": [1.5, 7.25, 1.25, 7.5], "texture": "#0"},
				"south": {"uv": [1.75, 7.25, 1.5, 7.5], "texture": "#0"},
				"down": {"uv": [1.25, 7, 1.5, 7.25], "texture": "#0"}
			}
		},
		{
			"from": [30, 27, 7.5],
			"to": [31, 28, 8.5],
			"rotation": {"angle": 0, "axis": "y", "origin": [5, 6, 7.5]},
			"faces": {
				"north": {"uv": [7.5, 0.25, 7.25, 0.5], "texture": "#0"},
				"east": {"uv": [7.75, 0.25, 7.5, 0.5], "texture": "#0"},
				"south": {"uv": [8, 0.25, 7.75, 0.5], "texture": "#0"},
				"down": {"uv": [7.5, 0, 7.75, 0.25], "texture": "#0"}
			}
		},
		{
			"from": [17, 20, 7.5],
			"to": [18, 21, 8.5],
			"rotation": {"angle": 0, "axis": "y", "origin": [5, 6, 7.5]},
			"faces": {
				"north": {"uv": [7.25, 0.75, 7, 1], "texture": "#0"},
				"south": {"uv": [7.75, 0.75, 7.5, 1], "texture": "#0"},
				"west": {"uv": [7, 0.75, 6.75, 1], "texture": "#0"},
				"up": {"uv": [7, 0.75, 7.25, 0.5], "texture": "#0"}
			}
		},
		{
			"from": [16, 19, 7.5],
			"to": [17, 20, 8.5],
			"rotation": {"angle": 0, "axis": "y", "origin": [5, 6, 7.5]},
			"faces": {
				"north": {"uv": [7, 3, 6.75, 3.25], "texture": "#0"},
				"south": {"uv": [7.5, 3, 7.25, 3.25], "texture": "#0"},
				"west": {"uv": [6.75, 3, 6.5, 3.25], "texture": "#0"},
				"up": {"uv": [6.75, 3, 7, 2.75], "texture": "#0"}
			}
		},
		{
			"from": [19, 22, 7.5],
			"to": [20, 23, 8.5],
			"rotation": {"angle": 0, "axis": "y", "origin": [5, 6, 7.5]},
			"faces": {
				"north": {"uv": [7.25, 1.5, 7, 1.75], "texture": "#0"},
				"south": {"uv": [7.75, 1.5, 7.5, 1.75], "texture": "#0"},
				"west": {"uv": [7, 1.5, 6.75, 1.75], "texture": "#0"},
				"up": {"uv": [7, 1.5, 7.25, 1.25], "texture": "#0"}
			}
		},
		{
			"from": [21, 24, 7.5],
			"to": [22, 25, 8.5],
			"rotation": {"angle": 0, "axis": "y", "origin": [5, 6, 7.5]},
			"faces": {
				"north": {"uv": [7.25, 2.25, 7, 2.5], "texture": "#0"},
				"south": {"uv": [7.75, 2.25, 7.5, 2.5], "texture": "#0"},
				"west": {"uv": [7, 2.25, 6.75, 2.5], "texture": "#0"},
				"up": {"uv": [7, 2.25, 7.25, 2], "texture": "#0"}
			}
		},
		{
			"from": [23, 26, 7.5],
			"to": [24, 27, 8.5],
			"rotation": {"angle": 0, "axis": "y", "origin": [5, 6, 7.5]},
			"faces": {
				"north": {"uv": [7.25, 6, 7, 6.25], "texture": "#0"},
				"south": {"uv": [7.75, 6, 7.5, 6.25], "texture": "#0"},
				"west": {"uv": [7, 6, 6.75, 6.25], "texture": "#0"},
				"up": {"uv": [7, 6, 7.25, 5.75], "texture": "#0"}
			}
		},
		{
			"from": [25, 28, 7.5],
			"to": [26, 29, 8.5],
			"rotation": {"angle": 0, "axis": "y", "origin": [5, 6, 7.5]},
			"faces": {
				"north": {"uv": [7.25, 6.5, 7, 6.75], "texture": "#0"},
				"south": {"uv": [7.75, 6.5, 7.5, 6.75], "texture": "#0"},
				"west": {"uv": [7, 6.5, 6.75, 6.75], "texture": "#0"},
				"up": {"uv": [7, 6.5, 7.25, 6.25], "texture": "#0"}
			}
		},
		{
			"from": [27, 30, 7.5],
			"to": [28, 31, 8.5],
			"rotation": {"angle": 0, "axis": "y", "origin": [5, 6, 7.5]},
			"faces": {
				"north": {"uv": [7, 7, 6.75, 7.25], "texture": "#0"},
				"south": {"uv": [7.5, 7, 7.25, 7.25], "texture": "#0"},
				"west": {"uv": [6.75, 7, 6.5, 7.25], "texture": "#0"},
				"up": {"uv": [6.75, 7, 7, 6.75], "texture": "#0"}
			}
		},
		{
			"from": [13, 4, 7.5],
			"to": [14, 5, 8.5],
			"rotation": {"angle": 0, "axis": "y", "origin": [5, 6, 7.5]},
			"faces": {
				"north": {"uv": [8, 1, 7.75, 1.25], "texture": "#0"},
				"south": {"uv": [8.5, 1, 8.25, 1.25], "texture": "#0"},
				"west": {"uv": [7.75, 1, 7.5, 1.25], "texture": "#0"},
				"down": {"uv": [8, 0.75, 8.25, 1], "texture": "#0"}
			}
		},
		{
			"from": [10, 6, 7.5],
			"to": [14, 7, 8.5],
			"rotation": {"angle": 0, "axis": "y", "origin": [5, 6, 7.5]},
			"faces": {
				"north": {"uv": [5.5, 4.25, 4.5, 4.5], "texture": "#0"},
				"east": {"uv": [5.75, 4.25, 5.5, 4.5], "texture": "#0"},
				"south": {"uv": [6.75, 4.25, 5.75, 4.5], "texture": "#0"},
				"west": {"uv": [4.5, 4.25, 4.25, 4.5], "texture": "#0"},
				"up": {"uv": [4.5, 4.25, 5.5, 4], "texture": "#0"},
				"down": {"uv": [5.5, 4, 6.5, 4.25], "texture": "#0"}
			}
		},
		{
			"from": [12, 5, 7.5],
			"to": [15, 6, 8.5],
			"rotation": {"angle": 0, "axis": "y", "origin": [5, 6, 7.5]},
			"faces": {
				"north": {"uv": [1, 4.5, 0.25, 4.75], "texture": "#0"},
				"east": {"uv": [1.25, 4.5, 1, 4.75], "texture": "#0"},
				"south": {"uv": [2, 4.5, 1.25, 4.75], "texture": "#0"},
				"west": {"uv": [0.25, 4.5, 0, 4.75], "texture": "#0"},
				"up": {"uv": [0.25, 4.5, 1, 4.25], "texture": "#0"},
				"down": {"uv": [1, 4.25, 1.75, 4.5], "texture": "#0"}
			}
		},
		{
			"from": [14, 11, 7.5],
			"to": [16, 12, 8.5],
			"rotation": {"angle": 0, "axis": "y", "origin": [5, 6, 7.5]},
			"faces": {
				"north": {"uv": [6.75, 5.5, 6.25, 5.75], "texture": "#0"},
				"south": {"uv": [7.5, 5.5, 7, 5.75], "texture": "#0"},
				"down": {"uv": [6.75, 5.25, 7.25, 5.5], "texture": "#0"}
			}
		},
		{
			"from": [7, 6, 7.5],
			"to": [8, 7, 8.5],
			"rotation": {"angle": 0, "axis": "y", "origin": [5, 6, 7.5]},
			"faces": {
				"north": {"uv": [3.75, 7.75, 3.5, 8], "texture": "#0"},
				"east": {"uv": [4, 7.75, 3.75, 8], "texture": "#0"},
				"south": {"uv": [4.25, 7.75, 4, 8], "texture": "#0"},
				"down": {"uv": [3.75, 7.5, 4, 7.75], "texture": "#0"}
			}
		},
		{
			"from": [7, 7, 7.5],
			"to": [12, 12, 8.5],
			"rotation": {"angle": 0, "axis": "y", "origin": [5, 6, 7.5]},
			"faces": {
				"north": {"uv": [1.5, 0.25, 0.25, 1.5], "texture": "#0"},
				"east": {"uv": [1.75, 0.25, 1.5, 1.5], "texture": "#0"},
				"south": {"uv": [3, 0.25, 1.75, 1.5], "texture": "#0"},
				"west": {"uv": [0.25, 0.25, 0, 1.5], "texture": "#0"},
				"up": {"uv": [0.25, 0.25, 1.5, 0], "texture": "#0"},
				"down": {"uv": [1.5, 0, 2.75, 0.25], "texture": "#0"}
			}
		},
		{
			"from": [12, 12, 7.5],
			"to": [17, 17, 8.5],
			"rotation": {"angle": 0, "axis": "y", "origin": [5, 6, 7.5]},
			"faces": {
				"north": {"uv": [1.5, 1.75, 0.25, 3], "texture": "#0"},
				"east": {"uv": [1.75, 1.75, 1.5, 3], "texture": "#0"},
				"south": {"uv": [3, 1.75, 1.75, 3], "texture": "#0"},
				"up": {"uv": [0.25, 1.75, 1.5, 1.5], "texture": "#0"}
			}
		},
		{
			"from": [28, 28, 7.5],
			"to": [32, 32, 8.5],
			"rotation": {"angle": 0, "axis": "y", "origin": [5, 6, 7.5]},
			"faces": {
				"north": {"uv": [4.25, 0.25, 3.25, 1.25], "texture": "#0"},
				"east": {"uv": [4.5, 0.25, 4.25, 1.25], "texture": "#0"},
				"south": {"uv": [5.5, 0.25, 4.5, 1.25], "texture": "#0"},
				"west": {"uv": [3.25, 0.25, 3, 1.25], "texture": "#0"},
				"up": {"uv": [3.25, 0.25, 4.25, 0], "texture": "#0"},
				"down": {"uv": [4.25, 0, 5.25, 0.25], "texture": "#0"}
			}
		},
		{
			"from": [24, 24, 7.5],
			"to": [28, 28, 8.5],
			"rotation": {"angle": 0, "axis": "y", "origin": [5, 6, 7.5]},
			"faces": {
				"north": {"uv": [1.25, 3.25, 0.25, 4.25], "texture": "#0"},
				"east": {"uv": [1.5, 3.25, 1.25, 4.25], "texture": "#0"},
				"south": {"uv": [2.5, 3.25, 1.5, 4.25], "texture": "#0"},
				"west": {"uv": [0.25, 3.25, 0, 4.25], "texture": "#0"},
				"up": {"uv": [0.25, 3.25, 1.25, 3], "texture": "#0"},
				"down": {"uv": [1.25, 3, 2.25, 3.25], "texture": "#0"}
			}
		},
		{
			"from": [20, 20, 7.5],
			"to": [24, 24, 8.5],
			"rotation": {"angle": 0, "axis": "y", "origin": [5, 6, 7.5]},
			"faces": {
				"north": {"uv": [4, 3, 3, 4], "texture": "#0"},
				"east": {"uv": [4.25, 3, 4, 4], "texture": "#0"},
				"south": {"uv": [5.25, 3, 4.25, 4], "texture": "#0"},
				"west": {"uv": [3, 3, 2.75, 4], "texture": "#0"},
				"up": {"uv": [3, 3, 4, 2.75], "texture": "#0"},
				"down": {"uv": [4, 2.75, 5, 3], "texture": "#0"}
			}
		},
		{
			"from": [17, 17, 7.5],
			"to": [20, 20, 8.5],
			"rotation": {"angle": 0, "axis": "y", "origin": [5, 6, 7.5]},
			"faces": {
				"north": {"uv": [3.25, 4.25, 2.5, 5], "texture": "#0"},
				"south": {"uv": [4.25, 4.25, 3.5, 5], "texture": "#0"}
			}
		},
		{
			"from": [15, 17, 7.5],
			"to": [17, 19, 8.5],
			"rotation": {"angle": 0, "axis": "y", "origin": [5, 6, 7.5]},
			"faces": {
				"north": {"uv": [0.75, 5.75, 0.25, 6.25], "texture": "#0"},
				"south": {"uv": [1.5, 5.75, 1, 6.25], "texture": "#0"},
				"west": {"uv": [0.25, 5.75, 0, 6.25], "texture": "#0"},
				"up": {"uv": [0.25, 5.75, 0.75, 5.5], "texture": "#0"}
			}
		},
		{
			"from": [17, 15, 7.5],
			"to": [19, 17, 8.5],
			"rotation": {"angle": 0, "axis": "y", "origin": [5, 6, 7.5]},
			"faces": {
				"north": {"uv": [5.25, 5.5, 4.75, 6], "texture": "#0"},
				"east": {"uv": [5.5, 5.5, 5.25, 6], "texture": "#0"},
				"south": {"uv": [6, 5.5, 5.5, 6], "texture": "#0"},
				"down": {"uv": [5.25, 5.25, 5.75, 5.5], "texture": "#0"}
			}
		},
		{
			"from": [20, 18, 7.5],
			"to": [22, 20, 8.5],
			"rotation": {"angle": 0, "axis": "y", "origin": [5, 6, 7.5]},
			"faces": {
				"north": {"uv": [6, 3.25, 5.5, 3.75], "texture": "#0"},
				"east": {"uv": [6.25, 3.25, 6, 3.75], "texture": "#0"},
				"south": {"uv": [6.75, 3.25, 6.25, 3.75], "texture": "#0"},
				"down": {"uv": [6, 3, 6.5, 3.25], "texture": "#0"}
			}
		},
		{
			"from": [18, 20, 7.5],
			"to": [20, 22, 8.5],
			"rotation": {"angle": 0, "axis": "y", "origin": [5, 6, 7.5]},
			"faces": {
				"north": {"uv": [2.25, 5.25, 1.75, 5.75], "texture": "#0"},
				"south": {"uv": [3, 5.25, 2.5, 5.75], "texture": "#0"},
				"west": {"uv": [1.75, 5.25, 1.5, 5.75], "texture": "#0"},
				"up": {"uv": [1.75, 5.25, 2.25, 5], "texture": "#0"}
			}
		},
		{
			"from": [24, 22, 7.5],
			"to": [26, 24, 8.5],
			"rotation": {"angle": 0, "axis": "y", "origin": [5, 6, 7.5]},
			"faces": {
				"north": {"uv": [6, 2.5, 5.5, 3], "texture": "#0"},
				"east": {"uv": [6.25, 2.5, 6, 3], "texture": "#0"},
				"south": {"uv": [6.75, 2.5, 6.25, 3], "texture": "#0"},
				"down": {"uv": [6, 2.25, 6.5, 2.5], "texture": "#0"}
			}
		},
		{
			"from": [22, 24, 7.5],
			"to": [24, 26, 8.5],
			"rotation": {"angle": 0, "axis": "y", "origin": [5, 6, 7.5]},
			"faces": {
				"north": {"uv": [0.75, 5, 0.25, 5.5], "texture": "#0"},
				"south": {"uv": [1.5, 5, 1, 5.5], "texture": "#0"},
				"west": {"uv": [0.25, 5, 0, 5.5], "texture": "#0"},
				"up": {"uv": [0.25, 5, 0.75, 4.75], "texture": "#0"}
			}
		},
		{
			"from": [28, 26, 7.5],
			"to": [30, 28, 8.5],
			"rotation": {"angle": 0, "axis": "y", "origin": [5, 6, 7.5]},
			"faces": {
				"north": {"uv": [3.75, 5.25, 3.25, 5.75], "texture": "#0"},
				"east": {"uv": [4, 5.25, 3.75, 5.75], "texture": "#0"},
				"south": {"uv": [4.5, 5.25, 4, 5.75], "texture": "#0"},
				"down": {"uv": [3.75, 5, 4.25, 5.25], "texture": "#0"}
			}
		},
		{
			"from": [26, 28, 7.5],
			"to": [28, 30, 8.5],
			"rotation": {"angle": 0, "axis": "y", "origin": [5, 6, 7.5]},
			"faces": {
				"north": {"uv": [5, 4.75, 4.5, 5.25], "texture": "#0"},
				"south": {"uv": [5.75, 4.75, 5.25, 5.25], "texture": "#0"},
				"west": {"uv": [4.5, 4.75, 4.25, 5.25], "texture": "#0"},
				"up": {"uv": [4.5, 4.75, 5, 4.5], "texture": "#0"}
			}
		}
	],
	"gui_light": "front",
	"display": {
		"thirdperson_righthand": {
			"rotation": [-45, -90, 0],
			"translation": [0, 0.75, 1.75],
			"scale": [0.75, 0.75, 0.75]
		},
		"thirdperson_lefthand": {
			"rotation": [0, 91, -45],
			"translation": [0, 0.75, 1.75],
			"scale": [0.75, 0.75, 0.75]
		},
		"firstperson_righthand": {
			"rotation": [47.98, -83.48, 74.75],
			"translation": [0, 1.75, 1],
			"scale": [0.5, 0.5, 0.5]
		},
		"firstperson_lefthand": {
			"rotation": [-116.49, 81.48, 92.37],
			"translation": [0, 1.75, 1],
			"scale": [0.5, 0.5, 0.5]
		},
		"ground": {
			"scale": [0.5, 0.5, 0.5]
		},
		"gui": {
			"translation": [-4, -4, 0],
			"scale": [0.5, 0.5, 0.5]
		},
		"fixed": {
			"rotation": [-180, 0, -180],
			"translation": [6, -6, 0],
			"scale": [0.75, 0.75, 0.75]
		}
	}
}