{
    "parent": "minecraft:item/generated", 
    "textures": {
        "layer0": "item/diamond_axe"
    },
	"overrides": [
		{ "predicate": { "custom_model_data": 1}, "model": "item/diamond_axe/groundgorge" },
		{ "predicate": { "custom_model_data": 1}, "model": "item/diamond_axe/woodenhammer" },
		{ "predicate": { "custom_model_data": 1}, "model": "item/diamond_axe/iceaxe" },
		{ "predicate": { "custom_model_data": 1}, "model": "item/diamond_axe/bambooaxe" },
		{ "predicate": { "custom_model_data": 1}, "model": "item/diamond_axe/flameaxe" },
		{ "predicate": { "custom_model_data": 1}, "model": "item/diamond_axe/greenaxe" },
		{ "predicate": { "custom_model_data": 1}, "model": "item/diamond_axe/purplehammer" },
		{ "predicate": { "custom_model_data": 1}, "model": "item/diamond_axe/allelementsaxe" },
		{ "predicate": { "custom_model_data": 1}, "model": "item/diamond_axe/hammeraxe" }
    ]
}