{
	"credit": "Made with Blockbench",
	"parent": "item/handheld",
	"textures": {
		"layer0": "item/weapons/dagger/cherryruby_reaver"
	},
	"display": {
		"thirdperson_righthand": {
			"rotation": [0, 90, 45],
			"translation": [0, 2.25, 1.75],
			"scale": [0.75, 0.75, 1]
		},
		"thirdperson_lefthand": {
			"rotation": [118, 90, -45],
			"translation": [-0.75, -4.75, 4.75],
			"scale": [0.65, 0.65, 0.65]
		},
		"firstperson_righthand": {
			"rotation": [0, 90, 33],
			"translation": [0.5, 2.25, 0.5],
			"scale": [0.75, 0.75, 0.65]
		},
		"firstperson_lefthand": {
			"rotation": [44, -94, 180],
			"translation": [2.25, 4.5, 6],
			"scale": [0.65, 0.65, 0.65]
		},
		"ground": {
			"translation": [0, 1, 0],
			"scale": [0.75, 0.75, 0.75]
		},
		"gui": {
			"translation": [0, -0.25, 0],
			"scale": [1.25, 1.25, 1]
		},
		"head": {
			"rotation": [0, 0, 45],
			"translation": [0, 12.25, 0],
			"scale": [0.65, 0.65, 0.65]
		}
	}
}