{
	"credit": "Made by samus2002",
	"texture_size": [64, 64],
	"textures": {
		"0": "item/weapons/dagger/legendary/demondagger",
		"particle": "item/weapons/dagger/legendary/demondagger"
	},
	"elements": [
		{
			"from": [7.75, -0.25, 7.25],
			"to": [8.25, 6, 8.75],
			"rotation": {"angle": 0, "axis": "y", "origin": [8, 7.75, 8.25]},
			"faces": {
				"north": {"uv": [3.758, 5.258, 4.125, 6.492], "texture": "#0"},
				"east": {"uv": [5.758, 5.008, 6.125, 6.242], "texture": "#0"},
				"south": {"uv": [0.008, 6.258, 0.375, 7.492], "texture": "#0"},
				"west": {"uv": [6.258, 0.008, 6.625, 1.242], "texture": "#0"},
				"up": {"uv": [5.375, 7.375, 5.008, 7.008], "texture": "#0"},
				"down": {"uv": [3.375, 7.258, 3.008, 7.625], "texture": "#0"}
			}
		},
		{
			"from": [7.25, 5.5, 6.75],
			"to": [8.75, 6, 9.25],
			"rotation": {"angle": 0, "axis": "y", "origin": [8, 7.25, 7.25]},
			"faces": {
				"north": {"uv": [6.258, 1.508, 6.742, 1.992], "texture": "#0"},
				"east": {"uv": [5.008, 3.508, 5.992, 3.992], "texture": "#0"},
				"south": {"uv": [6.258, 2.258, 6.742, 2.742], "texture": "#0"},
				"west": {"uv": [5.008, 4.258, 5.992, 4.742], "texture": "#0"},
				"up": {"uv": [5.492, 5.992, 5.008, 5.008], "texture": "#0"},
				"down": {"uv": [3.492, 5.258, 3.008, 6.242], "texture": "#0"}
			}
		},
		{
			"from": [7.75, 6, 7.25],
			"to": [8.25, 16.25, 8.75],
			"rotation": {"angle": 0, "axis": "y", "origin": [8, 5.75, 7.75]},
			"faces": {
				"north": {"uv": [4.508, 5.258, 4.625, 8.742], "texture": "#0"},
				"east": {"uv": [1.508, 4.508, 1.992, 7.992], "texture": "#0"},
				"south": {"uv": [0.758, 6.258, 0.875, 9.742], "texture": "#0"},
				"west": {"uv": [2.258, 4.508, 2.742, 7.992], "texture": "#0"},
				"up": {"uv": [3.125, 4.992, 3.008, 4.508], "texture": "#0"},
				"down": {"uv": [5.875, 7.258, 5.758, 7.742], "texture": "#0"}
			}
		},
		{
			"from": [8, 6.25, 6.25],
			"to": [8, 18.25, 9.75],
			"rotation": {"angle": 0, "axis": "y", "origin": [8, 6, 7.75]},
			"faces": {
				"north": {"uv": [7.758, 0.008, 7.742, 4.242], "texture": "#0"},
				"east": {"uv": [3.242, 0, 1.758, 4.242], "texture": "#0"},
				"south": {"uv": [0.258, 7.758, 0.242, 11.992], "texture": "#0"},
				"west": {"uv": [1.758, 0.008, 3.242, 4.242], "texture": "#0"},
				"up": {"uv": [0.508, 9.242, 0.492, 7.758], "texture": "#0"},
				"down": {"uv": [5.008, 7.758, 4.992, 9.242], "texture": "#0"}
			}
		}
	],
	"gui_light": "front",
	"display": {
		"thirdperson_righthand": {
			"translation": [0, 2.75, 1.25]
		},
		"thirdperson_lefthand": {
			"rotation": [106, 0, 0],
			"translation": [0, -4.75, 4.5],
			"scale": [0.65, 0.65, 0.65]
		},
		"firstperson_righthand": {
			"translation": [0, 2.5, 0],
			"scale": [0.75, 0.75, 0.75]
		},
		"firstperson_lefthand": {
			"translation": [0, 1.5, 1.25],
			"scale": [0, 0, 0]
		},
		"ground": {
			"translation": [0, 4.5, 0],
			"scale": [0.6, 0.6, 0.6]
		},
		"gui": {
			"rotation": [90, 45, -90]
		},
		"head": {
			"translation": [0, 10, 0]
		},
		"fixed": {
			"rotation": [90, -45, 90]
		}
	}
}