{
	"credit": "Made by samus2002",
	"textures": {
		"0": "item/samurai_texture/bloody_slash_2",
		"particle": "item/samurai_texture/bloody_slash_2"
	},
	"elements": [
		{
			"from": [-10, 8, -9.5],
			"to": [25, 8, 25.5],
			"rotation": {"angle": 0, "axis": "y", "origin": [8, 8, 8]},
			"faces": {
				"north": {"uv": [0, 0, 16, 0], "texture": "#0"},
				"east": {"uv": [0, 0, 16, 0], "texture": "#0"},
				"south": {"uv": [0, 0, 16, 0], "texture": "#0"},
				"west": {"uv": [0, 0, 16, 0], "texture": "#0"},
				"up": {"uv": [0, 0, 16, 16], "rotation": 180, "texture": "#0"},
				"down": {"uv": [0, 16, 16, 0], "rotation": 180, "texture": "#0"}
			}
		}
	],
	"display": {
		"thirdperson_righthand": {
			"rotation": [90, 180, 0],
			"translation": [-6.5, -37.5, 2.75],
			"scale": [3, 3, 3]
		}
	}
}