{
	"credit": "Made by samus2002",
	"texture_size": [64, 64],
	"textures": {
		"0": "item/samurai_texture/smoke_bomb_smoke_4",
		"particle": "item/samurai_texture/smoke_bomb_smoke_4"
	},
	"elements": [
		{
			"from": [-7.02681, -5.82467, 8],
			"to": [23.02681, 21.82467, 8],
			"rotation": {"angle": 0, "axis": "y", "origin": [8, 8, 8]},
			"faces": {
				"north": {"uv": [0, 0, 6.25, 5.75], "texture": "#0"},
				"east": {"uv": [6.5, 0, 6.5, 5.75], "texture": "#0"},
				"south": {"uv": [6.25, 0, 0, 5.75], "texture": "#0"},
				"west": {"uv": [6.5, 6, 6.5, 11.75], "texture": "#0"},
				"up": {"uv": [13, 0, 6.75, 0], "texture": "#0"},
				"down": {"uv": [13, 0.25, 6.75, 0.25], "texture": "#0"}
			}
		},
		{
			"from": [8, -5.82467, -7.02681],
			"to": [8, 21.82467, 23.02681],
			"rotation": {"angle": 0, "axis": "y", "origin": [8, 8, 8]},
			"faces": {
				"north": {"uv": [6.5, 6, 6.5, 11.75], "texture": "#0"},
				"east": {"uv": [0, 0, 6.25, 5.75], "texture": "#0"},
				"south": {"uv": [6.5, 0, 6.5, 5.75], "texture": "#0"},
				"west": {"uv": [6.25, 0, 0, 5.75], "texture": "#0"},
				"up": {"uv": [13, 0, 6.75, 0], "rotation": 90, "texture": "#0"},
				"down": {"uv": [13, 0.25, 6.75, 0.25], "rotation": 270, "texture": "#0"}
			}
		}
	],
	"display": {
		"thirdperson_righthand": {
			"rotation": [90, 0, 0],
			"translation": [-6.75, -1.75, 4],
			"scale": [2, 2, 2]
		},
		"thirdperson_lefthand": {
			"rotation": [90, 0, 0],
			"translation": [-6.75, -1.75, 12.75],
			"scale": [4, 4, 4]
		}
	}
}