{
	"credit": "Designed by Misza (miszastp@gmail.com) with Cubik Studio - https://cubik.studio",
	"textures": {
		"particle": "item/cosmetics/hats/anime/megumin",
		"atlas": "item/cosmetics/hats/anime/megumin"
	},
	"elements": [
		{
			"name": "Voxels",
			"from": [8, 19.5, 2.5],
			"to": [13, 22.5, 3.5],
			"rotation": {"angle": 22.5, "axis": "x", "origin": [8, 19.5, 3.5]},
			"faces": {
				"north": {"uv": [0.875, 8.125, 1.5, 8.5], "texture": "#atlas"},
				"east": {"uv": [0.625, 0.625, 1, 0.75], "rotation": 90, "texture": "#atlas"},
				"south": {"uv": [1.75, 8.125, 2.375, 8.5], "texture": "#atlas"},
				"west": {"uv": [0, 1, 0.375, 1.125], "rotation": 270, "texture": "#atlas"},
				"up": {"uv": [1.375, 4.5, 2, 4.625], "texture": "#atlas"},
				"down": {"uv": [1.375, 4.875, 2, 5], "texture": "#atlas"}
			}
		},
		{
			"name": "Voxels",
			"from": [9, 18.5624, 2.125],
			"to": [12, 19.5624, 3.125],
			"rotation": {"angle": 22.5, "axis": "x", "origin": [9, 18.5625, 3.125]},
			"faces": {
				"north": {"uv": [0, 1.75, 0.375, 1.875], "texture": "#atlas"},
				"east": {"uv": [1.75, 2.5, 1.875, 2.625], "rotation": 90, "texture": "#atlas"},
				"south": {"uv": [0, 3.25, 0.375, 3.375], "texture": "#atlas"},
				"west": {"uv": [2.125, 2.5, 2.25, 2.625], "rotation": 270, "texture": "#atlas"},
				"down": {"uv": [0.625, 1, 1, 1.125], "texture": "#atlas"}
			}
		},
		{
			"name": "Voxels",
			"from": [9, 22.25, 3.625],
			"to": [12, 23.25, 4.625],
			"rotation": {"angle": 22.5, "axis": "x", "origin": [9, 22.25, 4.625]},
			"faces": {
				"north": {"uv": [0.625, 2.5, 1, 2.625], "texture": "#atlas"},
				"east": {"uv": [2.125, 2.875, 2.25, 3], "rotation": 90, "texture": "#atlas"},
				"south": {"uv": [0, 0.25, 0.375, 0.375], "texture": "#atlas"},
				"west": {"uv": [1.375, 2.875, 1.5, 3], "rotation": 270, "texture": "#atlas"},
				"up": {"uv": [0.625, 2.875, 1, 3], "texture": "#atlas"}
			}
		},
		{
			"name": "Voxels",
			"from": [-3, 11, 4],
			"to": [4, 12, 12],
			"faces": {
				"north": {"uv": [3.625, 6, 4.5, 6.125], "texture": "#atlas"},
				"east": {"uv": [3.875, 6.375, 4.875, 6.5], "texture": "#atlas"},
				"south": {"uv": [2.5, 6, 3.375, 6.125], "texture": "#atlas"},
				"west": {"uv": [1.375, 6.75, 2.375, 6.875], "texture": "#atlas"},
				"up": {"uv": [3.375, 10.875, 4.25, 11.875], "texture": "#atlas"},
				"down": {"uv": [2.25, 10.875, 3.125, 11.875], "texture": "#atlas"}
			}
		},
		{
			"name": "Voxels",
			"from": [-2, 11, 1],
			"to": [18, 12, 4],
			"faces": {
				"north": {"uv": [0, 8.75, 2.5, 8.875], "texture": "#atlas"},
				"east": {"uv": [0, 2.125, 0.375, 2.25], "texture": "#atlas"},
				"south": {"uv": [0, 9.125, 2.5, 9.25], "texture": "#atlas"},
				"west": {"uv": [0, 1.375, 0.375, 1.5], "texture": "#atlas"},
				"up": {"uv": [5, 15, 7.5, 15.375], "texture": "#atlas"},
				"down": {"uv": [5, 15.625, 7.5, 16], "texture": "#atlas"}
			}
		},
		{
			"name": "Voxels",
			"from": [-2, 11, 12],
			"to": [18, 12, 15],
			"faces": {
				"north": {"uv": [2.75, 9.125, 5.25, 9.25], "texture": "#atlas"},
				"east": {"uv": [0, 2.875, 0.375, 3], "texture": "#atlas"},
				"south": {"uv": [2.75, 8.75, 5.25, 8.875], "texture": "#atlas"},
				"west": {"uv": [0, 2.5, 0.375, 2.625], "texture": "#atlas"},
				"up": {"uv": [0, 13, 2.5, 13.375], "texture": "#atlas"},
				"down": {"uv": [3.5, 13.875, 6, 14.25], "texture": "#atlas"}
			}
		},
		{
			"name": "Voxels",
			"from": [-1, 11, -1],
			"to": [17, 12, 1],
			"faces": {
				"north": {"uv": [5.5, 9.125, 7.75, 9.25], "texture": "#atlas"},
				"east": {"uv": [7.5, 6.375, 7.75, 6.5], "texture": "#atlas"},
				"west": {"uv": [1.375, 4.125, 1.625, 4.25], "texture": "#atlas"},
				"up": {"uv": [4.5, 12.5, 6.75, 12.75], "texture": "#atlas"},
				"down": {"uv": [5.25, 13.125, 7.5, 13.375], "texture": "#atlas"}
			}
		},
		{
			"name": "Voxels",
			"from": [-1, 11, 15],
			"to": [17, 12, 17],
			"faces": {
				"east": {"uv": [7.5, 14.625, 7.75, 14.75], "texture": "#atlas"},
				"south": {"uv": [4.5, 12.125, 6.75, 12.25], "texture": "#atlas"},
				"west": {"uv": [0.625, 0.25, 0.875, 0.375], "texture": "#atlas"},
				"up": {"uv": [2.75, 13.125, 5, 13.375], "texture": "#atlas"},
				"down": {"uv": [5, 14.5, 7.25, 14.75], "texture": "#atlas"}
			}
		},
		{
			"name": "Voxels",
			"from": [1, 11, -2],
			"to": [15, 12, -1],
			"faces": {
				"north": {"uv": [4.375, 8, 6.125, 8.125], "texture": "#atlas"},
				"east": {"uv": [1.75, 1, 1.875, 1.125], "texture": "#atlas"},
				"west": {"uv": [2.125, 1, 2.25, 1.125], "texture": "#atlas"},
				"up": {"uv": [4.625, 7.625, 6.375, 7.75], "texture": "#atlas"},
				"down": {"uv": [2.625, 7.625, 4.375, 7.75], "texture": "#atlas"}
			}
		},
		{
			"name": "Voxels",
			"from": [1, 11, 17],
			"to": [15, 12, 18],
			"faces": {
				"east": {"uv": [2.125, 1.375, 2.25, 1.5], "texture": "#atlas"},
				"south": {"uv": [4.375, 8.375, 6.125, 8.5], "texture": "#atlas"},
				"west": {"uv": [1.375, 1, 1.5, 1.125], "texture": "#atlas"},
				"up": {"uv": [0.625, 7.625, 2.375, 7.75], "texture": "#atlas"},
				"down": {"uv": [5.5, 8.75, 7.25, 8.875], "texture": "#atlas"}
			}
		},
		{
			"name": "Voxels",
			"from": [1.9376, 13, 1.875],
			"to": [13.9376, 18, 13.875],
			"faces": {
				"north": {"uv": [0, 12.125, 1.5, 12.75], "texture": "#atlas"},
				"east": {"uv": [0, 13.625, 1.5, 14.25], "texture": "#atlas"},
				"south": {"uv": [6.25, 13.625, 7.75, 14.25], "texture": "#atlas"},
				"west": {"uv": [1.75, 13.625, 3.25, 14.25], "texture": "#atlas"},
				"up": {"uv": [0, 14.5, 1.5, 16], "texture": "#atlas"},
				"down": {"uv": [1.75, 14.5, 3.25, 16], "texture": "#atlas"}
			}
		},
		{
			"name": "Voxels",
			"from": [2.9376, 18, 2.875],
			"to": [12.9376, 23, 11.875],
			"rotation": {"angle": 22.5, "axis": "x", "origin": [2.9375, 18, 2.875]},
			"faces": {
				"north": {"uv": [3.25, 9.625, 4.5, 10], "texture": "#atlas"},
				"east": {"uv": [1.75, 10.25, 3, 10.625], "texture": "#atlas"},
				"south": {"uv": [3.25, 10.25, 4.5, 10.625], "texture": "#atlas"},
				"west": {"uv": [1.75, 9.625, 3, 10], "texture": "#atlas"},
				"up": {"uv": [3.5, 14.75, 4.75, 16], "texture": "#atlas"}
			}
		},
		{
			"name": "Voxels",
			"from": [4, 11, -3],
			"to": [12, 12, -2],
			"faces": {
				"north": {"uv": [3.875, 6.75, 4.875, 6.875], "texture": "#atlas"},
				"east": {"uv": [1.375, 1.375, 1.5, 1.5], "texture": "#atlas"},
				"west": {"uv": [1.75, 1.375, 1.875, 1.5], "texture": "#atlas"},
				"up": {"uv": [5.125, 6.375, 6.125, 6.5], "texture": "#atlas"},
				"down": {"uv": [2.625, 6.75, 3.625, 6.875], "texture": "#atlas"}
			}
		},
		{
			"name": "Voxels",
			"from": [4, 11, 18],
			"to": [12, 12, 19],
			"faces": {
				"east": {"uv": [2.125, 3.25, 2.25, 3.375], "texture": "#atlas"},
				"south": {"uv": [2.625, 6.375, 3.625, 6.5], "texture": "#atlas"},
				"west": {"uv": [1.375, 1.75, 1.5, 1.875], "texture": "#atlas"},
				"up": {"uv": [1.375, 6.375, 2.375, 6.5], "texture": "#atlas"},
				"down": {"uv": [6.375, 6.75, 7.375, 6.875], "texture": "#atlas"}
			}
		},
		{
			"name": "Voxels",
			"from": [12, 11, 4],
			"to": [19, 12, 12],
			"faces": {
				"north": {"uv": [4.75, 6, 5.625, 6.125], "texture": "#atlas"},
				"east": {"uv": [6.625, 7.625, 7.625, 7.75], "texture": "#atlas"},
				"south": {"uv": [6.375, 6.375, 7.25, 6.5], "texture": "#atlas"},
				"west": {"uv": [5.125, 6.75, 6.125, 6.875], "texture": "#atlas"},
				"up": {"uv": [1.125, 10.875, 2, 11.875], "texture": "#atlas"},
				"down": {"uv": [0, 10.875, 0.875, 11.875], "texture": "#atlas"}
			}
		},
		{
			"name": "Voxels",
			"from": [5.4376, 21, 9.375],
			"to": [10.4376, 25, 15.375],
			"faces": {
				"north": {"uv": [0, 8, 0.625, 8.5], "texture": "#atlas"},
				"east": {"uv": [1.75, 12.25, 2.875, 12.75], "texture": "#atlas"},
				"south": {"uv": [7, 12.25, 7.625, 12.75], "texture": "#atlas"},
				"west": {"uv": [3.125, 12.25, 4.25, 12.75], "texture": "#atlas"},
				"up": {"uv": [0, 9.5, 0.625, 10.625], "texture": "#atlas"},
				"down": {"uv": [0.875, 9.5, 1.5, 10.625], "texture": "#atlas"}
			}
		},
		{
			"name": "Voxels",
			"from": [5.9376, 21.5, 12.875],
			"to": [9.9376, 24.5, 17.375],
			"rotation": {"angle": 22.5, "axis": "x", "origin": [5.9375, 21.5, 12.875]},
			"faces": {
				"north": {"uv": [0.625, 6.5, 1.125, 6.875], "texture": "#atlas"},
				"east": {"uv": [6.25, 10.25, 7.125, 10.625], "texture": "#atlas"},
				"south": {"uv": [0.625, 5.875, 1.125, 6.25], "texture": "#atlas"},
				"west": {"uv": [6.25, 9.625, 7.125, 10], "texture": "#atlas"},
				"up": {"uv": [5.5, 9.75, 6, 10.625], "texture": "#atlas"},
				"down": {"uv": [4.75, 9.75, 5.25, 10.625], "texture": "#atlas"}
			}
		},
		{
			"name": "Voxels",
			"from": [6.9376, 16.5, 18.375],
			"to": [8.9376, 18.5, 19.375],
			"faces": {
				"north": {"uv": [0, 6.25, 0.375, 6.875], "texture": "#atlas"},
				"east": {"uv": [5.375, 7.125, 6, 7.375], "rotation": 270, "texture": "#atlas"},
				"south": {"uv": [0, 7.125, 0.375, 7.75], "texture": "#atlas"},
				"west": {"uv": [4.5, 7.125, 5.125, 7.375], "rotation": 90, "texture": "#atlas"},
				"up": {"uv": [7.375, 9.75, 7.75, 10], "texture": "#atlas"},
				"down": {"uv": [7.375, 10.375, 7.75, 10.625], "texture": "#atlas"}
			}
		},
		{
			"name": "Voxels",
			"from": [6.4376, 15.5, 18.375],
			"to": [9.4376, 16.5, 19.375],
			"faces": {
				"north": {"uv": [0.625, 4.75, 1, 4.875], "texture": "#atlas"},
				"east": {"uv": [1.375, 3.25, 1.5, 3.375], "texture": "#atlas"},
				"south": {"uv": [0.625, 4.375, 1, 4.5], "texture": "#atlas"},
				"west": {"uv": [1.75, 3.25, 1.875, 3.375], "texture": "#atlas"},
				"up": {"uv": [0, 3.625, 0.375, 3.75], "texture": "#atlas"},
				"down": {"uv": [0.625, 5.5, 1, 5.625], "texture": "#atlas"}
			}
		},
		{
			"name": "Voxels",
			"from": [6.4376, 13.5, 18.375],
			"to": [7.4376, 15.5, 19.375],
			"faces": {
				"north": {"uv": [1.375, 3.625, 1.5, 3.875], "texture": "#atlas"},
				"east": {"uv": [1.875, 4.125, 2.125, 4.25], "rotation": 270, "texture": "#atlas"},
				"south": {"uv": [1.75, 3.625, 1.875, 3.875], "texture": "#atlas"},
				"west": {"uv": [7.5, 8.75, 7.75, 8.875], "rotation": 90, "texture": "#atlas"},
				"down": {"uv": [2.125, 3.75, 2.25, 3.875], "texture": "#atlas"}
			}
		},
		{
			"name": "Voxels",
			"from": [8.4376, 14.5, 18.375],
			"to": [9.4376, 15.5, 19.375],
			"faces": {
				"north": {"uv": [1.375, 0.625, 1.5, 0.75], "texture": "#atlas"},
				"east": {"uv": [7.625, 6.75, 7.75, 6.875], "rotation": 270, "texture": "#atlas"},
				"south": {"uv": [2.125, 2.125, 2.25, 2.25], "texture": "#atlas"},
				"west": {"uv": [1.375, 2.5, 1.5, 2.625], "rotation": 90, "texture": "#atlas"},
				"down": {"uv": [2.125, 1.75, 2.25, 1.875], "texture": "#atlas"}
			}
		},
		{
			"name": "Voxels",
			"from": [6.4376, 16.9268, 16.0518],
			"to": [9.4376, 21.4268, 18.0518],
			"rotation": {"angle": -22.5, "axis": "x", "origin": [6.4375, 21.5, 15.875]},
			"faces": {
				"north": {"uv": [0, 4.5, 0.375, 5.125], "texture": "#atlas"},
				"east": {"uv": [3.625, 7.125, 4.25, 7.375], "rotation": 270, "texture": "#atlas"},
				"south": {"uv": [0, 5.375, 0.375, 6], "texture": "#atlas"},
				"west": {"uv": [6.25, 7.125, 6.875, 7.375], "rotation": 90, "texture": "#atlas"},
				"up": {"uv": [7.375, 8.25, 7.75, 8.5], "texture": "#atlas"},
				"down": {"uv": [0, 4, 0.375, 4.25], "texture": "#atlas"}
			}
		},
		{
			"name": "Voxels",
			"from": [1.9376, 18.9376, 2.25],
			"to": [6.9376, 21.9376, 3.25],
			"rotation": {"angle": 22.5, "axis": "x", "origin": [1.9375, 18.9375, 3.25]},
			"faces": {
				"north": {"uv": [3.5, 8.125, 4.125, 8.5], "texture": "#atlas"},
				"east": {"uv": [0.625, 3.625, 1, 3.75], "rotation": 90, "texture": "#atlas"},
				"south": {"uv": [2.625, 8.125, 3.25, 8.5], "texture": "#atlas"},
				"west": {"uv": [0.625, 3.25, 1, 3.375], "rotation": 270, "texture": "#atlas"},
				"up": {"uv": [7.125, 7.25, 7.75, 7.375], "texture": "#atlas"},
				"down": {"uv": [7, 6, 7.625, 6.125], "texture": "#atlas"}
			}
		},
		{
			"name": "Voxels",
			"from": [2.9376, 18, 1.875],
			"to": [5.9376, 19, 2.875],
			"rotation": {"angle": 22.5, "axis": "x", "origin": [2.9375, 18, 2.875]},
			"faces": {
				"north": {"uv": [0.625, 5.125, 1, 5.25], "texture": "#atlas"},
				"east": {"uv": [1.75, 1.75, 1.875, 1.875], "rotation": 90, "texture": "#atlas"},
				"south": {"uv": [0, 0.625, 0.375, 0.75], "texture": "#atlas"},
				"west": {"uv": [1.75, 2.875, 1.875, 3], "rotation": 270, "texture": "#atlas"},
				"down": {"uv": [0.625, 4, 1, 4.125], "texture": "#atlas"}
			}
		},
		{
			"name": "Voxels",
			"from": [2.9376, 21.6876, 3.375],
			"to": [5.9376, 22.6876, 4.375],
			"rotation": {"angle": 22.5, "axis": "x", "origin": [2.9375, 21.6875, 4.375]},
			"faces": {
				"north": {"uv": [0.625, 1.75, 1, 1.875], "texture": "#atlas"},
				"east": {"uv": [1.75, 2.125, 1.875, 2.25], "rotation": 90, "texture": "#atlas"},
				"south": {"uv": [0.625, 1.375, 1, 1.5], "texture": "#atlas"},
				"west": {"uv": [1.375, 2.125, 1.5, 2.25], "rotation": 270, "texture": "#atlas"},
				"up": {"uv": [0.625, 2.125, 1, 2.25], "texture": "#atlas"}
			}
		},
		{
			"name": "Voxels",
			"from": [4.9376, 22, 5.875],
			"to": [10.9376, 27, 11.875],
			"rotation": {"angle": 45, "axis": "x", "origin": [4.9375, 22, 5.875]},
			"faces": {
				"north": {"uv": [1.625, 7.125, 2.375, 7.375], "texture": "#atlas"},
				"east": {"uv": [2.625, 7.125, 3.375, 7.375], "texture": "#atlas"},
				"south": {"uv": [0.625, 7.125, 1.375, 7.375], "texture": "#atlas"},
				"west": {"uv": [6.375, 8.25, 7.125, 8.5], "texture": "#atlas"},
				"up": {"uv": [6.75, 11.125, 7.5, 11.875], "texture": "#atlas"}
			}
		},
		{
			"name": "Cube28",
			"from": [1, 12, 1],
			"to": [15, 13, 15],
			"faces": {
				"north": {"uv": [5.875, 6, 6.75, 6.125], "texture": "#atlas"},
				"east": {"uv": [1.375, 6, 2.25, 6.125], "texture": "#atlas"},
				"south": {"uv": [1.375, 5.625, 2.25, 5.75], "texture": "#atlas"},
				"west": {"uv": [1.375, 5.25, 2.25, 5.375], "texture": "#atlas"},
				"up": {"uv": [5.625, 11, 6.5, 11.875], "texture": "#atlas"},
				"down": {"uv": [4.5, 11, 5.375, 11.875], "texture": "#atlas"}
			}
		}
	],
	"display": {
		"thirdperson_righthand": {
			"rotation": [180, 0, -90],
			"translation": [-2, -2, -4],
			"scale": [0.5, 0.5, 0.5]
		},
		"thirdperson_lefthand": {
			"rotation": [180, 0, -90],
			"translation": [-2, -2, -4],
			"scale": [0.5, 0.5, 0.5]
		},
		"firstperson_righthand": {
			"rotation": [0, 90, 0],
			"translation": [0, -1, -1],
			"scale": [0.5, 0.5, 0.5]
		},
		"firstperson_lefthand": {
			"rotation": [0, 90, 0],
			"translation": [0, -1, -1],
			"scale": [0.5, 0.5, 0.5]
		},
		"ground": {
			"translation": [0, 2, 0],
			"scale": [0.5, 0.5, 0.5]
		},
		"gui": {
			"rotation": [30, 135, 0],
			"translation": [0, -4, 0],
			"scale": [0.55, 0.55, 0.55]
		},
		"head": {
			"rotation": [5, 0, 0],
			"translation": [0, -1, 0],
			"scale": [1.25, 1.25, 1.25]
		},
		"fixed": {
			"rotation": [-90, 0, 0],
			"translation": [0, 0, 3],
			"scale": [0.75, 0.75, 0.75]
		}
	}
}