{
	"credit": "Made by samus2002",
	"texture_size": [32, 32],
	"textures": {
		"0": "item/skills/samurai_skills/skills/ninja_samurai_katana_shiny",
		"particle": "item/skills/samurai_skills/skills/ninja_samurai_katana_shiny"
	},
	"elements": [
		{
			"from": [5.5, -6, 5.5],
			"to": [10.5, -4, 10.5],
			"rotation": {"angle": -45, "axis": "y", "origin": [8, 5.25, 8]},
			"faces": {
				"north": {"uv": [10.5, 3, 13, 4], "texture": "#0"},
				"east": {"uv": [10.5, 4.5, 13, 5.5], "texture": "#0"},
				"south": {"uv": [10.5, 6, 13, 7], "texture": "#0"},
				"west": {"uv": [10.5, 7.5, 13, 8.5], "texture": "#0"},
				"up": {"uv": [8.5, 2.5, 6, 0], "texture": "#0"},
				"down": {"uv": [8.5, 3, 6, 5.5], "texture": "#0"}
			}
		},
		{
			"from": [6.5, -2, 7.75],
			"to": [9.5, 25, 8.25],
			"rotation": {"angle": 0, "axis": "y", "origin": [8, 5.25, 8]},
			"faces": {
				"north": {"uv": [0, 0, 1.5, 13.5], "texture": "#0"},
				"east": {"uv": [4, 0, 4.5, 13.5], "texture": "#0"},
				"south": {"uv": [1.5, 0, 0, 13.5], "texture": "#0"},
				"west": {"uv": [5, 0, 5.5, 13.5], "texture": "#0"},
				"up": {"uv": [15, 12.5, 13.5, 12], "texture": "#0"},
				"down": {"uv": [15, 13, 13.5, 13.5], "texture": "#0"}
			}
		},
		{
			"from": [6, -4, 7],
			"to": [10, -2, 9],
			"rotation": {"angle": 0, "axis": "y", "origin": [8, 5.25, 8]},
			"faces": {
				"north": {"uv": [11, 11, 13, 12], "texture": "#0"},
				"east": {"uv": [13.5, 7.5, 14.5, 8.5], "texture": "#0"},
				"south": {"uv": [12.5, 0, 14.5, 1], "texture": "#0"},
				"west": {"uv": [13.5, 10.5, 14.5, 11.5], "texture": "#0"},
				"up": {"uv": [14.5, 2.5, 12.5, 1.5], "texture": "#0"},
				"down": {"uv": [13, 12.5, 11, 13.5], "texture": "#0"}
			}
		},
		{
			"from": [6.5, 25, 8],
			"to": [9.5, 30, 8],
			"rotation": {"angle": 0, "axis": "y", "origin": [8, 5.25, 8]},
			"faces": {
				"north": {"uv": [9, 10, 10.5, 12.5], "texture": "#0"},
				"east": {"uv": [10, 13, 10, 15.5], "texture": "#0"},
				"south": {"uv": [10.5, 10, 9, 12.5], "texture": "#0"},
				"west": {"uv": [10.5, 13, 10.5, 15.5], "texture": "#0"},
				"up": {"uv": [1.5, 14, 0, 14], "texture": "#0"},
				"down": {"uv": [3.5, 14, 2, 14], "texture": "#0"}
			}
		},
		{
			"from": [7, -15, 7],
			"to": [9, -6, 9],
			"rotation": {"angle": -45, "axis": "y", "origin": [8, 5.25, 8]},
			"faces": {
				"north": {"uv": [6, 6, 7, 10.5], "texture": "#0"},
				"east": {"uv": [7.5, 6, 8.5, 10.5], "texture": "#0"},
				"south": {"uv": [9, 0, 10, 4.5], "texture": "#0"},
				"west": {"uv": [9, 5, 10, 9.5], "texture": "#0"},
				"up": {"uv": [14.5, 5.5, 13.5, 4.5], "texture": "#0"},
				"down": {"uv": [14.5, 6, 13.5, 7], "texture": "#0"}
			}
		},
		{
			"from": [6.5, -16, 6.5],
			"to": [9.5, -14, 9.5],
			"rotation": {"angle": -45, "axis": "y", "origin": [8, 5.25, 8]},
			"faces": {
				"north": {"uv": [6, 13, 7.5, 14], "texture": "#0"},
				"east": {"uv": [8, 13, 9.5, 14], "texture": "#0"},
				"south": {"uv": [13, 9, 14.5, 10], "texture": "#0"},
				"west": {"uv": [13.5, 3, 15, 4], "texture": "#0"},
				"up": {"uv": [7.5, 12.5, 6, 11], "texture": "#0"},
				"down": {"uv": [12.5, 9, 11, 10.5], "texture": "#0"}
			}
		}
	],
	"gui_light": "front",
	"display": {
		"thirdperson_righthand": {
			"rotation": [0, 90, 0],
			"translation": [0, 13, 1.5],
			"scale": [0.9, 0.9, 0.9]
		},
		"thirdperson_lefthand": {
			"rotation": [0, -90, 0],
			"translation": [0, 13, 1.5],
			"scale": [0.9, 0.9, 0.9]
		},
		"firstperson_righthand": {
			"rotation": [0, 90, 0],
			"translation": [0.75, 13, 0.75],
			"scale": [0.9, 0.9, 0.9]
		},
		"firstperson_lefthand": {
			"rotation": [0, 90, 0],
			"translation": [0.75, 13, 0.75],
			"scale": [0.9, 0.9, 0.9]
		},
		"ground": {
			"rotation": [90, 0, 0],
			"scale": [0.9, 0.9, 0.9]
		},
		"gui": {
			"rotation": [0, 0, -44],
			"translation": [0.25, 0.25, 0],
			"scale": [0.4, 0.4, 0.4]
		},
		"fixed": {
			"rotation": [0, 180, -45],
			"translation": [-0.5, 0.25, 0],
			"scale": [0.5, 0.5, 0.5]
		}
	}
}