{
	"credit": "Made by samus2002",
	"textures": {
		"1": "item/skills/samurai_skills/skills/ninja_shadow_4",
		"particle": "item/skills/samurai_skills/skills/ninja_shadow_4"
	},
	"elements": [
		{
			"name": "body",
			"from": [-2.63737, 4.70901, 21.78598],
			"to": [4.16263, 14.90901, 25.18598],
			"rotation": {"angle": 45, "axis": "y", "origin": [0.86601, 9.19749, 7.63675]},
			"faces": {
				"north": {"uv": [3.25, 7, 2.5, 6], "texture": "#1"},
				"east": {"uv": [3.25, 7, 2.5, 6], "texture": "#1"},
				"south": {"uv": [3.25, 7, 2.5, 6], "texture": "#1"},
				"west": {"uv": [3.25, 7, 2.5, 6], "texture": "#1"},
				"up": {"uv": [3.25, 7, 2.5, 6], "texture": "#1"},
				"down": {"uv": [3.25, 7, 2.5, 6], "texture": "#1"}
			}
		},
		{
			"name": "head",
			"from": [3.32975, 14.93619, 19.17494],
			"to": [10.12975, 21.73619, 25.97494],
			"rotation": {"angle": 22.5, "axis": "y", "origin": [0.86601, 9.19749, 7.63675]},
			"faces": {
				"north": {"uv": [3.25, 7, 2.5, 6], "texture": "#1"},
				"east": {"uv": [3.25, 7, 2.5, 6], "texture": "#1"},
				"south": {"uv": [3.25, 7, 2.5, 6], "texture": "#1"},
				"west": {"uv": [3.25, 7, 2.5, 6], "texture": "#1"},
				"up": {"uv": [3.25, 7, 2.5, 6], "texture": "#1"},
				"down": {"uv": [3.25, 7, 2.5, 6], "texture": "#1"}
			}
		},
		{
			"name": "left_arm",
			"from": [6.17565, 7.63246, 19.97945],
			"to": [11.27565, 11.03246, 23.37945],
			"rotation": {"angle": 22.5, "axis": "z", "origin": [0.86601, 9.19749, 7.63675]},
			"faces": {
				"north": {"uv": [3.25, 6, 2.5, 7], "texture": "#1"},
				"east": {"uv": [3.25, 6, 2.5, 7], "rotation": 270, "texture": "#1"},
				"south": {"uv": [3.25, 6, 2.5, 7], "rotation": 180, "texture": "#1"},
				"west": {"uv": [3.25, 6, 2.5, 7], "rotation": 90, "texture": "#1"},
				"up": {"uv": [3.25, 6, 2.5, 7], "rotation": 180, "texture": "#1"},
				"down": {"uv": [3.25, 6, 2.5, 7], "rotation": 180, "texture": "#1"}
			}
		},
		{
			"name": "left_arm4",
			"from": [1.27534, 9.73664, 19.97945],
			"to": [4.67534, 14.83664, 23.37945],
			"rotation": {"angle": -45, "axis": "z", "origin": [0.86601, 9.19749, 7.63675]},
			"faces": {
				"north": {"uv": [3.25, 6, 2.5, 7], "rotation": 90, "texture": "#1"},
				"east": {"uv": [3.25, 6, 2.5, 7], "rotation": 90, "texture": "#1"},
				"south": {"uv": [3.25, 6, 2.5, 7], "rotation": 90, "texture": "#1"},
				"west": {"uv": [3.25, 6, 2.5, 7], "rotation": 90, "texture": "#1"},
				"up": {"uv": [3.25, 6, 2.5, 7], "rotation": 180, "texture": "#1"},
				"down": {"uv": [3.25, 6, 2.5, 7], "texture": "#1"}
			}
		},
		{
			"name": "left_arm",
			"from": [12, 13.96452, 9.09941],
			"to": [15.4, 19.06452, 12.49941],
			"rotation": {"angle": 45, "axis": "x", "origin": [0.86601, 9.19749, 7.63675]},
			"faces": {
				"north": {"uv": [3.25, 7, 2.5, 6], "rotation": 90, "texture": "#1"},
				"east": {"uv": [3.25, 7, 2.5, 6], "rotation": 90, "texture": "#1"},
				"south": {"uv": [3.25, 7, 2.5, 6], "rotation": 90, "texture": "#1"},
				"west": {"uv": [3.25, 7, 2.5, 6], "rotation": 90, "texture": "#1"},
				"up": {"uv": [3.25, 7, 2.5, 6], "rotation": 90, "texture": "#1"},
				"down": {"uv": [3.25, 7, 2.5, 6], "rotation": 90, "texture": "#1"}
			}
		},
		{
			"name": "left_arm5",
			"from": [10.49366, 10.6158, 10.59077],
			"to": [13.89366, 15.7158, 13.99077],
			"rotation": {"angle": -22.5, "axis": "z", "origin": [0.86601, 9.19749, 7.63675]},
			"faces": {
				"north": {"uv": [3.25, 7, 2.5, 6], "rotation": 90, "texture": "#1"},
				"east": {"uv": [3.25, 7, 2.5, 6], "rotation": 90, "texture": "#1"},
				"south": {"uv": [3.25, 7, 2.5, 6], "rotation": 90, "texture": "#1"},
				"west": {"uv": [3.25, 7, 2.5, 6], "rotation": 90, "texture": "#1"},
				"up": {"uv": [3.25, 7, 2.5, 6], "rotation": 90, "texture": "#1"},
				"down": {"uv": [3.25, 7, 2.5, 6], "rotation": 90, "texture": "#1"}
			}
		},
		{
			"from": [10.54672, 6.0678, 5.54185],
			"to": [11.94072, 9.5528, 9.02685],
			"rotation": {"angle": -22.5, "axis": "y", "origin": [0.71689, 7.8103, 4.06718]},
			"faces": {
				"north": {"uv": [10.5, 6, 13, 7], "rotation": 90, "texture": "#1"},
				"east": {"uv": [8.5, 3, 6, 5.5], "rotation": 90, "texture": "#1"},
				"south": {"uv": [10.5, 3, 13, 4], "rotation": 270, "texture": "#1"},
				"west": {"uv": [8.5, 2.5, 6, 0], "rotation": 90, "texture": "#1"},
				"up": {"uv": [10.5, 7.5, 13, 8.5], "rotation": 270, "texture": "#1"},
				"down": {"uv": [10.5, 4.5, 13, 5.5], "rotation": 270, "texture": "#1"}
			}
		},
		{
			"from": [-9.66628, 7.63605, 6.23885],
			"to": [9.15272, 7.98455, 8.32985],
			"rotation": {"angle": -22.5, "axis": "y", "origin": [0.71689, 7.8103, 4.06718]},
			"faces": {
				"north": {"uv": [5, 0, 5.5, 13.5], "rotation": 90, "texture": "#1"},
				"east": {"uv": [15, 13, 13.5, 13.5], "rotation": 180, "texture": "#1"},
				"south": {"uv": [4, 0, 4.5, 13.5], "rotation": 270, "texture": "#1"},
				"west": {"uv": [15, 12.5, 13.5, 12], "texture": "#1"},
				"up": {"uv": [0, 0, 1.5, 13.5], "rotation": 270, "texture": "#1"},
				"down": {"uv": [1.5, 0, 0, 13.5], "rotation": 270, "texture": "#1"}
			}
		},
		{
			"from": [9.15272, 7.1133, 5.89035],
			"to": [10.54672, 8.5073, 8.67835],
			"rotation": {"angle": -22.5, "axis": "y", "origin": [0.71689, 7.8103, 4.06718]},
			"faces": {
				"north": {"uv": [13.5, 10.5, 14.5, 11.5], "rotation": 90, "texture": "#1"},
				"east": {"uv": [13, 12.5, 11, 13.5], "rotation": 180, "texture": "#1"},
				"south": {"uv": [13.5, 7.5, 14.5, 8.5], "rotation": 270, "texture": "#1"},
				"west": {"uv": [14.5, 2.5, 12.5, 1.5], "texture": "#1"},
				"up": {"uv": [11, 11, 13, 12], "rotation": 270, "texture": "#1"},
				"down": {"uv": [12.5, 0, 14.5, 1], "rotation": 270, "texture": "#1"}
			}
		},
		{
			"from": [-13.15128, 7.8103, 6.23885],
			"to": [-9.66628, 7.8103, 8.32985],
			"rotation": {"angle": -22.5, "axis": "y", "origin": [0.71689, 7.8103, 4.06718]},
			"faces": {
				"north": {"uv": [10.5, 13, 10.5, 15.5], "rotation": 90, "texture": "#1"},
				"east": {"uv": [3.5, 14, 2, 14], "rotation": 180, "texture": "#1"},
				"south": {"uv": [10, 13, 10, 15.5], "rotation": 270, "texture": "#1"},
				"west": {"uv": [1.5, 14, 0, 14], "texture": "#1"},
				"up": {"uv": [9, 10, 10.5, 12.5], "rotation": 270, "texture": "#1"},
				"down": {"uv": [10.5, 10, 9, 12.5], "rotation": 270, "texture": "#1"}
			}
		},
		{
			"from": [11.94072, 7.1133, 6.58735],
			"to": [18.21372, 8.5073, 7.98135],
			"rotation": {"angle": -22.5, "axis": "y", "origin": [0.71689, 7.8103, 4.06718]},
			"faces": {
				"north": {"uv": [9, 0, 10, 4.5], "rotation": 90, "texture": "#1"},
				"east": {"uv": [14.5, 6, 13.5, 7], "rotation": 90, "texture": "#1"},
				"south": {"uv": [6, 6, 7, 10.5], "rotation": 270, "texture": "#1"},
				"west": {"uv": [14.5, 5.5, 13.5, 4.5], "rotation": 90, "texture": "#1"},
				"up": {"uv": [9, 5, 10, 9.5], "rotation": 270, "texture": "#1"},
				"down": {"uv": [7.5, 6, 8.5, 10.5], "rotation": 270, "texture": "#1"}
			}
		},
		{
			"from": [17.51672, 6.7648, 6.23885],
			"to": [18.91072, 8.8558, 8.32985],
			"rotation": {"angle": -22.5, "axis": "y", "origin": [0.71689, 7.8103, 4.06718]},
			"faces": {
				"north": {"uv": [13, 9, 14.5, 10], "rotation": 90, "texture": "#1"},
				"east": {"uv": [12.5, 9, 11, 10.5], "rotation": 90, "texture": "#1"},
				"south": {"uv": [6, 13, 7.5, 14], "rotation": 270, "texture": "#1"},
				"west": {"uv": [7.5, 12.5, 6, 11], "rotation": 90, "texture": "#1"},
				"up": {"uv": [13.5, 3, 15, 4], "rotation": 270, "texture": "#1"},
				"down": {"uv": [8, 13, 9.5, 14], "rotation": 270, "texture": "#1"}
			}
		},
		{
			"name": "left_leg",
			"from": [3.49618, 1.15783, 18.49195],
			"to": [8.59618, 4.55783, 21.89195],
			"rotation": {"angle": 22.5, "axis": "z", "origin": [0.86601, 9.19749, 7.63675]},
			"faces": {
				"north": {"uv": [3.25, 6, 2.5, 7], "rotation": 90, "texture": "#1"},
				"east": {"uv": [3.25, 6, 2.5, 7], "rotation": 180, "texture": "#1"},
				"south": {"uv": [3.25, 6, 2.5, 7], "rotation": 270, "texture": "#1"},
				"west": {"uv": [3.25, 6, 2.5, 7], "texture": "#1"},
				"up": {"uv": [3.25, 6, 2.5, 7], "rotation": 270, "texture": "#1"},
				"down": {"uv": [3.25, 6, 2.5, 7], "rotation": 270, "texture": "#1"}
			}
		},
		{
			"name": "left_leg3",
			"from": [1.04931, -1.49529, 18.49195],
			"to": [4.44931, 3.60471, 21.89195],
			"rotation": {"angle": 22.5, "axis": "z", "origin": [0.86601, 9.19749, 7.63675]},
			"faces": {
				"north": {"uv": [2.5, 7, 3.25, 6], "texture": "#1"},
				"east": {"uv": [2.5, 7, 3.25, 6], "texture": "#1"},
				"south": {"uv": [2.5, 7, 3.25, 6], "texture": "#1"},
				"west": {"uv": [2.5, 7, 3.25, 6], "texture": "#1"},
				"up": {"uv": [2.5, 7, 3.25, 6], "rotation": 270, "texture": "#1"},
				"down": {"uv": [2.5, 7, 3.25, 6], "rotation": 90, "texture": "#1"}
			}
		},
		{
			"name": "left_leg",
			"from": [5.19036, -7.39147, 16.09927],
			"to": [8.59036, -2.29147, 19.49927],
			"rotation": {"angle": 45, "axis": "z", "origin": [0.86601, 9.19749, 7.63675]},
			"faces": {
				"north": {"uv": [2.5, 6, 3.25, 7], "rotation": 180, "texture": "#1"},
				"east": {"uv": [2.5, 6, 3.25, 7], "rotation": 180, "texture": "#1"},
				"south": {"uv": [2.5, 6, 3.25, 7], "rotation": 180, "texture": "#1"},
				"west": {"uv": [2.5, 6, 3.25, 7], "rotation": 180, "texture": "#1"},
				"up": {"uv": [2.5, 6, 3.25, 7], "rotation": 270, "texture": "#1"},
				"down": {"uv": [2.5, 6, 3.25, 7], "rotation": 90, "texture": "#1"}
			}
		},
		{
			"name": "left_leg4",
			"from": [16.17245, 3.80013, 16.09927],
			"to": [19.57245, 8.90013, 19.49927],
			"rotation": {"angle": -22.5, "axis": "z", "origin": [0.86601, 9.19749, 7.63675]},
			"faces": {
				"north": {"uv": [3.25, 7, 2.5, 6], "texture": "#1"},
				"east": {"uv": [3.25, 7, 2.5, 6], "texture": "#1"},
				"south": {"uv": [3.25, 7, 2.5, 6], "texture": "#1"},
				"west": {"uv": [3.25, 7, 2.5, 6], "texture": "#1"},
				"up": {"uv": [3.25, 7, 2.5, 6], "rotation": 90, "texture": "#1"},
				"down": {"uv": [3.25, 7, 2.5, 6], "rotation": 270, "texture": "#1"}
			}
		}
	],
	"display": {
		"thirdperson_righthand": {
			"rotation": [90, 0, 0],
			"translation": [-10.5, 12, 2.5],
			"scale": [1.25, 1.25, 1.25]
		},
		"thirdperson_lefthand": {
			"rotation": [0, -90, 0],
			"translation": [0, 13, 1.5],
			"scale": [0.9, 0.9, 0.9]
		},
		"firstperson_righthand": {
			"rotation": [0, 90, 0],
			"translation": [0.75, 13, 0.75],
			"scale": [0.9, 0.9, 0.9]
		},
		"firstperson_lefthand": {
			"rotation": [0, 90, 0],
			"translation": [0.75, 13, 0.75],
			"scale": [0.9, 0.9, 0.9]
		},
		"ground": {
			"rotation": [90, 0, 0],
			"scale": [0.9, 0.9, 0.9]
		},
		"gui": {
			"rotation": [0, 0, -44],
			"translation": [0.25, 0.25, 0],
			"scale": [0.4, 0.4, 0.4]
		},
		"fixed": {
			"rotation": [0, 180, -45],
			"translation": [-0.5, 0.25, 0],
			"scale": [0.5, 0.5, 0.5]
		}
	},
	"groups": [
		{
			"name": "body",
			"origin": [8, 5.98401, 8.03612],
			"color": 0,
			"boneType": "",
			"children": [
				{
					"name": "upper_body",
					"origin": [8, 4.48401, 7.8371],
					"rotation": [10, 0, 0],
					"color": 0,
					"boneType": "",
					"children": [
						0,
						{
							"name": "h_head",
							"origin": [8, 16.51599, 8.1629],
							"rotation": [-2.5, 0, 0],
							"color": 0,
							"boneType": "",
							"children": [1]
						},
						{
							"name": "left_arm",
							"origin": [3.25, 15.98401, 7.8371],
							"rotation": [2.08744, 39.5948, -21.38391],
							"color": 0,
							"boneType": "",
							"children": [
								2,
								{
									"name": "left_wrist",
									"origin": [2, 10.23401, 7.8371],
									"rotation": [21.84726, -48.88167, 71.17627],
									"color": 0,
									"boneType": "",
									"children": [3]
								}
							]
						},
						{
							"name": "right_arm",
							"origin": [12.75, 15.98401, 7.8371],
							"rotation": [54.78638, -6.49053, 3.76613],
							"color": 0,
							"boneType": "",
							"children": [
								4,
								{
									"name": "right_wrist",
									"origin": [14, 10.23401, 7.8371],
									"rotation": [0, 0, -67.5],
									"color": 0,
									"boneType": "",
									"children": [
										5,
										{
											"name": "group",
											"origin": [8, 5.25, 8],
											"color": 0,
											"boneType": "",
											"children": [6, 7, 8, 9, 10, 11]
										}
									]
								}
							]
						}
					]
				},
				{
					"name": "left_leg",
					"origin": [6, 4.48401, 7.8371],
					"rotation": [65.64906, 12.47685, -0.0735],
					"color": 0,
					"boneType": "",
					"children": [
						12,
						{
							"name": "left_ankle",
							"origin": [6, -1.51599, 7.8371],
							"rotation": [-72.5, 0, 0],
							"color": 0,
							"boneType": "",
							"children": [13]
						}
					]
				},
				{
					"name": "right_leg",
					"origin": [10, 4.48401, 7.8371],
					"rotation": [24.94548, -1.29256, 4.83045],
					"color": 0,
					"boneType": "",
					"children": [
						14,
						{
							"name": "right_ankle",
							"origin": [10, -1.51599, 7.8371],
							"rotation": [-50, 0, 0],
							"color": 0,
							"boneType": "",
							"children": [15]
						}
					]
				}
			]
		}
	]
}