{
	"credit": "Made with Blockbench",
	"textures": {
		"0": "item/weapons/shields/zelda/kite_shield",
		"1": "item/weapons/shields/zelda/symbole_kite",
		"2": "item/weapons/shields/zelda/orange",
		"3": "item/weapons/shields/zelda/kite_shield_back",
		"4": "item/weapons/shields/zelda/pendentif",
		"particle": "item/weapons/shields/zelda/kite_shield"
	},
	"elements": [
		{
			"from": [7.5, 20.5, 7.5],
			"to": [8.5, 21.5, 7.8],
			"faces": {
				"east": {"uv": [9, 0, 9.6, 1], "texture": "#2"},
				"west": {"uv": [9, 0, 9.6, 1], "texture": "#2"},
				"up": {"uv": [9, 0, 10, 0.6], "texture": "#2"},
				"down": {"uv": [9, 0, 10, 0.6], "texture": "#2"}
			}
		},
		{
			"from": [7.5, 19.5, 7.5],
			"to": [8.5, 20.5, 7.8],
			"faces": {
				"east": {"uv": [0, 0, 0.3, 1], "texture": "#2"},
				"west": {"uv": [0, 0, 0.3, 1], "texture": "#2"},
				"up": {"uv": [0, 0, 1, 0.3], "texture": "#2"},
				"down": {"uv": [0, 0, 1, 0.3], "texture": "#2"}
			}
		},
		{
			"from": [3.5, 8.5, 7.49],
			"to": [12.5, 21.5, 7.49],
			"faces": {
				"north": {"uv": [0, 0, 9, 13], "texture": "#1"},
				"east": {"uv": [0, 0, 0, 2.75], "texture": "#1"},
				"south": {"uv": [0, 0, 1.25, 2.75], "texture": "#1"},
				"west": {"uv": [0, 0, 0, 2.75], "texture": "#1"},
				"up": {"uv": [0, 0, 1.25, 0], "texture": "#1"},
				"down": {"uv": [0, 0, 1.25, 0], "texture": "#1"}
			}
		},
		{
			"from": [3.5, 7.5, 7.5],
			"to": [12.5, 21.5, 7.5],
			"faces": {
				"north": {"uv": [0, 0, 9, 14], "texture": "#0"},
				"east": {"uv": [0, 0, 0, 14], "texture": "#2"},
				"south": {"uv": [0, 0, 9, 14], "texture": "#0"},
				"west": {"uv": [0, 0, 0, 14], "texture": "#2"},
				"up": {"uv": [0, 0, 9, 0], "texture": "#2"},
				"down": {"uv": [0, 0, 9, 0], "texture": "#2"}
			}
		},
		{
			"from": [3.5, 7.5, 7.8],
			"to": [12.5, 21.5, 7.8],
			"faces": {
				"north": {"uv": [0, 0, 9, 14], "texture": "#0"},
				"east": {"uv": [0, 0, 0, 14], "texture": "#2"},
				"south": {"uv": [0, 0, 9, 14], "texture": "#3"},
				"west": {"uv": [0, 0, 0, 14], "texture": "#2"},
				"up": {"uv": [0, 0, 9, 0], "texture": "#2"},
				"down": {"uv": [0, 0, 9, 0], "texture": "#2"}
			}
		},
		{
			"from": [8.5, 19.5, 7.5],
			"to": [9.5, 20.5, 7.8],
			"faces": {
				"east": {"uv": [9, 0, 9.6, 1], "texture": "#2"},
				"west": {"uv": [9, 0, 9.6, 1], "texture": "#2"},
				"up": {"uv": [9, 0, 10, 0.6], "texture": "#2"},
				"down": {"uv": [9, 0, 10, 0.6], "texture": "#2"}
			}
		},
		{
			"from": [6.5, 19.5, 7.5],
			"to": [7.5, 20.5, 7.8],
			"faces": {
				"east": {"uv": [0, 0, 0.3, 1], "texture": "#2"},
				"west": {"uv": [0, 0, 0.3, 1], "texture": "#2"},
				"up": {"uv": [0, 0, 1, 0.3], "texture": "#2"},
				"down": {"uv": [0, 0, 1, 0.3], "texture": "#2"}
			}
		},
		{
			"from": [9.5, 17.5, 7.5],
			"to": [10.5, 19.5, 7.8],
			"faces": {
				"east": {"uv": [9, 0, 9.6, 2], "texture": "#2"},
				"west": {"uv": [9, 0, 9.6, 2], "texture": "#2"},
				"up": {"uv": [9, 0, 10, 0.6], "texture": "#2"},
				"down": {"uv": [9, 0, 10, 0.6], "texture": "#2"}
			}
		},
		{
			"from": [5.5, 17.5, 7.5],
			"to": [6.5, 19.5, 7.8],
			"faces": {
				"east": {"uv": [9, 0, 9.6, 2], "texture": "#2"},
				"west": {"uv": [9, 0, 9.6, 2], "texture": "#2"},
				"up": {"uv": [9, 0, 10, 0.6], "texture": "#2"},
				"down": {"uv": [9, 0, 10, 0.6], "texture": "#2"}
			}
		},
		{
			"from": [6.5, 17.5, 7.5],
			"to": [9.5, 19.5, 7.8],
			"faces": {
				"east": {"uv": [0, 0, 0.6, 2], "texture": "#2"},
				"west": {"uv": [0, 0, 0.6, 2], "texture": "#2"},
				"up": {"uv": [0, 0, 3, 0.6], "texture": "#2"},
				"down": {"uv": [0, 0, 3, 0.6], "texture": "#2"}
			}
		},
		{
			"from": [9.5, 14.5, 7.5],
			"to": [11.5, 17.5, 7.8],
			"faces": {
				"east": {"uv": [9, 0, 9.6, 3], "texture": "#2"},
				"west": {"uv": [9, 0, 9.6, 3], "texture": "#2"},
				"up": {"uv": [9, 0, 10, 0.6], "texture": "#2"},
				"down": {"uv": [9, 0, 10, 0.6], "texture": "#2"}
			}
		},
		{
			"from": [4.5, 14.5, 7.5],
			"to": [6.5, 17.5, 7.8],
			"faces": {
				"east": {"uv": [9, 0, 9.6, 3], "texture": "#2"},
				"west": {"uv": [9, 0, 9.6, 3], "texture": "#2"},
				"up": {"uv": [9, 0, 10, 0.6], "texture": "#2"},
				"down": {"uv": [9, 0, 10, 0.6], "texture": "#2"}
			}
		},
		{
			"from": [6.5, 14.5, 7.5],
			"to": [9.5, 17.5, 7.8],
			"faces": {
				"east": {"uv": [9, 0, 9.6, 3], "texture": "#2"},
				"west": {"uv": [9, 0, 9.6, 3], "texture": "#2"},
				"up": {"uv": [9, 0, 12, 0.6], "texture": "#2"},
				"down": {"uv": [9, 0, 12, 0.6], "texture": "#2"}
			}
		},
		{
			"from": [10.5, 10.5, 7.5],
			"to": [12.5, 14.5, 7.8],
			"faces": {
				"east": {"uv": [9, 0, 9.6, 4], "texture": "#2"},
				"west": {"uv": [9, 0, 9.6, 4], "texture": "#2"},
				"up": {"uv": [9, 0, 11, 0.6], "texture": "#2"},
				"down": {"uv": [9, 0, 11, 0.6], "texture": "#2"}
			}
		},
		{
			"from": [11.5, 9.5, 7.5],
			"to": [12.5, 10.5, 7.8],
			"faces": {
				"east": {"uv": [9, 0, 9.6, 1], "texture": "#2"},
				"west": {"uv": [9, 0, 9.6, 1], "texture": "#2"},
				"up": {"uv": [9, 0, 10, 0.6], "texture": "#2"},
				"down": {"uv": [9, 0, 10, 0.6], "texture": "#2"}
			}
		},
		{
			"from": [3.5, 9.5, 7.5],
			"to": [4.5, 10.5, 7.8],
			"faces": {
				"east": {"uv": [9, 0, 9.6, 1], "texture": "#2"},
				"west": {"uv": [9, 0, 9.6, 1], "texture": "#2"},
				"up": {"uv": [9, 0, 10, 0.6], "texture": "#2"},
				"down": {"uv": [9, 0, 10, 0.6], "texture": "#2"}
			}
		},
		{
			"from": [3.5, 8.5, 7.5],
			"to": [4.5, 9.5, 7.8],
			"faces": {
				"east": {"uv": [9, 0, 9.6, 1], "texture": "#2"},
				"west": {"uv": [9, 0, 9.6, 1], "texture": "#2"},
				"up": {"uv": [9, 0, 11, 0.6], "texture": "#2"},
				"down": {"uv": [9, 0, 11, 0.6], "texture": "#2"}
			}
		},
		{
			"from": [11.5, 8.5, 7.5],
			"to": [12.5, 9.5, 7.8],
			"faces": {
				"east": {"uv": [9, 0, 9.6, 1], "texture": "#2"},
				"west": {"uv": [9, 0, 9.6, 1], "texture": "#2"},
				"up": {"uv": [9, 0, 11, 0.6], "texture": "#2"},
				"down": {"uv": [9, 0, 11, 0.6], "texture": "#2"}
			}
		},
		{
			"from": [3.5, 10.5, 7.5],
			"to": [5.5, 14.5, 7.8],
			"faces": {
				"east": {"uv": [9, 0, 9.6, 4], "texture": "#2"},
				"west": {"uv": [9, 0, 9.6, 4], "texture": "#2"},
				"up": {"uv": [9, 0, 11, 0.6], "texture": "#2"},
				"down": {"uv": [9, 0, 11, 0.6], "texture": "#2"}
			}
		},
		{
			"from": [5.5, 10.5, 7.5],
			"to": [10.5, 14.5, 7.8],
			"faces": {
				"east": {"uv": [9, 0, 9.6, 4], "texture": "#2"},
				"west": {"uv": [9, 0, 9.6, 4], "texture": "#2"},
				"up": {"uv": [9, 0, 14, 0.6], "texture": "#2"},
				"down": {"uv": [9, 0, 14, 0.6], "texture": "#2"}
			}
		},
		{
			"from": [4.5, 9.5, 7.5],
			"to": [11.5, 10.5, 7.8],
			"faces": {
				"east": {"uv": [9, 0, 9.6, 1], "texture": "#2"},
				"west": {"uv": [9, 0, 9.6, 1], "texture": "#2"},
				"up": {"uv": [9, 0, 16, 0.6], "texture": "#2"},
				"down": {"uv": [9, 0, 16, 0.6], "texture": "#2"}
			}
		},
		{
			"from": [11, 5.5, 7.6],
			"to": [13, 8.5, 7.6],
			"faces": {
				"north": {"uv": [1.75, 3, 4.25, 7.25], "texture": "#4"},
				"east": {"uv": [0, 0, 0, 3], "texture": "#4"},
				"south": {"uv": [4.25, 3, 6.75, 7.25], "texture": "#4"},
				"west": {"uv": [0, 0, 0, 3], "texture": "#4"},
				"up": {"uv": [0, 0, 2, 0], "texture": "#4"},
				"down": {"uv": [0, 0, 2, 0], "texture": "#4"}
			}
		},
		{
			"from": [7, 6.5, 7.6],
			"to": [9, 9.5, 7.6],
			"faces": {
				"north": {"uv": [1.75, 3, 4.25, 7.25], "texture": "#4"},
				"east": {"uv": [0, 0, 0, 3], "texture": "#4"},
				"south": {"uv": [4.25, 3, 6.75, 7.25], "texture": "#4"},
				"west": {"uv": [0, 0, 0, 3], "texture": "#4"},
				"up": {"uv": [0, 0, 2, 0], "texture": "#4"},
				"down": {"uv": [0, 0, 2, 0], "texture": "#4"}
			}
		},
		{
			"from": [3, 5.5, 7.6],
			"to": [5, 8.5, 7.6],
			"rotation": {"angle": 0, "axis": "z", "origin": [4, 7, 7.6]},
			"faces": {
				"north": {"uv": [1.75, 3, 4.25, 7.25], "texture": "#4"},
				"east": {"uv": [0, 0, 0, 3], "texture": "#4"},
				"south": {"uv": [4.25, 3, 6.75, 7.25], "texture": "#4"},
				"west": {"uv": [0, 0, 0, 3], "texture": "#4"},
				"up": {"uv": [0, 0, 2, 0], "texture": "#4"},
				"down": {"uv": [0, 0, 2, 0], "texture": "#4"}
			}
		},
		{
			"from": [7.5, 16, 7.7],
			"to": [8.5, 17, 8.7],
			"faces": {
				"north": {"uv": [0, 0, 1, 5], "texture": "#missing"},
				"east": {"uv": [0, 0, 1, 5], "texture": "#0"},
				"south": {"uv": [0, 0, 1, 0.75], "texture": "#4"},
				"west": {"uv": [0, 0, 1, 5], "texture": "#0"},
				"up": {"uv": [0, 0, 1, 1], "texture": "#4"},
				"down": {"uv": [1, 0, 2, 1], "texture": "#4"}
			}
		},
		{
			"from": [7.5, 12, 7.7],
			"to": [8.5, 13, 8.7],
			"faces": {
				"north": {"uv": [0, 0, 1, 5], "texture": "#missing"},
				"east": {"uv": [0, 0, 1, 5], "texture": "#0"},
				"south": {"uv": [0, 0, 1, 0.75], "texture": "#4"},
				"west": {"uv": [0, 0, 1, 5], "texture": "#0"},
				"up": {"uv": [1, 0, 2, 1], "texture": "#4"},
				"down": {"uv": [0, 0, 1, 1], "texture": "#4"}
			}
		},
		{
			"from": [7.5, 13, 8.7],
			"to": [8.5, 16, 9.7],
			"faces": {
				"north": {"uv": [1, 0, 2, 3], "texture": "#4"},
				"east": {"uv": [1, 0, 2, 2.5], "texture": "#4"},
				"south": {"uv": [0, 0, 1, 1], "texture": "#4"},
				"west": {"uv": [1, 0, 2, 3], "texture": "#4"},
				"up": {"uv": [0, 0, 1, 1], "texture": "#4"},
				"down": {"uv": [0, 0, 1, 1], "texture": "#4"}
			}
		}
	],
	"display": {
		"thirdperson_righthand": {
			"rotation": [10, -89, 8],
			"translation": [2.75, -11.5, 1.75],
			"scale": [1.48, 1.48, 1.48]
		},
		"thirdperson_lefthand": {
			"rotation": [10, -89, 8],
			"translation": [2.75, -11.5, 1.75],
			"scale": [1.48, 1.48, 1.48]
		},
		"firstperson_righthand": {
			"rotation": [-6, -71, 36],
			"translation": [2.5, -3.5, 9]
		},
		"firstperson_lefthand": {
			"rotation": [-6, -71, 36],
			"translation": [2.5, -3.5, 9]
		},
		"gui": {
			"rotation": [0, -180, 0],
			"translation": [0, -5, 0],
			"scale": [0.9, 0.9, 0.9]
		},
		"fixed": {
			"translation": [0, -6.5, 0],
			"scale": [1.16, 1.16, 1.16]
		}
	}
}