{
	"credit": "Made with Blockbench",
	"parent": "models/item/shield",
	"ambientocclusion": false,
	"textures": {
		"4": "item/weapons/shields/zelda/wooden_radiant_back",
		"5": "item/weapons/shields/zelda/radiant_shield"
	},
	"elements": [
		{
			"from": [1, 15, 7],
			"to": [15, 17, 8],
			"faces": {
				"east": {"uv": [7, 2, 7.5, 3], "texture": "#5"},
				"west": {"uv": [0.5, 2, 1, 3], "texture": "#5"},
				"up": {"uv": [0.5, 2, 7.5, 2.5], "texture": "#5"},
				"down": {"uv": [0, 0, 0, 0], "texture": "#5"}
			}
		},
		{
			"from": [2, 17, 7],
			"to": [14, 18, 8],
			"faces": {
				"east": {"uv": [6.5, 1.5, 7, 2], "texture": "#5"},
				"west": {"uv": [1, 1.5, 1.5, 2], "texture": "#5"},
				"up": {"uv": [1, 1.5, 7, 2], "texture": "#5"},
				"down": {"uv": [0, 0, 0, 0], "texture": "#5"}
			}
		},
		{
			"from": [4, 19, 7],
			"to": [12, 20, 8],
			"faces": {
				"east": {"uv": [5.5, 0.5, 6, 1], "texture": "#5"},
				"west": {"uv": [2, 0.5, 2.5, 1], "texture": "#5"},
				"up": {"uv": [2, 0.5, 6, 1], "rotation": 180, "texture": "#5"},
				"down": {"uv": [0, 0, 0, 0], "texture": "#5"}
			}
		},
		{
			"from": [6, 20, 7],
			"to": [10, 21, 8],
			"faces": {
				"east": {"uv": [4.5, 0, 5, 0.5], "texture": "#5"},
				"west": {"uv": [3, 0, 3.5, 0.5], "texture": "#5"},
				"up": {"uv": [5, 0, 3, 0.5], "texture": "#5"},
				"down": {"uv": [0, 0, 0, 0], "texture": "#5"}
			}
		},
		{
			"from": [7, 14.5, 8],
			"to": [9, 16.5, 8.5],
			"faces": {
				"north": {"uv": [3.5, 3.5, 4.5, 4], "texture": "#4"},
				"east": {"uv": [4, 3.5, 4.5, 4.5], "texture": "#4"},
				"south": {"uv": [3.5, 3.5, 4.5, 4], "texture": "#4"},
				"west": {"uv": [3.5, 3.5, 4, 4.5], "texture": "#4"},
				"up": {"uv": [3.5, 3.5, 4.5, 4], "texture": "#4"},
				"down": {"uv": [3.5, 4, 4.5, 4.5], "texture": "#4"}
			}
		},
		{
			"from": [7, 9.5, 8],
			"to": [9, 11.5, 8.5],
			"faces": {
				"north": {"uv": [3.5, 3.5, 4.5, 4], "texture": "#4"},
				"east": {"uv": [4, 3.5, 4.5, 4.5], "texture": "#4"},
				"south": {"uv": [3.5, 3.5, 4.5, 4], "texture": "#4"},
				"west": {"uv": [3.5, 3.5, 4, 4.5], "texture": "#4"},
				"up": {"uv": [3.5, 3.5, 4.5, 4], "texture": "#4"},
				"down": {"uv": [3.5, 4, 4.5, 4.5], "texture": "#4"}
			}
		},
		{
			"from": [0, 11, 7],
			"to": [16, 15, 8],
			"faces": {
				"east": {"uv": [0, 3, 0.5, 5], "texture": "#5"},
				"west": {"uv": [7.5, 3, 8, 5], "texture": "#5"},
				"up": {"uv": [8, 3, 0, 3.5], "texture": "#5"},
				"down": {"uv": [0, 4.5, 8, 5], "rotation": 180, "texture": "#5"}
			}
		},
		{
			"from": [1, 9, 7],
			"to": [15, 11, 8],
			"faces": {
				"east": {"uv": [0.5, 5, 1, 6], "texture": "#5"},
				"west": {"uv": [0.5, 5, 1, 6], "texture": "#5"},
				"up": {"uv": [0, 0, 0, 0], "texture": "#5"},
				"down": {"uv": [0.5, 5.5, 7.5, 6], "rotation": 180, "texture": "#5"}
			}
		},
		{
			"from": [3, 7, 7],
			"to": [13, 8, 8],
			"faces": {
				"east": {"uv": [1.5, 6.5, 2, 7], "texture": "#5"},
				"west": {"uv": [1.5, 6.5, 2, 7], "texture": "#5"},
				"up": {"uv": [0, 0, 0, 0], "texture": "#5"},
				"down": {"uv": [1.5, 6.5, 6.5, 7], "rotation": 180, "texture": "#5"}
			}
		},
		{
			"from": [4, 6, 7],
			"to": [12, 7, 8],
			"faces": {
				"east": {"uv": [5.5, 7, 6, 7.5], "texture": "#5"},
				"west": {"uv": [2, 7, 2.5, 7.5], "texture": "#5"},
				"up": {"uv": [0, 0, 0, 0], "texture": "#5"},
				"down": {"uv": [6, 7, 2, 7.5], "texture": "#5"}
			}
		},
		{
			"from": [5, 5, 7],
			"to": [11, 6, 8],
			"faces": {
				"east": {"uv": [5, 7.5, 5.5, 8], "texture": "#5"},
				"west": {"uv": [2.5, 7.5, 3, 8], "texture": "#5"},
				"up": {"uv": [0, 0, 0, 0], "texture": "#5"},
				"down": {"uv": [2.5, 7.5, 5.5, 8], "rotation": 180, "texture": "#5"}
			}
		},
		{
			"from": [6, 4, 7],
			"to": [10, 5, 8],
			"faces": {
				"east": {"uv": [5, 7.5, 5.5, 8], "texture": "#5"},
				"west": {"uv": [2.5, 7.5, 3, 8], "texture": "#5"},
				"up": {"uv": [0, 0, 0, 0], "texture": "#5"},
				"down": {"uv": [3, 8, 5, 8.5], "rotation": 180, "texture": "#5"}
			}
		},
		{
			"from": [7, 3, 7],
			"to": [9, 4, 8],
			"faces": {
				"east": {"uv": [5, 7.5, 5.5, 8], "texture": "#5"},
				"west": {"uv": [2.5, 7.5, 3, 8], "texture": "#5"},
				"up": {"uv": [0, 0, 0, 0], "texture": "#5"},
				"down": {"uv": [3.5, 8.5, 4.5, 9], "rotation": 180, "texture": "#5"}
			}
		},
		{
			"from": [7.5, 15, 8],
			"to": [8.5, 16, 11],
			"faces": {
				"north": {"uv": [0, 0, 0.5, 0.5], "texture": "#5"},
				"east": {"uv": [3.5, 3, 4.5, 3.5], "texture": "#5"},
				"south": {"uv": [3, 3.5, 3.5, 4], "texture": "#5"},
				"west": {"uv": [4.5, 3, 3.5, 3.5], "texture": "#5"},
				"up": {"uv": [3.5, 3, 4.5, 3.5], "rotation": 270, "texture": "#5"},
				"down": {"uv": [3.5, 3, 4.5, 3.5], "rotation": 90, "texture": "#5"}
			}
		},
		{
			"from": [7.5, 10, 8],
			"to": [8.5, 11, 11],
			"faces": {
				"north": {"uv": [0, 0, 0.5, 0.5], "texture": "#5"},
				"east": {"uv": [3.5, 3, 4.5, 3.5], "texture": "#5"},
				"south": {"uv": [3, 3.5, 3.5, 4], "texture": "#5"},
				"west": {"uv": [4.5, 3, 3.5, 3.5], "texture": "#5"},
				"up": {"uv": [3.5, 3, 4.5, 3.5], "rotation": 270, "texture": "#5"},
				"down": {"uv": [3.5, 3, 4.5, 3.5], "rotation": 90, "texture": "#5"}
			}
		},
		{
			"from": [0, 3, 7],
			"to": [16, 21, 7],
			"faces": {
				"north": {"uv": [0, 0, 8, 9], "texture": "#5"}
			}
		},
		{
			"from": [0, 3, 8],
			"to": [16, 21, 8],
			"faces": {
				"south": {"uv": [0, 0, 8, 9], "texture": "#4"}
			}
		},
		{
			"from": [3, 18, 7],
			"to": [13, 19, 8],
			"faces": {
				"east": {"uv": [6, 1, 6.5, 1.5], "texture": "#5"},
				"west": {"uv": [1.5, 1, 2, 1.5], "texture": "#5"},
				"up": {"uv": [6.5, 1, 1.5, 1.5], "texture": "#5"},
				"down": {"uv": [1, 1.5, 1.5, 6.5], "rotation": 90, "texture": "#5"}
			}
		},
		{
			"from": [2, 8, 7],
			"to": [14, 9, 8],
			"faces": {
				"east": {"uv": [0.5, 2.5, 1, 3], "texture": "#5"},
				"west": {"uv": [1, 6, 1.5, 6.5], "texture": "#5"},
				"up": {"uv": [1, 1, 1.5, 7], "rotation": 270, "texture": "#5"},
				"down": {"uv": [1, 6, 7, 6.5], "rotation": 180, "texture": "#5"}
			}
		},
		{
			"from": [7.5, 11, 10],
			"to": [8.5, 15, 11],
			"faces": {
				"north": {"uv": [4, 3, 4.5, 5], "texture": "#4"},
				"east": {"uv": [4, 3, 4.5, 5], "texture": "#4"},
				"south": {"uv": [4, 3, 4.5, 5], "texture": "#4"},
				"west": {"uv": [4, 3, 4.5, 5], "texture": "#4"},
				"up": {"uv": [0.5, 2.5, 1, 3], "texture": "#5"},
				"down": {"uv": [0, 4, 0.5, 4.5], "texture": "#5"}
			}
		},
		{
			"from": [7, 12, 6.25],
			"to": [9, 14, 7],
			"faces": {
				"north": {"uv": [3.5, 3.5, 4.5, 4.5], "texture": "#5"},
				"east": {"uv": [3.5, 3.5, 4, 4.5], "texture": "#5"},
				"south": {"uv": [0, 1, 1, 2], "texture": "#5"},
				"west": {"uv": [4, 3.5, 4.5, 4.5], "texture": "#5"},
				"up": {"uv": [4.5, 3.5, 3.5, 4], "texture": "#5"},
				"down": {"uv": [4.5, 4, 3.5, 4.5], "texture": "#5"}
			}
		},
		{
			"from": [13.3, 12.3, 6.75],
			"to": [14.3, 13.3, 7.75],
			"rotation": {"angle": 45, "axis": "z", "origin": [13.6, 13, 7.25]},
			"faces": {
				"north": {"uv": [3.5, 4.5, 4.5, 3.5], "texture": "#5"},
				"east": {"uv": [4, 4.5, 3.5, 3.5], "texture": "#5"},
				"south": {"uv": [3, 3, 3.5, 3.5], "texture": "#5"},
				"west": {"uv": [4.5, 4.5, 3.5, 4], "rotation": 90, "texture": "#5"},
				"up": {"uv": [4.5, 4, 3.5, 4.5], "texture": "#5"},
				"down": {"uv": [4.5, 3.5, 3.5, 4], "texture": "#5"}
			}
		},
		{
			"from": [13.3, 20.6, 6.75],
			"to": [14.3, 21.6, 7.75],
			"rotation": {"angle": 45, "axis": "z", "origin": [13.6, 13, 7.25]},
			"faces": {
				"north": {"uv": [3.5, 4.5, 4.5, 3.5], "texture": "#5"},
				"east": {"uv": [4, 4.5, 3.5, 3.5], "texture": "#5"},
				"south": {"uv": [3, 3, 3.5, 3.5], "texture": "#5"},
				"west": {"uv": [4.5, 4.5, 3.5, 4], "rotation": 90, "texture": "#5"},
				"up": {"uv": [4.5, 4, 3.5, 4.5], "texture": "#5"},
				"down": {"uv": [4.5, 3.5, 3.5, 4], "texture": "#5"}
			}
		},
		{
			"from": [5, 20.6, 6.75],
			"to": [6, 21.6, 7.75],
			"rotation": {"angle": 45, "axis": "z", "origin": [13.6, 13, 7.25]},
			"faces": {
				"north": {"uv": [3.5, 4.5, 4.5, 3.5], "texture": "#5"},
				"east": {"uv": [4, 4.5, 3.5, 3.5], "texture": "#5"},
				"south": {"uv": [3, 3, 3.5, 3.5], "texture": "#5"},
				"west": {"uv": [4.5, 4.5, 3.5, 4], "rotation": 90, "texture": "#5"},
				"up": {"uv": [4.5, 4, 3.5, 4.5], "texture": "#5"},
				"down": {"uv": [4.5, 3.5, 3.5, 4], "texture": "#5"}
			}
		},
		{
			"from": [5, 12.4, 6.65],
			"to": [6.2, 13.6, 7.85],
			"rotation": {"angle": 45, "axis": "z", "origin": [13.6, 13, 7.25]},
			"faces": {
				"north": {"uv": [3.5, 4.5, 4.5, 3.5], "texture": "#5"},
				"east": {"uv": [4, 4.5, 3.5, 3.5], "texture": "#5"},
				"south": {"uv": [3, 3, 3.5, 3.5], "texture": "#5"},
				"west": {"uv": [4.5, 4.5, 3.5, 4], "rotation": 90, "texture": "#5"},
				"up": {"uv": [4.5, 4, 3.5, 4.5], "texture": "#5"},
				"down": {"uv": [4.5, 3.5, 3.5, 4], "texture": "#5"}
			}
		}
	],
	"gui_light": "front",
	"display": {
		"thirdperson_righthand": {
			"rotation": [0, -90, 0],
			"translation": [3, -6.5, 2.5],
			"scale": [0.9, 0.9, 0.9]
		},
		"thirdperson_lefthand": {
			"rotation": [0, -90, 0],
			"translation": [3, -6.5, 2.5],
			"scale": [0.9, 0.9, 0.9]
		},
		"firstperson_righthand": {
			"rotation": [-13, -75, 14],
			"translation": [0.25, -2.5, 4.75],
			"scale": [0.7, 0.7, 0.7]
		},
		"firstperson_lefthand": {
			"rotation": [-13, -75, 14],
			"translation": [0.25, -2.5, 4.75],
			"scale": [0.7, 0.7, 0.7]
		},
		"ground": {
			"translation": [0, 2, 0],
			"scale": [0.5, 0.5, 0.5]
		},
		"gui": {
			"rotation": [0, -180, 0],
			"translation": [0, -3.25, 0],
			"scale": [0.8, 0.8, 0.8]
		},
		"head": {
			"translation": [0, 6, -7]
		},
		"fixed": {
			"translation": [0, -4, 0]
		}
	}
}