{
	"credit": "Made with Blockbench",
	"parent": "item/handheld",
	"textures": {
		"layer0": "item/weapons/swords/pirate/wooden_sword"
	},
	"display": {
		"thirdperson_righthand": {
			"rotation": [0, -90, 45],
			"translation": [0, 9.25, 2],
			"scale": [1.4, 1.4, 1.4]
		},
		"thirdperson_lefthand": {
			"rotation": [0, 90, -45],
			"translation": [0, 9.25, 2],
			"scale": [1.4, 1.4, 1.4]
		},
		"firstperson_righthand": {
			"rotation": [0, -90, 45],
			"translation": [0, 8.25, 0],
			"scale": [1.4, 1.4, 1.4]
		},
		"firstperson_lefthand": {
			"rotation": [0, 90, -45],
			"translation": [0, 8.25, 0],
			"scale": [1.4, 1.4, 1.4]
		},
		"ground": {
			"rotation": [0, 0, 90],
			"translation": [0, 6, 0]
		},
		"gui": {
			"rotation": [0, 180, 91],
			"translation": [3, 2.5, 0],
			"scale": [1.34, 1.34, 1.34]
		},
		"head": {
			"rotation": [0, 0, 45],
			"translation": [0, 11, 0]
		},
		"fixed": {
			"rotation": [0, 0, 90],
			"translation": [-3.5, 3.25, 0],
			"scale": [1.63, 1.63, 1.63]
		}
	}
}