{
	"credit": "Made with Blockbench",
	"parent": "item/handheld",
	"textures": {
		"layer0": "item/weapons/greatswords/fire_coral_greatsword"
	},
	"display": {
		"thirdperson_righthand": {
			"rotation": [0, -90, 45],
			"translation": [0, 9.25, 2],
			"scale": [1.75, 1.75, 1]
		},
		"thirdperson_lefthand": {
			"rotation": [-115, 0, 0],
			"translation": [-5, -7, 6.5],
			"scale": [1.75, 1.75, 1]
		},
		"firstperson_righthand": {
			"rotation": [0, -90, 45],
			"translation": [0, 6.5, 0],
			"scale": [1.35, 1.35, 1]
		},
		"firstperson_lefthand": {
			"rotation": [0, 90, -45],
			"translation": [0, 6.5, 0],
			"scale": [0, 0, 0]
		},
		"ground": {
			"translation": [0, 2, 0]
		},
		"gui": {
			"scale": [1.25, 1.25, 1.25]
		},
		"head": {
			"rotation": [0, 0, 45],
			"translation": [0, 16, 0]
		},
		"fixed": {
			"rotation": [0, 180, 0],
			"scale": [1.6, 1.6, 1]
		}
	}
}