{
	"credit": "Made with Blockbench",
	"parent": "item/handheld",
	"textures": {
		"layer0": "item/weapons/greatswords/grand_dad"
	},
	"display": {
		"thirdperson_righthand": {
			"rotation": [0, -90, 45],
			"translation": [0, 9.25, 2],
			"scale": [1.5, 1.5, 1]
		},
		"thirdperson_lefthand": {
			"rotation": [-105, 0, -17],
			"translation": [-4.5, -7.25, 7.25],
			"scale": [1.5, 1.5, 1]
		},
		"firstperson_righthand": {
			"rotation": [0, -90, 43],
			"translation": [0, 2.75, 0],
			"scale": [1.25, 1.25, 1]
		},
		"firstperson_lefthand": {
			"rotation": [0, 90, -42],
			"translation": [0, 2.75, 0],
			"scale": [0, 0, 0]
		},
		"ground": {
			"translation": [0, 4.75, 0]
		},
		"head": {
			"rotation": [0, 0, 45],
			"translation": [0, 11, 0]
		},
		"fixed": {
			"scale": [1, 1, 0.5]
		}
	}
}