{
	"parent": "item/handheld",
	"textures": {
		"layer0": "item/carrot_on_a_stick/4"},
		"display": {
		"thirdperson_righthand": {
			"rotation": [33, 90, 10],
			"translation": [0.0, 8.5, 2.0],
			"scale": [1.0, 1.0, 2.0]
		},
		"firstperson_righthand": {
			"rotation": [0, -60, 25],
			"translation": [3.0, 4, -3.25],
			"scale": [1.0, 1.0, 2.0]
		},
		"firstperson_lefthand": {
			"rotation": [-31, -180, 0]
		},
		"ground": {
			"rotation": [14, 0, 0],
			"translation": [0, 2.75, 0.25],
			"scale": [1.0, 1.0, 2.0]
		},
		"gui": {
			"rotation": [-2, 0, 0],
			"translation": [0.8, 0.1, 0],
			"scale": [0.85, 0.85, 0.85]
		}
	}
		}
	}
	
}
