{
    "parent": "block/carved_pumpkin",
	"overrides": [
		{"predicate": {"custom_model_data":1}, "model": "item/cosmetics/hats/anime/megumin_hat"},
		{"predicate": {"custom_model_data":2}, "model": "item/cosmetics/hats/ninja/hoodsora"},
		{"predicate": {"custom_model_data":3}, "model": "item/cosmetics/hats/ninja/maskarin"},
		{"predicate": {"custom_model_data":4}, "model": "item/cosmetics/hats/ninja/maskcole"},
		{"predicate": {"custom_model_data":5}, "model": "item/cosmetics/hats/ninja/maskjay"},
		{"predicate": {"custom_model_data":6}, "model": "item/cosmetics/hats/ninja/maskkai"},
		{"predicate": {"custom_model_data":7}, "model": "item/cosmetics/hats/ninja/masklloyd"},
		{"predicate": {"custom_model_data":8}, "model": "item/cosmetics/hats/ninja/masknya"},
		{"predicate": {"custom_model_data":9}, "model": "item/cosmetics/hats/ninja/maskzane"}

	]
}

