{
	"credit": "Made with Blockbench",
	"texture_size": [32, 32],
	"textures": {
		"2": "item/dark_katana/dark_katana_texture",
		"particle": "item/dark_katana/dark_katana_texture"
	},
	"elements": [
		{
			"from": [7.5, 0, 15],
			"to": [8.5, 1, 16],
			"rotation": {"angle": 0, "axis": "x", "origin": [0.5, 8.5, 9.5]},
			"faces": {
				"north": {"uv": [2, 0.5, 1.5, 0], "rotation": 180, "texture": "#2", "cullface": "up"},
				"east": {"uv": [1, 0.5, 1.5, 1], "rotation": 90, "texture": "#2", "cullface": "east"},
				"south": {"uv": [1, 1.5, 0.5, 2], "texture": "#2", "cullface": "north"},
				"west": {"uv": [0, 1.5, 0.5, 2], "rotation": 270, "texture": "#2", "cullface": "west"},
				"up": {"uv": [1, 1, 1.5, 1.5], "texture": "#2", "cullface": "south"},
				"down": {"uv": [0.5, 1, 1, 1.5], "rotation": 180, "texture": "#2", "cullface": "north"}
			}
		},
		{
			"from": [7.5, 1, 16],
			"to": [8.5, 2, 17],
			"rotation": {"angle": 0, "axis": "x", "origin": [0.5, 8.5, 9.5]},
			"faces": {
				"north": {"uv": [0.5, 2.5, 0, 2], "rotation": 180, "texture": "#2", "cullface": "up"},
				"east": {"uv": [1, 1.5, 1.5, 2], "rotation": 90, "texture": "#2", "cullface": "east"},
				"south": {"uv": [2.5, 0, 2, 0.5], "texture": "#2", "cullface": "north"},
				"west": {"uv": [1.5, 1.5, 2, 2], "rotation": 270, "texture": "#2", "cullface": "west"},
				"up": {"uv": [1.5, 1, 2, 1.5], "texture": "#2", "cullface": "south"},
				"down": {"uv": [1.5, 0.5, 2, 1], "rotation": 180, "texture": "#2", "cullface": "north"}
			}
		},
		{
			"from": [7.5, 1, 15],
			"to": [8.5, 2, 16],
			"rotation": {"angle": 0, "axis": "x", "origin": [0.5, 8.5, 9.5]},
			"faces": {
				"north": {"uv": [2, 2.5, 1.5, 2], "rotation": 180, "texture": "#2", "cullface": "up"},
				"east": {"uv": [2, 0.5, 2.5, 1], "rotation": 90, "texture": "#2", "cullface": "east"},
				"south": {"uv": [2.5, 1.5, 2, 2], "texture": "#2", "cullface": "north"},
				"west": {"uv": [2, 1, 2.5, 1.5], "rotation": 270, "texture": "#2", "cullface": "west"},
				"up": {"uv": [1, 2, 1.5, 2.5], "texture": "#2", "cullface": "south"},
				"down": {"uv": [0.5, 2, 1, 2.5], "rotation": 180, "texture": "#2", "cullface": "north"}
			}
		},
		{
			"from": [7.5, 1, 14],
			"to": [8.5, 2, 15],
			"rotation": {"angle": 0, "axis": "x", "origin": [0.5, 8.5, 9.5]},
			"faces": {
				"north": {"uv": [3, 1, 2.5, 0.5], "rotation": 180, "texture": "#2", "cullface": "up"},
				"east": {"uv": [0, 2.5, 0.5, 3], "rotation": 90, "texture": "#2", "cullface": "east"},
				"south": {"uv": [1.5, 2.5, 1, 3], "texture": "#2", "cullface": "north"},
				"west": {"uv": [0.5, 2.5, 1, 3], "rotation": 270, "texture": "#2", "cullface": "west"},
				"up": {"uv": [2.5, 0, 3, 0.5], "texture": "#2", "cullface": "south"},
				"down": {"uv": [2, 2, 2.5, 2.5], "rotation": 180, "texture": "#2", "cullface": "north"}
			}
		},
		{
			"from": [7.5, 2, 14],
			"to": [8.5, 3, 15],
			"rotation": {"angle": 0, "axis": "x", "origin": [0.5, 8.5, 9.5]},
			"faces": {
				"north": {"uv": [3, 2.5, 2.5, 2], "rotation": 180, "texture": "#2", "cullface": "up"},
				"east": {"uv": [1.5, 2.5, 2, 3], "rotation": 90, "texture": "#2", "cullface": "east"},
				"south": {"uv": [3, 2.5, 2.5, 3], "texture": "#2", "cullface": "north"},
				"west": {"uv": [2, 2.5, 2.5, 3], "rotation": 270, "texture": "#2", "cullface": "west"},
				"up": {"uv": [2.5, 1.5, 3, 2], "texture": "#2", "cullface": "south"},
				"down": {"uv": [2.5, 1, 3, 1.5], "rotation": 180, "texture": "#2", "cullface": "north"}
			}
		},
		{
			"from": [7.5, 2, 13],
			"to": [8.5, 3, 14],
			"rotation": {"angle": 0, "axis": "x", "origin": [0.5, 8.5, 9.5]},
			"faces": {
				"north": {"uv": [4, 1, 3.5, 0.5], "rotation": 180, "texture": "#2", "cullface": "up"},
				"east": {"uv": [0, 3.5, 0.5, 4], "rotation": 90, "texture": "#2", "cullface": "east"},
				"south": {"uv": [1.5, 3.5, 1, 4], "texture": "#2", "cullface": "north"},
				"west": {"uv": [0.5, 3.5, 1, 4], "rotation": 270, "texture": "#2", "cullface": "west"},
				"up": {"uv": [3.5, 0, 4, 0.5], "texture": "#2", "cullface": "south"},
				"down": {"uv": [3, 3, 3.5, 3.5], "rotation": 180, "texture": "#2", "cullface": "north"}
			}
		},
		{
			"from": [7.5, 3, 13],
			"to": [8.5, 4, 14],
			"rotation": {"angle": 0, "axis": "x", "origin": [0.5, 8.5, 9.5]},
			"faces": {
				"north": {"uv": [4, 2.5, 3.5, 2], "rotation": 180, "texture": "#2", "cullface": "up"},
				"east": {"uv": [1.5, 3.5, 2, 4], "rotation": 90, "texture": "#2", "cullface": "east"},
				"south": {"uv": [3, 3.5, 2.5, 4], "texture": "#2", "cullface": "north"},
				"west": {"uv": [2, 3.5, 2.5, 4], "rotation": 270, "texture": "#2", "cullface": "west"},
				"up": {"uv": [3.5, 1.5, 4, 2], "texture": "#2", "cullface": "south"},
				"down": {"uv": [3.5, 1, 4, 1.5], "rotation": 180, "texture": "#2", "cullface": "north"}
			}
		},
		{
			"from": [7.5, 3, 12],
			"to": [8.5, 4, 13],
			"rotation": {"angle": 0, "axis": "x", "origin": [0.5, 8.5, 9.5]},
			"faces": {
				"north": {"uv": [0.5, 4.5, 0, 4], "rotation": 180, "texture": "#2", "cullface": "up"},
				"east": {"uv": [3, 3.5, 3.5, 4], "rotation": 90, "texture": "#2", "cullface": "east"},
				"south": {"uv": [4.5, 0, 4, 0.5], "texture": "#2", "cullface": "north"},
				"west": {"uv": [3.5, 3.5, 4, 4], "rotation": 270, "texture": "#2", "cullface": "west"},
				"up": {"uv": [3.5, 3, 4, 3.5], "texture": "#2", "cullface": "south"},
				"down": {"uv": [3.5, 2.5, 4, 3], "rotation": 180, "texture": "#2", "cullface": "north"}
			}
		},
		{
			"from": [7.5, 3, 11],
			"to": [8.5, 4, 12],
			"rotation": {"angle": 0, "axis": "x", "origin": [0.5, 8.5, 9.5]},
			"faces": {
				"north": {"uv": [2, 4.5, 1.5, 4], "rotation": 180, "texture": "#2", "cullface": "up"},
				"east": {"uv": [4, 0.5, 4.5, 1], "rotation": 90, "texture": "#2", "cullface": "east"},
				"south": {"uv": [4.5, 1.5, 4, 2], "texture": "#2", "cullface": "north"},
				"west": {"uv": [4, 1, 4.5, 1.5], "rotation": 270, "texture": "#2", "cullface": "west"},
				"up": {"uv": [1, 4, 1.5, 4.5], "texture": "#2", "cullface": "south"},
				"down": {"uv": [0.5, 4, 1, 4.5], "rotation": 180, "texture": "#2", "cullface": "north"}
			}
		},
		{
			"from": [7.5, 4, 12],
			"to": [8.5, 5, 13],
			"rotation": {"angle": 0, "axis": "x", "origin": [0.5, 8.5, 9.5]},
			"faces": {
				"north": {"uv": [3.5, 4.5, 3, 4], "rotation": 180, "texture": "#2", "cullface": "up"},
				"east": {"uv": [4, 2, 4.5, 2.5], "rotation": 90, "texture": "#2", "cullface": "east"},
				"south": {"uv": [4.5, 3, 4, 3.5], "texture": "#2", "cullface": "north"},
				"west": {"uv": [4, 2.5, 4.5, 3], "rotation": 270, "texture": "#2", "cullface": "west"},
				"up": {"uv": [2.5, 4, 3, 4.5], "texture": "#2", "cullface": "south"},
				"down": {"uv": [2, 4, 2.5, 4.5], "rotation": 180, "texture": "#2", "cullface": "north"}
			}
		},
		{
			"from": [7.5, 4, 11],
			"to": [8.5, 5, 12],
			"rotation": {"angle": 0, "axis": "x", "origin": [0.5, 8.5, 9.5]},
			"faces": {
				"north": {"uv": [5, 0.5, 4.5, 0], "rotation": 180, "texture": "#2", "cullface": "up"},
				"east": {"uv": [4, 3.5, 4.5, 4], "rotation": 90, "texture": "#2", "cullface": "east"},
				"south": {"uv": [1, 4.5, 0.5, 5], "texture": "#2", "cullface": "north"},
				"west": {"uv": [0, 4.5, 0.5, 5], "rotation": 270, "texture": "#2", "cullface": "west"},
				"up": {"uv": [4, 4, 4.5, 4.5], "texture": "#2", "cullface": "south"},
				"down": {"uv": [3.5, 4, 4, 4.5], "rotation": 180, "texture": "#2", "cullface": "north"}
			}
		},
		{
			"from": [7.5, 3, 10],
			"to": [8.5, 4, 11],
			"rotation": {"angle": 0, "axis": "x", "origin": [0.5, 8.5, 9.5]},
			"faces": {
				"north": {"uv": [5, 2, 4.5, 1.5], "rotation": 180, "texture": "#2", "cullface": "up"},
				"east": {"uv": [1, 4.5, 1.5, 5], "rotation": 90, "texture": "#2", "cullface": "east"},
				"south": {"uv": [2.5, 4.5, 2, 5], "texture": "#2", "cullface": "north"},
				"west": {"uv": [1.5, 4.5, 2, 5], "rotation": 270, "texture": "#2", "cullface": "west"},
				"up": {"uv": [4.5, 1, 5, 1.5], "texture": "#2", "cullface": "south"},
				"down": {"uv": [4.5, 0.5, 5, 1], "rotation": 180, "texture": "#2", "cullface": "north"}
			}
		},
		{
			"from": [7.5, 5, 12],
			"to": [8.5, 6, 13],
			"rotation": {"angle": 0, "axis": "x", "origin": [0.5, 8.5, 9.5]},
			"faces": {
				"north": {"uv": [5, 3.5, 4.5, 3], "rotation": 180, "texture": "#2", "cullface": "up"},
				"east": {"uv": [2.5, 4.5, 3, 5], "rotation": 90, "texture": "#2", "cullface": "east"},
				"south": {"uv": [4, 4.5, 3.5, 5], "texture": "#2", "cullface": "north"},
				"west": {"uv": [3, 4.5, 3.5, 5], "rotation": 270, "texture": "#2", "cullface": "west"},
				"up": {"uv": [4.5, 2.5, 5, 3], "texture": "#2", "cullface": "south"},
				"down": {"uv": [4.5, 2, 5, 2.5], "rotation": 180, "texture": "#2", "cullface": "north"}
			}
		},
		{
			"from": [7.5, 5, 11],
			"to": [8.5, 6, 12],
			"rotation": {"angle": 0, "axis": "x", "origin": [0.5, 8.5, 9.5]},
			"faces": {
				"north": {"uv": [0.5, 5.5, 0, 5], "rotation": 180, "texture": "#2", "cullface": "up"},
				"east": {"uv": [4, 4.5, 4.5, 5], "rotation": 90, "texture": "#2", "cullface": "east"},
				"south": {"uv": [5.5, 0, 5, 0.5], "texture": "#2", "cullface": "north"},
				"west": {"uv": [4.5, 4.5, 5, 5], "rotation": 270, "texture": "#2", "cullface": "west"},
				"up": {"uv": [4.5, 4, 5, 4.5], "texture": "#2", "cullface": "south"},
				"down": {"uv": [4.5, 3.5, 5, 4], "rotation": 180, "texture": "#2", "cullface": "north"}
			}
		},
		{
			"from": [7.5, 4, 10],
			"to": [8.5, 5, 11],
			"rotation": {"angle": 0, "axis": "x", "origin": [0.5, 8.5, 9.5]},
			"faces": {
				"north": {"uv": [2, 5.5, 1.5, 5], "rotation": 180, "texture": "#2", "cullface": "up"},
				"east": {"uv": [5, 0.5, 5.5, 1], "rotation": 90, "texture": "#2", "cullface": "east"},
				"south": {"uv": [5.5, 1.5, 5, 2], "texture": "#2", "cullface": "north"},
				"west": {"uv": [5, 1, 5.5, 1.5], "rotation": 270, "texture": "#2", "cullface": "west"},
				"up": {"uv": [1, 5, 1.5, 5.5], "texture": "#2", "cullface": "south"},
				"down": {"uv": [0.5, 5, 1, 5.5], "rotation": 180, "texture": "#2", "cullface": "north"}
			}
		},
		{
			"from": [7.5, 3, 9],
			"to": [8.5, 4, 10],
			"rotation": {"angle": 0, "axis": "x", "origin": [0.5, 8.5, 9.5]},
			"faces": {
				"north": {"uv": [3.5, 5.5, 3, 5], "rotation": 180, "texture": "#2", "cullface": "up"},
				"east": {"uv": [5, 2, 5.5, 2.5], "rotation": 90, "texture": "#2", "cullface": "east"},
				"south": {"uv": [5.5, 3, 5, 3.5], "texture": "#2", "cullface": "north"},
				"west": {"uv": [5, 2.5, 5.5, 3], "rotation": 270, "texture": "#2", "cullface": "west"},
				"up": {"uv": [2.5, 5, 3, 5.5], "texture": "#2", "cullface": "south"},
				"down": {"uv": [2, 5, 2.5, 5.5], "rotation": 180, "texture": "#2", "cullface": "north"}
			}
		},
		{
			"from": [7.5, 6, 12],
			"to": [8.5, 7, 13],
			"rotation": {"angle": 0, "axis": "x", "origin": [0.5, 8.5, 9.5]},
			"faces": {
				"north": {"uv": [5, 5.5, 4.5, 5], "rotation": 180, "texture": "#2", "cullface": "up"},
				"east": {"uv": [5, 3.5, 5.5, 4], "rotation": 90, "texture": "#2", "cullface": "east"},
				"south": {"uv": [5.5, 4.5, 5, 5], "texture": "#2", "cullface": "north"},
				"west": {"uv": [5, 4, 5.5, 4.5], "rotation": 270, "texture": "#2", "cullface": "west"},
				"up": {"uv": [4, 5, 4.5, 5.5], "texture": "#2", "cullface": "south"},
				"down": {"uv": [3.5, 5, 4, 5.5], "rotation": 180, "texture": "#2", "cullface": "north"}
			}
		},
		{
			"from": [7.5, 6, 11],
			"to": [8.5, 7, 12],
			"rotation": {"angle": 0, "axis": "x", "origin": [0.5, 8.5, 9.5]},
			"faces": {
				"north": {"uv": [6, 1, 5.5, 0.5], "rotation": 180, "texture": "#2", "cullface": "up"},
				"east": {"uv": [0, 5.5, 0.5, 6], "rotation": 90, "texture": "#2", "cullface": "east"},
				"south": {"uv": [1.5, 5.5, 1, 6], "texture": "#2", "cullface": "north"},
				"west": {"uv": [0.5, 5.5, 1, 6], "rotation": 270, "texture": "#2", "cullface": "west"},
				"up": {"uv": [5.5, 0, 6, 0.5], "texture": "#2", "cullface": "south"},
				"down": {"uv": [5, 5, 5.5, 5.5], "rotation": 180, "texture": "#2", "cullface": "north"}
			}
		},
		{
			"from": [7.5, 6, 10],
			"to": [8.5, 7, 11],
			"rotation": {"angle": 0, "axis": "x", "origin": [0.5, 8.5, 9.5]},
			"faces": {
				"north": {"uv": [6, 2.5, 5.5, 2], "rotation": 180, "texture": "#2", "cullface": "up"},
				"east": {"uv": [1.5, 5.5, 2, 6], "rotation": 90, "texture": "#2", "cullface": "east"},
				"south": {"uv": [3, 5.5, 2.5, 6], "texture": "#2", "cullface": "north"},
				"west": {"uv": [2, 5.5, 2.5, 6], "rotation": 270, "texture": "#2", "cullface": "west"},
				"up": {"uv": [5.5, 1.5, 6, 2], "texture": "#2", "cullface": "south"},
				"down": {"uv": [5.5, 1, 6, 1.5], "rotation": 180, "texture": "#2", "cullface": "north"}
			}
		},
		{
			"from": [7.5, 5, 10],
			"to": [8.5, 6, 11],
			"rotation": {"angle": 0, "axis": "x", "origin": [0.5, 8.5, 9.5]},
			"faces": {
				"north": {"uv": [0.5, 1.5, 0, 1], "rotation": 180, "texture": "#2", "cullface": "up"},
				"east": {"uv": [0, 0.5, 0.5, 1], "rotation": 90, "texture": "#2", "cullface": "east"},
				"south": {"uv": [1.5, 0, 1, 0.5], "texture": "#2", "cullface": "north"},
				"west": {"uv": [0.5, 0.5, 1, 1], "rotation": 270, "texture": "#2", "cullface": "west"},
				"up": {"uv": [0.5, 0, 1, 0.5], "texture": "#2", "cullface": "south"},
				"down": {"uv": [0, 0, 0.5, 0.5], "rotation": 180, "texture": "#2", "cullface": "north"}
			}
		},
		{
			"from": [7.5, 5, 9],
			"to": [8.5, 6, 10],
			"rotation": {"angle": 0, "axis": "x", "origin": [0.5, 8.5, 9.5]},
			"faces": {
				"north": {"uv": [6, 4, 5.5, 3.5], "rotation": 180, "texture": "#2", "cullface": "up"},
				"east": {"uv": [3, 5.5, 3.5, 6], "rotation": 90, "texture": "#2", "cullface": "east"},
				"south": {"uv": [4.5, 5.5, 4, 6], "texture": "#2", "cullface": "north"},
				"west": {"uv": [3.5, 5.5, 4, 6], "rotation": 270, "texture": "#2", "cullface": "west"},
				"up": {"uv": [5.5, 3, 6, 3.5], "texture": "#2", "cullface": "south"},
				"down": {"uv": [5.5, 2.5, 6, 3], "rotation": 180, "texture": "#2", "cullface": "north"}
			}
		},
		{
			"from": [7.5, 6, 9],
			"to": [8.5, 7, 10],
			"rotation": {"angle": 0, "axis": "x", "origin": [0.5, 8.5, 9.5]},
			"faces": {
				"north": {"uv": [6, 5.5, 5.5, 5], "rotation": 180, "texture": "#2", "cullface": "up"},
				"east": {"uv": [4.5, 5.5, 5, 6], "rotation": 90, "texture": "#2", "cullface": "east"},
				"south": {"uv": [6, 5.5, 5.5, 6], "texture": "#2", "cullface": "north"},
				"west": {"uv": [5, 5.5, 5.5, 6], "rotation": 270, "texture": "#2", "cullface": "west"},
				"up": {"uv": [5.5, 4.5, 6, 5], "texture": "#2", "cullface": "south"},
				"down": {"uv": [5.5, 4, 6, 4.5], "rotation": 180, "texture": "#2", "cullface": "north"}
			}
		},
		{
			"from": [7.5, 6, 8],
			"to": [8.5, 7, 9],
			"rotation": {"angle": 0, "axis": "x", "origin": [0.5, 8.5, 9.5]},
			"faces": {
				"north": {"uv": [1.5, 6.5, 1, 6], "rotation": 180, "texture": "#2", "cullface": "up"},
				"east": {"uv": [6, 0, 6.5, 0.5], "rotation": 90, "texture": "#2", "cullface": "east"},
				"south": {"uv": [6.5, 1, 6, 1.5], "texture": "#2", "cullface": "north"},
				"west": {"uv": [6, 0.5, 6.5, 1], "rotation": 270, "texture": "#2", "cullface": "west"},
				"up": {"uv": [0.5, 6, 1, 6.5], "texture": "#2", "cullface": "south"},
				"down": {"uv": [0, 6, 0.5, 6.5], "rotation": 180, "texture": "#2", "cullface": "north"}
			}
		},
		{
			"from": [7.5, 7, 8],
			"to": [8.5, 8, 9],
			"rotation": {"angle": 0, "axis": "x", "origin": [0.5, 8.5, 9.5]},
			"faces": {
				"north": {"uv": [3, 6.5, 2.5, 6], "rotation": 180, "texture": "#2", "cullface": "up"},
				"east": {"uv": [6, 1.5, 6.5, 2], "rotation": 90, "texture": "#2", "cullface": "east"},
				"south": {"uv": [6.5, 2.5, 6, 3], "texture": "#2", "cullface": "north"},
				"west": {"uv": [6, 2, 6.5, 2.5], "rotation": 270, "texture": "#2", "cullface": "west"},
				"up": {"uv": [2, 6, 2.5, 6.5], "texture": "#2", "cullface": "south"},
				"down": {"uv": [1.5, 6, 2, 6.5], "rotation": 180, "texture": "#2", "cullface": "north"}
			}
		},
		{
			"from": [7.5, 7, 7],
			"to": [8.5, 8, 8],
			"rotation": {"angle": 0, "axis": "x", "origin": [0.5, 8.5, 9.5]},
			"faces": {
				"north": {"uv": [4.5, 6.5, 4, 6], "rotation": 180, "texture": "#2", "cullface": "up"},
				"east": {"uv": [6, 3, 6.5, 3.5], "rotation": 90, "texture": "#2", "cullface": "east"},
				"south": {"uv": [6.5, 4, 6, 4.5], "texture": "#2", "cullface": "north"},
				"west": {"uv": [6, 3.5, 6.5, 4], "rotation": 270, "texture": "#2", "cullface": "west"},
				"up": {"uv": [3.5, 6, 4, 6.5], "texture": "#2", "cullface": "south"},
				"down": {"uv": [3, 6, 3.5, 6.5], "rotation": 180, "texture": "#2", "cullface": "north"}
			}
		},
		{
			"from": [7.5, 8, 7],
			"to": [8.5, 9, 8],
			"rotation": {"angle": 0, "axis": "x", "origin": [0.5, 8.5, 9.5]},
			"faces": {
				"north": {"uv": [6, 6.5, 5.5, 6], "rotation": 180, "texture": "#2", "cullface": "up"},
				"east": {"uv": [6, 4.5, 6.5, 5], "rotation": 90, "texture": "#2", "cullface": "east"},
				"south": {"uv": [6.5, 5.5, 6, 6], "texture": "#2", "cullface": "north"},
				"west": {"uv": [6, 5, 6.5, 5.5], "rotation": 270, "texture": "#2", "cullface": "west"},
				"up": {"uv": [5, 6, 5.5, 6.5], "texture": "#2", "cullface": "south"},
				"down": {"uv": [4.5, 6, 5, 6.5], "rotation": 180, "texture": "#2", "cullface": "north"}
			}
		},
		{
			"from": [7.5, 8, 6],
			"to": [8.5, 9, 7],
			"rotation": {"angle": 0, "axis": "x", "origin": [0.5, 8.5, 9.5]},
			"faces": {
				"north": {"uv": [7, 1, 6.5, 0.5], "rotation": 180, "texture": "#2", "cullface": "up"},
				"east": {"uv": [0, 6.5, 0.5, 7], "rotation": 90, "texture": "#2", "cullface": "east"},
				"south": {"uv": [1.5, 6.5, 1, 7], "texture": "#2", "cullface": "north"},
				"west": {"uv": [0.5, 6.5, 1, 7], "rotation": 270, "texture": "#2", "cullface": "west"},
				"up": {"uv": [6.5, 0, 7, 0.5], "texture": "#2", "cullface": "south"},
				"down": {"uv": [6, 6, 6.5, 6.5], "rotation": 180, "texture": "#2", "cullface": "north"}
			}
		},
		{
			"from": [7.5, 9, 6],
			"to": [8.5, 10, 7],
			"rotation": {"angle": 0, "axis": "x", "origin": [0.5, 8.5, 9.5]},
			"faces": {
				"north": {"uv": [7, 2.5, 6.5, 2], "rotation": 180, "texture": "#2", "cullface": "up"},
				"east": {"uv": [1.5, 6.5, 2, 7], "rotation": 90, "texture": "#2", "cullface": "east"},
				"south": {"uv": [3, 6.5, 2.5, 7], "texture": "#2", "cullface": "north"},
				"west": {"uv": [2, 6.5, 2.5, 7], "rotation": 270, "texture": "#2", "cullface": "west"},
				"up": {"uv": [6.5, 1.5, 7, 2], "texture": "#2", "cullface": "south"},
				"down": {"uv": [6.5, 1, 7, 1.5], "rotation": 180, "texture": "#2", "cullface": "north"}
			}
		},
		{
			"from": [7.5, 9, 5],
			"to": [8.5, 10, 6],
			"rotation": {"angle": 0, "axis": "x", "origin": [0.5, 8.5, 9.5]},
			"faces": {
				"north": {"uv": [7, 4, 6.5, 3.5], "rotation": 180, "texture": "#2", "cullface": "up"},
				"east": {"uv": [3, 6.5, 3.5, 7], "rotation": 90, "texture": "#2", "cullface": "east"},
				"south": {"uv": [4.5, 6.5, 4, 7], "texture": "#2", "cullface": "north"},
				"west": {"uv": [3.5, 6.5, 4, 7], "rotation": 270, "texture": "#2", "cullface": "west"},
				"up": {"uv": [6.5, 3, 7, 3.5], "texture": "#2", "cullface": "south"},
				"down": {"uv": [6.5, 2.5, 7, 3], "rotation": 180, "texture": "#2", "cullface": "north"}
			}
		},
		{
			"from": [7.5, 10, 5],
			"to": [8.5, 11, 6],
			"rotation": {"angle": 0, "axis": "x", "origin": [0.5, 8.5, 9.5]},
			"faces": {
				"north": {"uv": [7, 5.5, 6.5, 5], "rotation": 180, "texture": "#2", "cullface": "up"},
				"east": {"uv": [4.5, 6.5, 5, 7], "rotation": 90, "texture": "#2", "cullface": "east"},
				"south": {"uv": [6, 6.5, 5.5, 7], "texture": "#2", "cullface": "north"},
				"west": {"uv": [5, 6.5, 5.5, 7], "rotation": 270, "texture": "#2", "cullface": "west"},
				"up": {"uv": [6.5, 4.5, 7, 5], "texture": "#2", "cullface": "south"},
				"down": {"uv": [6.5, 4, 7, 4.5], "rotation": 180, "texture": "#2", "cullface": "north"}
			}
		},
		{
			"from": [7.5, 10, 4],
			"to": [8.5, 11, 5],
			"rotation": {"angle": 0, "axis": "x", "origin": [0.5, 8.5, 9.5]},
			"faces": {
				"north": {"uv": [0.5, 7.5, 0, 7], "rotation": 180, "texture": "#2", "cullface": "up"},
				"east": {"uv": [6, 6.5, 6.5, 7], "rotation": 90, "texture": "#2", "cullface": "east"},
				"south": {"uv": [7.5, 0, 7, 0.5], "texture": "#2", "cullface": "north"},
				"west": {"uv": [6.5, 6.5, 7, 7], "rotation": 270, "texture": "#2", "cullface": "west"},
				"up": {"uv": [6.5, 6, 7, 6.5], "texture": "#2", "cullface": "south"},
				"down": {"uv": [6.5, 5.5, 7, 6], "rotation": 180, "texture": "#2", "cullface": "north"}
			}
		},
		{
			"from": [7.5, 11, 4],
			"to": [8.5, 12, 5],
			"rotation": {"angle": 0, "axis": "x", "origin": [0.5, 8.5, 9.5]},
			"faces": {
				"north": {"uv": [2, 7.5, 1.5, 7], "rotation": 180, "texture": "#2", "cullface": "up"},
				"east": {"uv": [7, 0.5, 7.5, 1], "rotation": 90, "texture": "#2", "cullface": "east"},
				"south": {"uv": [7.5, 1.5, 7, 2], "texture": "#2", "cullface": "north"},
				"west": {"uv": [7, 1, 7.5, 1.5], "rotation": 270, "texture": "#2", "cullface": "west"},
				"up": {"uv": [1, 7, 1.5, 7.5], "texture": "#2", "cullface": "south"},
				"down": {"uv": [0.5, 7, 1, 7.5], "rotation": 180, "texture": "#2", "cullface": "north"}
			}
		},
		{
			"from": [7.5, 11, 3],
			"to": [8.5, 12, 4],
			"rotation": {"angle": 0, "axis": "x", "origin": [0.5, 8.5, 9.5]},
			"faces": {
				"north": {"uv": [3.5, 7.5, 3, 7], "rotation": 180, "texture": "#2", "cullface": "up"},
				"east": {"uv": [7, 2, 7.5, 2.5], "rotation": 90, "texture": "#2", "cullface": "east"},
				"south": {"uv": [7.5, 3, 7, 3.5], "texture": "#2", "cullface": "north"},
				"west": {"uv": [7, 2.5, 7.5, 3], "rotation": 270, "texture": "#2", "cullface": "west"},
				"up": {"uv": [2.5, 7, 3, 7.5], "texture": "#2", "cullface": "south"},
				"down": {"uv": [2, 7, 2.5, 7.5], "rotation": 180, "texture": "#2", "cullface": "north"}
			}
		},
		{
			"from": [7.5, 12, 3],
			"to": [8.5, 13, 4],
			"rotation": {"angle": 0, "axis": "x", "origin": [0.5, 8.5, 9.5]},
			"faces": {
				"north": {"uv": [5, 7.5, 4.5, 7], "rotation": 180, "texture": "#2", "cullface": "up"},
				"east": {"uv": [7, 3.5, 7.5, 4], "rotation": 90, "texture": "#2", "cullface": "east"},
				"south": {"uv": [7.5, 4.5, 7, 5], "texture": "#2", "cullface": "north"},
				"west": {"uv": [7, 4, 7.5, 4.5], "rotation": 270, "texture": "#2", "cullface": "west"},
				"up": {"uv": [4, 7, 4.5, 7.5], "texture": "#2", "cullface": "south"},
				"down": {"uv": [3.5, 7, 4, 7.5], "rotation": 180, "texture": "#2", "cullface": "north"}
			}
		},
		{
			"from": [7.5, 13, 2],
			"to": [8.5, 14, 3],
			"rotation": {"angle": 0, "axis": "x", "origin": [0.5, 8.5, 9.5]},
			"faces": {
				"north": {"uv": [8, 2, 7.5, 1.5], "rotation": 180, "texture": "#2", "cullface": "up"},
				"east": {"uv": [1, 7.5, 1.5, 8], "rotation": 90, "texture": "#2", "cullface": "east"},
				"south": {"uv": [2.5, 7.5, 2, 8], "texture": "#2", "cullface": "north"},
				"west": {"uv": [1.5, 7.5, 2, 8], "rotation": 270, "texture": "#2", "cullface": "west"},
				"up": {"uv": [7.5, 1, 8, 1.5], "texture": "#2", "cullface": "south"},
				"down": {"uv": [7.5, 0.5, 8, 1], "rotation": 180, "texture": "#2", "cullface": "north"}
			}
		},
		{
			"from": [7.5, 13, 1],
			"to": [8.5, 14, 2],
			"rotation": {"angle": 0, "axis": "x", "origin": [0.5, 8.5, 9.5]},
			"faces": {
				"north": {"uv": [8, 3.5, 7.5, 3], "rotation": 180, "texture": "#2", "cullface": "up"},
				"east": {"uv": [2.5, 7.5, 3, 8], "rotation": 90, "texture": "#2", "cullface": "east"},
				"south": {"uv": [4, 7.5, 3.5, 8], "texture": "#2", "cullface": "north"},
				"west": {"uv": [3, 7.5, 3.5, 8], "rotation": 270, "texture": "#2", "cullface": "west"},
				"up": {"uv": [7.5, 2.5, 8, 3], "texture": "#2", "cullface": "south"},
				"down": {"uv": [7.5, 2, 8, 2.5], "rotation": 180, "texture": "#2", "cullface": "north"}
			}
		},
		{
			"from": [7.5, 14, 1],
			"to": [8.5, 15, 2],
			"rotation": {"angle": 0, "axis": "x", "origin": [0.5, 8.5, 9.5]},
			"faces": {
				"north": {"uv": [8, 5, 7.5, 4.5], "rotation": 180, "texture": "#2", "cullface": "up"},
				"east": {"uv": [4, 7.5, 4.5, 8], "rotation": 90, "texture": "#2", "cullface": "east"},
				"south": {"uv": [5.5, 7.5, 5, 8], "texture": "#2", "cullface": "north"},
				"west": {"uv": [4.5, 7.5, 5, 8], "rotation": 270, "texture": "#2", "cullface": "west"},
				"up": {"uv": [7.5, 4, 8, 4.5], "texture": "#2", "cullface": "south"},
				"down": {"uv": [7.5, 3.5, 8, 4], "rotation": 180, "texture": "#2", "cullface": "north"}
			}
		},
		{
			"from": [7.5, 15, 0],
			"to": [8.5, 16, 1],
			"rotation": {"angle": 0, "axis": "x", "origin": [0.5, 8.5, 9.5]},
			"faces": {
				"north": {"uv": [8, 6.5, 7.5, 6], "rotation": 180, "texture": "#2", "cullface": "up"},
				"east": {"uv": [5.5, 7.5, 6, 8], "rotation": 90, "texture": "#2", "cullface": "east"},
				"south": {"uv": [7, 7.5, 6.5, 8], "texture": "#2", "cullface": "north"},
				"west": {"uv": [6, 7.5, 6.5, 8], "rotation": 270, "texture": "#2", "cullface": "west"},
				"up": {"uv": [7.5, 5.5, 8, 6], "texture": "#2", "cullface": "south"},
				"down": {"uv": [7.5, 5, 8, 5.5], "rotation": 180, "texture": "#2", "cullface": "north"}
			}
		},
		{
			"from": [7.5, 16, 0],
			"to": [8.5, 17, 1],
			"rotation": {"angle": 0, "axis": "x", "origin": [0.5, 8.5, 9.5]},
			"faces": {
				"north": {"uv": [0.5, 8.5, 0, 8], "rotation": 180, "texture": "#2", "cullface": "up"},
				"east": {"uv": [7, 7.5, 7.5, 8], "rotation": 90, "texture": "#2", "cullface": "east"},
				"south": {"uv": [8.5, 0, 8, 0.5], "texture": "#2", "cullface": "north"},
				"west": {"uv": [7.5, 7.5, 8, 8], "rotation": 270, "texture": "#2", "cullface": "west"},
				"up": {"uv": [7.5, 7, 8, 7.5], "texture": "#2", "cullface": "south"},
				"down": {"uv": [7.5, 6.5, 8, 7], "rotation": 180, "texture": "#2", "cullface": "north"}
			}
		},
		{
			"from": [7.5, 17, 0],
			"to": [8.5, 18, 1],
			"rotation": {"angle": 0, "axis": "x", "origin": [0.5, 8.5, 9.5]},
			"faces": {
				"north": {"uv": [2, 8.5, 1.5, 8], "rotation": 180, "texture": "#2", "cullface": "up"},
				"east": {"uv": [8, 0.5, 8.5, 1], "rotation": 90, "texture": "#2", "cullface": "east"},
				"south": {"uv": [8.5, 1.5, 8, 2], "texture": "#2", "cullface": "north"},
				"west": {"uv": [8, 1, 8.5, 1.5], "rotation": 270, "texture": "#2", "cullface": "west"},
				"up": {"uv": [1, 8, 1.5, 8.5], "texture": "#2", "cullface": "south"},
				"down": {"uv": [0.5, 8, 1, 8.5], "rotation": 180, "texture": "#2", "cullface": "north"}
			}
		},
		{
			"from": [7.5, 18, 0],
			"to": [8.5, 19, 1],
			"rotation": {"angle": 0, "axis": "x", "origin": [0.5, 8.5, 9.5]},
			"faces": {
				"north": {"uv": [3.5, 8.5, 3, 8], "rotation": 180, "texture": "#2", "cullface": "up"},
				"east": {"uv": [8, 2, 8.5, 2.5], "rotation": 90, "texture": "#2", "cullface": "east"},
				"south": {"uv": [8.5, 3, 8, 3.5], "texture": "#2", "cullface": "north"},
				"west": {"uv": [8, 2.5, 8.5, 3], "rotation": 270, "texture": "#2", "cullface": "west"},
				"up": {"uv": [2.5, 8, 3, 8.5], "texture": "#2", "cullface": "south"},
				"down": {"uv": [2, 8, 2.5, 8.5], "rotation": 180, "texture": "#2", "cullface": "north"}
			}
		},
		{
			"from": [7.5, 17, 1],
			"to": [8.5, 18, 2],
			"rotation": {"angle": 0, "axis": "x", "origin": [0.5, 8.5, 9.5]},
			"faces": {
				"north": {"uv": [5, 8.5, 4.5, 8], "rotation": 180, "texture": "#2", "cullface": "up"},
				"east": {"uv": [8, 3.5, 8.5, 4], "rotation": 90, "texture": "#2", "cullface": "east"},
				"south": {"uv": [8.5, 4.5, 8, 5], "texture": "#2", "cullface": "north"},
				"west": {"uv": [8, 4, 8.5, 4.5], "rotation": 270, "texture": "#2", "cullface": "west"},
				"up": {"uv": [4, 8, 4.5, 8.5], "texture": "#2", "cullface": "south"},
				"down": {"uv": [3.5, 8, 4, 8.5], "rotation": 180, "texture": "#2", "cullface": "north"}
			}
		},
		{
			"from": [7.5, 16, 1],
			"to": [8.5, 17, 2],
			"rotation": {"angle": 0, "axis": "x", "origin": [0.5, 8.5, 9.5]},
			"faces": {
				"north": {"uv": [6.5, 8.5, 6, 8], "rotation": 180, "texture": "#2", "cullface": "up"},
				"east": {"uv": [8, 5, 8.5, 5.5], "rotation": 90, "texture": "#2", "cullface": "east"},
				"south": {"uv": [8.5, 6, 8, 6.5], "texture": "#2", "cullface": "north"},
				"west": {"uv": [8, 5.5, 8.5, 6], "rotation": 270, "texture": "#2", "cullface": "west"},
				"up": {"uv": [5.5, 8, 6, 8.5], "texture": "#2", "cullface": "south"},
				"down": {"uv": [5, 8, 5.5, 8.5], "rotation": 180, "texture": "#2", "cullface": "north"}
			}
		},
		{
			"from": [7.5, 15, 1],
			"to": [8.5, 16, 2],
			"rotation": {"angle": 0, "axis": "x", "origin": [0.5, 8.5, 9.5]},
			"faces": {
				"north": {"uv": [8, 8.5, 7.5, 8], "rotation": 180, "texture": "#2", "cullface": "up"},
				"east": {"uv": [8, 6.5, 8.5, 7], "rotation": 90, "texture": "#2", "cullface": "east"},
				"south": {"uv": [8.5, 7.5, 8, 8], "texture": "#2", "cullface": "north"},
				"west": {"uv": [8, 7, 8.5, 7.5], "rotation": 270, "texture": "#2", "cullface": "west"},
				"up": {"uv": [7, 8, 7.5, 8.5], "texture": "#2", "cullface": "south"},
				"down": {"uv": [6.5, 8, 7, 8.5], "rotation": 180, "texture": "#2", "cullface": "north"}
			}
		},
		{
			"from": [7.5, 15, 2],
			"to": [8.5, 16, 3],
			"rotation": {"angle": 0, "axis": "x", "origin": [0.5, 8.5, 9.5]},
			"faces": {
				"north": {"uv": [9, 1, 8.5, 0.5], "rotation": 180, "texture": "#2", "cullface": "up"},
				"east": {"uv": [0, 8.5, 0.5, 9], "rotation": 90, "texture": "#2", "cullface": "east"},
				"south": {"uv": [1.5, 8.5, 1, 9], "texture": "#2", "cullface": "north"},
				"west": {"uv": [0.5, 8.5, 1, 9], "rotation": 270, "texture": "#2", "cullface": "west"},
				"up": {"uv": [8.5, 0, 9, 0.5], "texture": "#2", "cullface": "south"},
				"down": {"uv": [8, 8, 8.5, 8.5], "rotation": 180, "texture": "#2", "cullface": "north"}
			}
		},
		{
			"from": [7.5, 14, 2],
			"to": [8.5, 15, 3],
			"rotation": {"angle": 0, "axis": "x", "origin": [0.5, 8.5, 9.5]},
			"faces": {
				"north": {"uv": [9, 2.5, 8.5, 2], "rotation": 180, "texture": "#2", "cullface": "up"},
				"east": {"uv": [1.5, 8.5, 2, 9], "rotation": 90, "texture": "#2", "cullface": "east"},
				"south": {"uv": [3, 8.5, 2.5, 9], "texture": "#2", "cullface": "north"},
				"west": {"uv": [2, 8.5, 2.5, 9], "rotation": 270, "texture": "#2", "cullface": "west"},
				"up": {"uv": [8.5, 1.5, 9, 2], "texture": "#2", "cullface": "south"},
				"down": {"uv": [8.5, 1, 9, 1.5], "rotation": 180, "texture": "#2", "cullface": "north"}
			}
		},
		{
			"from": [7.5, 13, 3],
			"to": [8.5, 14, 4],
			"rotation": {"angle": 0, "axis": "x", "origin": [0.5, 8.5, 9.5]},
			"faces": {
				"north": {"uv": [9, 4, 8.5, 3.5], "rotation": 180, "texture": "#2", "cullface": "up"},
				"east": {"uv": [3, 8.5, 3.5, 9], "rotation": 90, "texture": "#2", "cullface": "east"},
				"south": {"uv": [4.5, 8.5, 4, 9], "texture": "#2", "cullface": "north"},
				"west": {"uv": [3.5, 8.5, 4, 9], "rotation": 270, "texture": "#2", "cullface": "west"},
				"up": {"uv": [8.5, 3, 9, 3.5], "texture": "#2", "cullface": "south"},
				"down": {"uv": [8.5, 2.5, 9, 3], "rotation": 180, "texture": "#2", "cullface": "north"}
			}
		},
		{
			"from": [7.5, 12, 4],
			"to": [8.5, 13, 5],
			"rotation": {"angle": 0, "axis": "x", "origin": [0.5, 8.5, 9.5]},
			"faces": {
				"north": {"uv": [9, 5.5, 8.5, 5], "rotation": 180, "texture": "#2", "cullface": "up"},
				"east": {"uv": [4.5, 8.5, 5, 9], "rotation": 90, "texture": "#2", "cullface": "east"},
				"south": {"uv": [6, 8.5, 5.5, 9], "texture": "#2", "cullface": "north"},
				"west": {"uv": [5, 8.5, 5.5, 9], "rotation": 270, "texture": "#2", "cullface": "west"},
				"up": {"uv": [8.5, 4.5, 9, 5], "texture": "#2", "cullface": "south"},
				"down": {"uv": [8.5, 4, 9, 4.5], "rotation": 180, "texture": "#2", "cullface": "north"}
			}
		},
		{
			"from": [7.5, 11, 5],
			"to": [8.5, 12, 6],
			"rotation": {"angle": 0, "axis": "x", "origin": [0.5, 8.5, 9.5]},
			"faces": {
				"north": {"uv": [9, 7, 8.5, 6.5], "rotation": 180, "texture": "#2", "cullface": "up"},
				"east": {"uv": [6, 8.5, 6.5, 9], "rotation": 90, "texture": "#2", "cullface": "east"},
				"south": {"uv": [7.5, 8.5, 7, 9], "texture": "#2", "cullface": "north"},
				"west": {"uv": [6.5, 8.5, 7, 9], "rotation": 270, "texture": "#2", "cullface": "west"},
				"up": {"uv": [8.5, 6, 9, 6.5], "texture": "#2", "cullface": "south"},
				"down": {"uv": [8.5, 5.5, 9, 6], "rotation": 180, "texture": "#2", "cullface": "north"}
			}
		},
		{
			"from": [7.5, 10, 6],
			"to": [8.5, 11, 7],
			"rotation": {"angle": 0, "axis": "x", "origin": [0.5, 8.5, 9.5]},
			"faces": {
				"north": {"uv": [9, 8.5, 8.5, 8], "rotation": 180, "texture": "#2", "cullface": "up"},
				"east": {"uv": [7.5, 8.5, 8, 9], "rotation": 90, "texture": "#2", "cullface": "east"},
				"south": {"uv": [9, 8.5, 8.5, 9], "texture": "#2", "cullface": "north"},
				"west": {"uv": [8, 8.5, 8.5, 9], "rotation": 270, "texture": "#2", "cullface": "west"},
				"up": {"uv": [8.5, 7.5, 9, 8], "texture": "#2", "cullface": "south"},
				"down": {"uv": [8.5, 7, 9, 7.5], "rotation": 180, "texture": "#2", "cullface": "north"}
			}
		},
		{
			"from": [7.5, 9, 7],
			"to": [8.5, 10, 8],
			"rotation": {"angle": 0, "axis": "x", "origin": [0.5, 8.5, 9.5]},
			"faces": {
				"north": {"uv": [1.5, 9.5, 1, 9], "rotation": 180, "texture": "#2", "cullface": "up"},
				"east": {"uv": [9, 0, 9.5, 0.5], "rotation": 90, "texture": "#2", "cullface": "east"},
				"south": {"uv": [9.5, 1, 9, 1.5], "texture": "#2", "cullface": "north"},
				"west": {"uv": [9, 0.5, 9.5, 1], "rotation": 270, "texture": "#2", "cullface": "west"},
				"up": {"uv": [0.5, 9, 1, 9.5], "texture": "#2", "cullface": "south"},
				"down": {"uv": [0, 9, 0.5, 9.5], "rotation": 180, "texture": "#2", "cullface": "north"}
			}
		},
		{
			"from": [7.5, 8, 8],
			"to": [8.5, 9, 9],
			"rotation": {"angle": 0, "axis": "x", "origin": [0.5, 8.5, 9.5]},
			"faces": {
				"north": {"uv": [3, 9.5, 2.5, 9], "rotation": 180, "texture": "#2", "cullface": "up"},
				"east": {"uv": [9, 1.5, 9.5, 2], "rotation": 90, "texture": "#2", "cullface": "east"},
				"south": {"uv": [9.5, 2.5, 9, 3], "texture": "#2", "cullface": "north"},
				"west": {"uv": [9, 2, 9.5, 2.5], "rotation": 270, "texture": "#2", "cullface": "west"},
				"up": {"uv": [2, 9, 2.5, 9.5], "texture": "#2", "cullface": "south"},
				"down": {"uv": [1.5, 9, 2, 9.5], "rotation": 180, "texture": "#2", "cullface": "north"}
			}
		},
		{
			"from": [7.5, 7, 9],
			"to": [8.5, 8, 10],
			"rotation": {"angle": 0, "axis": "x", "origin": [0.5, 8.5, 9.5]},
			"faces": {
				"north": {"uv": [6, 9.5, 5.5, 9], "rotation": 180, "texture": "#2", "cullface": "up"},
				"east": {"uv": [9, 4.5, 9.5, 5], "rotation": 90, "texture": "#2", "cullface": "east"},
				"south": {"uv": [9.5, 5.5, 9, 6], "texture": "#2", "cullface": "north"},
				"west": {"uv": [9, 5, 9.5, 5.5], "rotation": 270, "texture": "#2", "cullface": "west"},
				"up": {"uv": [5, 9, 5.5, 9.5], "texture": "#2", "cullface": "south"},
				"down": {"uv": [4.5, 9, 5, 9.5], "rotation": 180, "texture": "#2", "cullface": "north"}
			}
		},
		{
			"from": [7.5, 12, 2],
			"to": [8.5, 13, 3],
			"rotation": {"angle": 0, "axis": "x", "origin": [0.5, 8.5, 9.5]},
			"faces": {
				"north": {"uv": [8, 0.5, 7.5, 0], "rotation": 180, "texture": "#2", "cullface": "up"},
				"east": {"uv": [7, 6.5, 7.5, 7], "rotation": 90, "texture": "#2", "cullface": "east"},
				"south": {"uv": [1, 7.5, 0.5, 8], "texture": "#2", "cullface": "north"},
				"west": {"uv": [0, 7.5, 0.5, 8], "rotation": 270, "texture": "#2", "cullface": "west"},
				"up": {"uv": [7, 7, 7.5, 7.5], "texture": "#2", "cullface": "south"},
				"down": {"uv": [6.5, 7, 7, 7.5], "rotation": 180, "texture": "#2", "cullface": "north"}
			}
		},
		{
			"from": [7.5, 2, 15],
			"to": [8.5, 3, 16],
			"rotation": {"angle": 0, "axis": "x", "origin": [0.5, 8.5, 9.5]},
			"faces": {
				"north": {"uv": [3, 3.5, 2.5, 3], "rotation": 180, "texture": "#2", "cullface": "up"},
				"east": {"uv": [3, 1.5, 3.5, 2], "rotation": 90, "texture": "#2", "cullface": "east"},
				"south": {"uv": [3.5, 2.5, 3, 3], "texture": "#2", "cullface": "north"},
				"west": {"uv": [3, 2, 3.5, 2.5], "rotation": 270, "texture": "#2", "cullface": "west"},
				"up": {"uv": [2, 3, 2.5, 3.5], "texture": "#2", "cullface": "south"},
				"down": {"uv": [1.5, 3, 2, 3.5], "rotation": 180, "texture": "#2", "cullface": "north"}
			}
		}
	],
	"display": {
		"thirdperson_righthand": {
			"rotation": [40, 0, 0],
			"translation": [0, 5.5, -1]
		},
		"thirdperson_lefthand": {
			"rotation": [40, 0, 0],
			"translation": [0, 5.5, -1]
		},
		"firstperson_righthand": {
			"rotation": [30, 0, 0],
			"translation": [0, 4.5, 0],
			"scale": [0.85, 0.85, 0.85]
		},
		"firstperson_lefthand": {
			"rotation": [30, 0, 0],
			"translation": [0, 4.5, 0],
			"scale": [0.85, 0.85, 0.85]
		},
		"ground": {
			"translation": [0, 2.75, 0],
			"scale": [0.65, 0.65, 0.65]
		},
		"gui": {
			"rotation": [0, 90, 0],
			"translation": [0, -1.25, 0],
			"scale": [0.85, 0.85, 0.85]
		},
		"head": {
			"rotation": [45, 0, 180],
			"translation": [0, 6.85, 2.5]
		},
		"fixed": {
			"rotation": [0, -90, 0],
			"translation": [0, -1.25, 0]
		}
	}
}