{
	"credit": "Made with Blockbench",
	"parent": "item/handheld",
	"textures": {
		"layer0": "item/weapons/staff/staff_of_explosion"
	},
	"display": {
		"thirdperson_righthand": {
			"rotation": [0, -90, 45],
			"translation": [0, 0, 2.25],
			"scale": [1.25, 1.25, 1]
		},
		"thirdperson_lefthand": {
			"rotation": [0, 90, -45],
			"translation": [0, 0, 2.25],
			"scale": [1.25, 1.25, 1]
		},
		"firstperson_righthand": {
			"rotation": [0, -90, 45],
			"translation": [0, 0.75, 0]
		},
		"firstperson_lefthand": {
			"rotation": [0, 90, -45],
			"translation": [0, 0.75, 0]
		},
		"ground": {
			"translation": [0, 3, 0]
		},
		"gui": {
			"rotation": [0, 180, 90],
			"translation": [-0.5, -0.25, 0],
			"scale": [0.9, 0.9, 0.9]
		},
		"head": {
			"rotation": [0, 0, 45],
			"translation": [0, 10, 0]
		},
		"fixed": {
			"rotation": [0, 0, 90],
			"translation": [0, 0, 0.25]
		}
	}
}