{
	"credit": "Made with Blockbench",
	"parent": "item/handheld",
	"textures": {
		"layer0": "item/weapons/greatswords/nameless_greatsword"
	},
	"display": {
		"thirdperson_righthand": {
			"rotation": [0, -90, 45],
			"translation": [0, 10.75, 2],
			"scale": [2, 2, 1]
		},
		"thirdperson_lefthand": {
			"rotation": [-105, 0, -10],
			"translation": [-7.25, -7.25, 2],
			"scale": [2, 2, 1]
		},
		"firstperson_righthand": {
			"rotation": [0, -90, 45],
			"translation": [0, 7.5, 0],
			"scale": [1.75, 1.75, 1]
		},
		"firstperson_lefthand": {
			"rotation": [0, 90, -45],
			"translation": [0, 7.5, 0],
			"scale": [0, 0, 0]
		},
		"ground": {
			"translation": [0, 6.5, 0]
		},
		"gui": {
			"translation": [2, 2, 0],
			"scale": [1.5, 1.5, 1]
		},
		"head": {
			"rotation": [0, 0, 45],
			"translation": [0, 16, 0]
		},
		"fixed": {
			"rotation": [0, 180, 0],
			"translation": [-1.5, 1.5, 0],
			"scale": [1.6, 1.6, 1]
		}
	}
}