{
	"credit": "Made with Blockbench",
	"parent": "item/handheld",
	"textures": {
		"layer0": "item/weapons/greatswords/sao/blackgreat"
	},
	"display": {
		"thirdperson_righthand": {
			"rotation": [0, 90, 45],
			"translation": [0, 7.25, 2],
			"scale": [1.5, 1.5, 0.5]
		},
		"thirdperson_lefthand": {
			"rotation": [0, -90, -45],
			"translation": [0, 7.25, 2],
			"scale": [1.5, 1.5, 0.5]
		},
		"firstperson_righthand": {
			"rotation": [0, 91, 43],
			"translation": [0, 2.75, 0],
			"scale": [1.25, 1.25, 1]
		},
		"firstperson_lefthand": {
			"rotation": [0, -90, -42],
			"translation": [0, 2.75, 0],
			"scale": [1.25, 1.25, 1]
		},
		"ground": {
			"translation": [0, 6.5, 0],
			"scale": [1, 1, 0.5]
		},
		"head": {
			"rotation": [0, 0, 45],
			"translation": [0, 11, 0]
		},
		"fixed": {
			"scale": [1, 1, 0.5]
		}
	}
}