{
	"credit": "Made with Blockbench",
	"parent": "item/handheld",
	"textures": {
		"layer0": "item/mats/ingots/netherite_ingot"
	},
	"display": {
		"thirdperson_righthand": {
			"rotation": [23, 0, 0],
			"translation": [0, 1.5, 1.75],
			"scale": [0.35, 0.35, 0.35]
		},
		"thirdperson_lefthand": {
			"rotation": [23, 0, 0],
			"translation": [0, 1.5, 1.75],
			"scale": [0.35, 0.35, 0.35]
		},
		"firstperson_righthand": {
			"rotation": [-30, -55, 0],
			"translation": [2.5, 1.75, 0],
			"scale": [0.5, 0.5, 0.5]
		},
		"firstperson_lefthand": {
			"rotation": [-30, -55, 0],
			"translation": [2.5, 1.75, 0],
			"scale": [0.5, 0.5, 0.5]
		},
		"ground": {
			"translation": [0, 1.25, 0],
			"scale": [0.5, 0.5, 0.5]
		},
		"head": {
			"translation": [-0.25, -14.5, -3.25]
		}
	}
}