{
	"credit": "Made with Blockbench",
	"parent": "item/handheld",
	"textures": {
		"layer0": "item/weapons/dagger/common/steel_dagger"
	},
	"display": {
		"thirdperson_righthand": {
			"rotation": [0, 90, 45],
			"translation": [0, 4, 2],
			"scale": [0.65, 0.65, 0.65]
		},
		"thirdperson_lefthand": {
			"rotation": [118, 90, -45],
			"translation": [0, -5.25, 6.25],
			"scale": [0.65, 0.65, 0.65]
		},
		"firstperson_righthand": {
			"rotation": [20, 90, 0],
			"translation": [0.5, 5.25, 0.5],
			"scale": [0.65, 0.65, 0.65]
		},
		"firstperson_lefthand": {
			"rotation": [44, -94, 180],
			"translation": [2.25, 4.5, 6],
			"scale": [0.65, 0.65, 0.65]
		},
		"ground": {
			"translation": [0, 1, 0],
			"scale": [0.65, 0.65, 0.65]
		},
		"head": {
			"rotation": [0, 0, 45],
			"translation": [0, 12.25, 0],
			"scale": [0.65, 0.65, 0.65]
		}
	}
}