{
    "parent": "minecraft:item/generated",
    "textures": {
        "layer0": "minecraft:item/diamond_leggings"
      },
    "overrides": [
        {
            "predicate": { "custom_model_data": 1 },
            "model": "item/gear/dungeon_hunter/blue/blue_leggings"
        },
        {
            "predicate": { "custom_model_data": 2 },
            "model": "item/gear/dungeon_hunter/red/red_leggings"
        },
        {
            "predicate": { "custom_model_data": 3 },
            "model": "item/gear/amethyst/leggings"
        },
        {
            "predicate": { "custom_model_data": 4 },
            "model": "item/gear/argon/leggings"
        }
    ]
}
