{
	"credit": "Made with Blockbench",
	"parent": "item/handheld",
	"textures": {
		"layer0": "item/weapons/katana/karakurenai"
	},
	"display": {
		"thirdperson_righthand": {
			"rotation": [0, -90, 45],
			"translation": [0, 8, 2],
			"scale": [1.35, 1.35, 1]
		},
		"thirdperson_lefthand": {
			"rotation": [70, 0, 90],
			"translation": [-6, -7.25, 7.5],
			"scale": [1.35, 1.35, 1]
		},
		"firstperson_righthand": {
			"rotation": [0, -90, 45],
			"translation": [0, 4.5, 0]
		},
		"firstperson_lefthand": {
			"rotation": [0, 90, -45],
			"translation": [0, 4.5, 0],
			"scale": [0, 0, 0]
		},
		"ground": {
			"translation": [0, 6.5, 0]
		},
		"head": {
			"rotation": [0, 0, 45],
			"translation": [0, 16, 0]
		},
		"fixed": {
			"rotation": [0, 180, 0],
			"scale": [1.2, 1.2, 1]
		}
	}
}
