{
	"credit": "Made with Blockbench",
	"parent": "item/handheld",
	"textures": {
		"1": "item/swords/vikings/golden_sword_blade",
		"2": "item/swords/vikings/golden_sword_hilt",
		"3": "item/swords/vikings/stone_sword_handle",
		"layer0": "item/weapons/swords/vikings/golden_sword",
		"particle": "item/swords/vikings/golden_sword_blade"
	},
	"display": {
		"thirdperson_righthand": {
			"rotation": [0, 90, 45],
			"translation": [0, 9.25, 2],
			"scale": [1.4, 1.4, 1.4]
		},
		"thirdperson_lefthand": {
			"rotation": [0, -90, -45],
			"translation": [0, 9.25, 2],
			"scale": [1.4, 1.4, 1.4]
		},
		"firstperson_righthand": {
			"rotation": [0, 90, 45],
			"translation": [0, 8.25, 0],
			"scale": [1.4, 1.4, 1.4]
		},
		"firstperson_lefthand": {
			"rotation": [0, -90, -45],
			"translation": [0, 8.25, 0],
			"scale": [1.4, 1.4, 1.4]
		},
		"ground": {
			"translation": [0, 6, 0]
		},
		"gui": {
			"translation": [2.5, 2.5, 0],
			"scale": [1.34, 1.34, 1.34]
		},
		"head": {
			"rotation": [0, 0, 45],
			"translation": [0, 11, 0]
		},
		"fixed": {
			"translation": [3.25, 3.25, 0],
			"scale": [1.63, 1.63, 1.63]
		}
	}
}