{
"parent": "item/generated",
"textures": {
    "layer0": "item/bow"
},
"display":
{
"thirdperson_righthand": {"rotation": [ -80, 260, -40 ],"translation": [ -1, -2, 2.5 ],"scale": [ 0.9, 0.9, 0.9 ]},
"thirdperson_lefthand": {"rotation": [ -80, -280, 40 ],"translation": [ -1, -2, 2.5 ],"scale": [ 0.9, 0.9, 0.9 ]},
"firstperson_righthand": {"rotation": [ 0, -90, 25 ],"translation": [ 1.13, 3.2, 1.13],"scale": [ 0.68, 0.68, 0.68 ]},
"firstperson_lefthand": {"rotation": [ 0, 90, -25 ],"translation": [ 1.13, 3.2, 1.13],"scale": [ 0.68, 0.68, 0.68 ]}
},
"overrides":
[
{"predicate": {"pulling": 1},"model": "item/bow_pulling_0"},
{"predicate": {"pulling": 1,"pull": 0.65},"model": "item/bow_pulling_1"},
{"predicate": {"pulling": 1,"pull": 0.9},"model": "item/bow_pulling_2"},

{"predicate": {"custom_model_data":37},"model": "item/bow/37"},
{"predicate": {"custom_model_data":37,"pulling": 1},"model": "item/bow/37_pulling_0"},
{"predicate": {"custom_model_data":37,"pulling": 1,"pull": 0.65},"model": "item/bow/37_pulling_1"},
{"predicate": {"custom_model_data":37,"pulling": 1,"pull": 0.9},"model": "item/bow/37_pulling_2"},

{"predicate": {"custom_model_data":38},"model": "item/bow/38"},
{"predicate": {"custom_model_data":38,"pulling": 1},"model": "item/bow/38_pulling_0"},
{"predicate": {"custom_model_data":38,"pulling": 1,"pull": 0.65},"model": "item/bow/38_pulling_1"},
{"predicate": {"custom_model_data":38,"pulling": 1,"pull": 0.9},"model": "item/bow/38_pulling_2"},

{"predicate": {"custom_model_data":39},"model": "item/bow/39"},
{"predicate": {"custom_model_data":39,"pulling": 1},"model": "item/bow/39_pulling_0"},
{"predicate": {"custom_model_data":39,"pulling": 1,"pull": 0.65},"model": "item/bow/39_pulling_1"},
{"predicate": {"custom_model_data":39,"pulling": 1,"pull": 0.9},"model": "item/bow/39_pulling_2"},

{"predicate": {"custom_model_data":40},"model": "item/bow/40"},
{"predicate": {"custom_model_data":40,"pulling": 1},"model": "item/bow/40_pulling_0"},
{"predicate": {"custom_model_data":40,"pulling": 1,"pull": 0.65},"model": "item/bow/40_pulling_1"},
{"predicate": {"custom_model_data":40,"pulling": 1,"pull": 0.9},"model": "item/bow/40_pulling_2"},

{"predicate": {"custom_model_data":41},"model": "item/bow/41"},
{"predicate": {"custom_model_data":41,"pulling": 1},"model": "item/bow/41_pulling_0"},
{"predicate": {"custom_model_data":41,"pulling": 1,"pull": 0.65},"model": "item/bow/41_pulling_1"},
{"predicate": {"custom_model_data":41,"pulling": 1,"pull": 0.9},"model": "item/bow/41_pulling_2"},

{"predicate": {"custom_model_data":42},"model": "item/bow/42"},
{"predicate": {"custom_model_data":42,"pulling": 1},"model": "item/bow/42_pulling_0"},
{"predicate": {"custom_model_data":42,"pulling": 1,"pull": 0.65},"model": "item/bow/42_pulling_1"},
{"predicate": {"custom_model_data":42,"pulling": 1,"pull": 0.9},"model": "item/bow/42_pulling_2"},

{"predicate": {"custom_model_data":207},"model": "item/bow/7"},
{"predicate": {"custom_model_data":207,"pulling": 1},"model": "item/bow/7_pulling_0"},
{"predicate": {"custom_model_data":207,"pulling": 1,"pull": 0.65},"model": "item/bow/7_pulling_1"},
{"predicate": {"custom_model_data":207,"pulling": 1,"pull": 0.9},"model": "item/bow/7_pulling_2"},
{"predicate": {"custom_model_data":207},"model": "item/bow/8"}
]
}