{
    "parent": "item/generated",
    "textures": {
        "layer0": "item/coal"
    },	
	"overrides": [	
		{"predicate": {"custom_model_data":2179}, "model": "item/babarian_model/icon_bloodlust"},
		{"predicate": {"custom_model_data":2180}, "model": "item/babarian_model/icon_double_edge"},
		{"predicate": {"custom_model_data":2181}, "model": "item/babarian_model/icon_eternal_fury"},
		{"predicate": {"custom_model_data":2182}, "model": "item/babarian_model/icon_primal_axe"},
		{"predicate": {"custom_model_data":2183}, "model": "item/babarian_model/icon_rageblade"},
		{"predicate": {"custom_model_data":2184}, "model": "item/babarian_model/icon_relentless_leap"},
		{"predicate": {"custom_model_data":2185}, "model": "item/babarian_model/icon_war_cry"}
	]
}