{
    "parent": "item/generated",
    "textures": {
        "layer0": "item/coal"
    },	
	"overrides": [	
		{"predicate": {"custom_model_data":2034}, "model": "item/assassin_model/icon_assassins_blade"},
		{"predicate": {"custom_model_data":2035}, "model": "item/assassin_model/icon_blade_dance"},
		{"predicate": {"custom_model_data":2036}, "model": "item/assassin_model/icon_blade_slash"},
		{"predicate": {"custom_model_data":2037}, "model": "item/assassin_model/icon_dagger_throw"},
		{"predicate": {"custom_model_data":2038}, "model": "item/assassin_model/icon_dash"},
		{"predicate": {"custom_model_data":2039}, "model": "item/assassin_model/icon_shadow_walk"}
	]
}