{
    "parent": "item/generated",
    "textures": {
        "layer0": "item/coal"
    },	
	"overrides": [	
		{"predicate": {"custom_model_data":2113}, "model": "samurai_model/icon_blood_slash"},
		{"predicate": {"custom_model_data":2114}, "model": "samurai_model/icon_death_charge"},
		{"predicate": {"custom_model_data":2115}, "model": "samurai_model/icon_flow_state"},
		{"predicate": {"custom_model_data":2116}, "model": "samurai_model/icon_forbidden_art"},
		{"predicate": {"custom_model_data":2117}, "model": "samurai_model/icon_laceration"},
		{"predicate": {"custom_model_data":2118}, "model": "samurai_model/icon_piercing_shuriken"},
		{"predicate": {"custom_model_data":2119}, "model": "samurai_model/icon_smoke_bomb"}
	]
}