{
	"parent": "item/handheld",
	"textures": {
		"layer0": "item/copper_ingot"
	},
	"overrides": [
		{ "predicate": { "custom_model_data": 43}, "model": "item/copper_ingot/43" },
		{ "predicate": { "custom_model_data": 44}, "model": "item/copper_ingot/44" },
		{ "predicate": { "custom_model_data": 45}, "model": "item/copper_ingot/45" },
		{ "predicate": { "custom_model_data": 46}, "model": "item/copper_ingot/46"},
		{ "predicate": { "custom_model_data": 47}, "model": "item/copper_ingot/47"},
		{ "predicate": { "custom_model_data": 48}, "model": "item/copper_ingot/48"}
	]
}