{
	"parent": "item/handheld",
	"textures": {
		"layer0": "item/diamond_hoe"
	},
	"overrides": [
		{ "predicate": { "custom_model_data": 13}, "model": "item/diamond_hoe/13" },
		{ "predicate": { "custom_model_data": 14}, "model": "item/diamond_hoe/14" },
		{ "predicate": { "custom_model_data": 15}, "model": "item/diamond_hoe/15" },
		{ "predicate": { "custom_model_data": 16}, "model": "item/diamond_hoe/16"},
		{ "predicate": { "custom_model_data": 17}, "model": "item/diamond_hoe/17"},
		{ "predicate": { "custom_model_data": 18}, "model": "item/diamond_hoe/18"}
	]
}