{
	"parent": "item/handheld",
	"textures": {
		"layer0": "item/diamond_sword"
	},
	"overrides": [
		{ "predicate": { "custom_model_data": 25}, "model": "item/diamond_sword/25" },
		{ "predicate": { "custom_model_data": 26}, "model": "item/diamond_sword/26" },
		{ "predicate": { "custom_model_data": 27}, "model": "item/diamond_sword/27" },
		{ "predicate": { "custom_model_data": 28}, "model": "item/diamond_sword/28"},
		{ "predicate": { "custom_model_data": 29}, "model": "item/diamond_sword/29"},
		{ "predicate": { "custom_model_data": 30}, "model": "item/diamond_sword/30"}
	]
}