{
	"parent": "item/handheld",
	"textures": {
		"layer0": "item/diamond_shovel"
	},
	"overrides": [
		{ "predicate": { "custom_model_data": 1}, "model": "item/diamond_shovel/1" },
		{ "predicate": { "custom_model_data": 2}, "model": "item/diamond_shovel/2" },
		{ "predicate": { "custom_model_data": 3}, "model": "item/diamond_shovel/3" },
		{ "predicate": { "custom_model_data": 4}, "model": "item/diamond_shovel/4"},
		{ "predicate": { "custom_model_data": 5}, "model": "item/diamond_shovel/5"},
		{ "predicate": { "custom_model_data": 6}, "model": "item/diamond_shovel/6"},
		{ "predicate": { "custom_model_data": 31}, "model": "item/diamond_shovel/31"},
		{ "predicate": { "custom_model_data": 32}, "model": "item/diamond_shovel/32"},
		{ "predicate": { "custom_model_data": 33}, "model": "item/diamond_shovel/33"},
		{ "predicate": { "custom_model_data": 34}, "model": "item/diamond_shovel/34"},
		{ "predicate": { "custom_model_data": 35}, "model": "item/diamond_shovel/35"},
		{ "predicate": { "custom_model_data": 36}, "model": "item/diamond_shovel/36"}
	]
}