{
	"parent": "item/handheld",
	"textures": {
		"layer0": "item/diamond_axe"
	},
	"overrides": [
		{ "predicate": { "custom_model_data": 7}, "model": "item/diamond_axe/7" },
		{ "predicate": { "custom_model_data": 8}, "model": "item/diamond_axe/8" },
		{ "predicate": { "custom_model_data": 9}, "model": "item/diamond_axe/9" },
		{ "predicate": { "custom_model_data": 10}, "model": "item/diamond_axe/10"},
		{ "predicate": { "custom_model_data": 11}, "model": "item/diamond_axe/11"},
		{ "predicate": { "custom_model_data": 12}, "model": "item/diamond_axe/12"}
	]
}