{
	"parent": "item/handheld",
	"textures": {
		"layer0": "item/diamond_pickaxe"
	},
	"overrides": [
		{ "predicate": { "custom_model_data": 19}, "model": "item/diamond_pickaxe/19"},
		{ "predicate": { "custom_model_data": 20}, "model": "item/diamond_pickaxe/20"},
		{ "predicate": { "custom_model_data": 21}, "model": "item/diamond_pickaxe/21"},
		{ "predicate": { "custom_model_data": 22}, "model": "item/diamond_pickaxe/22"},
		{ "predicate": { "custom_model_data": 23}, "model": "item/diamond_pickaxe/23"},
		{ "predicate": { "custom_model_data": 24}, "model": "item/diamond_pickaxe/24"}
	]
}