{
    "parent": "minecraft:item/handheld", 
    "textures": {
        "layer0": "minecraft:item/diamond_axe"
    },
	"overrides": [
		{ "predicate": { "custom_model_data": 1}, "model": "item/axes/alacrity/n_axe"},
		{ "predicate": { "custom_model_data": 2}, "model": "item/axes/alacrity/d_axe"},
		{ "predicate": { "custom_model_data": 3}, "model": "item/axes/alacrity/i_axe"},
		{ "predicate": { "custom_model_data": 4}, "model": "item/axes/alacrity/g_axe"},
		{ "predicate": { "custom_model_data": 5}, "model": "item/axes/alacrity/s_axe"},
		{ "predicate": { "custom_model_data": 6}, "model": "item/axes/alacrity/w_axe"}


	]
}