{
    "parent": "minecraft:item/generated", 
    "textures": {
        "layer0": "minecraft:item/diamond_axe"
    },
	"overrides": [
		{ "predicate": { "custom_model_data": 1}, "model": "item/diamond_axe/groundgorge"},
		{ "predicate": { "custom_model_data": 2}, "model": "item/diamond_axe/woodenhammer"},
		{ "predicate": { "custom_model_data": 3}, "model": "item/diamond_axe/ice_axe"},
		{ "predicate": { "custom_model_data": 4}, "model": "item/diamond_axe/bambooaxe"},
		{ "predicate": { "custom_model_data": 5}, "model": "item/diamond_axe/flameaxe"},
		{ "predicate": { "custom_model_data": 6}, "model": "item/diamond_axe/greenaxe"},
		{ "predicate": { "custom_model_data": 7}, "model": "item/diamond_axe/purplehammer"},
		{ "predicate": { "custom_model_data": 8}, "model": "item/diamond_axe/allelementsaxe"},
		{ "predicate": { "custom_model_data": 9}, "model": "item/diamond_axe/hammeraxe"},


		{ "predicate": { "custom_model_data": 12000}, "model": "item/wither_set/wither_axe"}
    ]
}