{
    "parent": "minecraft:item/handheld", 
    "textures": {
        "layer0": "minecraft:item/diamond_sword"
    },
	"overrides": [
		{ "predicate": { "custom_model_data": 1}, "model": "item/swords/diamond_sword/sao/elucidator"},
		{ "predicate": { "custom_model_data": 2}, "model": "item/swords/diamond_sword/sao/dark_repulser"},
		{ "predicate": { "custom_model_data": 3}, "model": "item/swords/diamond_sword/sao/gram"},
		{ "predicate": { "custom_model_data": 4}, "model": "item/swords/diamond_sword/sao/anneal"},
		{ "predicate": { "custom_model_data": 5}, "model": "item/swords/diamond_sword/sao/excalibur"},
		{ "predicate": { "custom_model_data": 6}, "model": "item/swords/diamond_sword/sao/guiltythorn"},
		{ "predicate": { "custom_model_data": 7}, "model": "item/swords/diamond_sword/sao/karakurenai"},
		{ "predicate": { "custom_model_data": 8}, "model": "item/swords/diamond_sword/sao/lambentlight"},
		{ "predicate": { "custom_model_data": 9}, "model": "item/swords/diamond_sword/sao/liberator"},
		{ "predicate": { "custom_model_data": 10}, "model": "item/swords/diamond_sword/sao/tyrantdragon"},

		{ "predicate": { "custom_model_data": 12}, "model": "item/swords/diamond_sword/alacrity/n_sword"},
		{ "predicate": { "custom_model_data": 13}, "model": "item/swords/diamond_sword/alacrity/d_sword"},
		{ "predicate": { "custom_model_data": 14}, "model": "item/swords/diamond_sword/alacrity/i_sword"},
		{ "predicate": { "custom_model_data": 15}, "model": "item/swords/diamond_sword/alacrity/g_sword"},
		{ "predicate": { "custom_model_data": 16}, "model": "item/swords/diamond_sword/alacrity/s_sword"},
		{ "predicate": { "custom_model_data": 17}, "model": "item/swords/diamond_sword/alacrity/w_sword"},


		{ "predicate": { "custom_model_data": 18}, "model": "item/swords/diamond_sword/pirate/n_sword"},
		{ "predicate": { "custom_model_data": 19}, "model": "item/swords/diamond_sword/pirate/d_sword"},
		{ "predicate": { "custom_model_data": 20}, "model": "item/swords/diamond_sword/pirate/i_sword"},
		{ "predicate": { "custom_model_data": 21}, "model": "item/swords/diamond_sword/pirate/g_sword"},
		{ "predicate": { "custom_model_data": 22}, "model": "item/swords/diamond_sword/pirate/s_sword"},
		{ "predicate": { "custom_model_data": 23}, "model": "item/swords/diamond_sword/pirate/w_sword"},
		
		{ "predicate": { "custom_model_data": 24}, "model": "item/swords/diamond_sword/vikings/n_sword"},
		{ "predicate": { "custom_model_data": 25}, "model": "item/swords/diamond_sword/vikings/d_sword"},
		{ "predicate": { "custom_model_data": 26}, "model": "item/swords/diamond_sword/vikings/i_sword"},
		{ "predicate": { "custom_model_data": 27}, "model": "item/swords/diamond_sword/vikings/g_sword"},
		{ "predicate": { "custom_model_data": 28}, "model": "item/swords/diamond_sword/vikings/s_sword"},
		{ "predicate": { "custom_model_data": 29}, "model": "item/swords/diamond_sword/vikings/w_sword"},

		{ "predicate": { "custom_model_data": 30}, "model": "item/swords/diamond_sword/samurai/n_sword"},
		{ "predicate": { "custom_model_data": 31}, "model": "item/swords/diamond_sword/samurai/d_sword"},
		{ "predicate": { "custom_model_data": 32}, "model": "item/swords/diamond_sword/samurai/i_sword"},
		{ "predicate": { "custom_model_data": 33}, "model": "item/swords/diamond_sword/samurai/g_sword"},
		{ "predicate": { "custom_model_data": 34}, "model": "item/swords/diamond_sword/samurai/s_sword"},
		{ "predicate": { "custom_model_data": 35}, "model": "item/swords/diamond_sword/samurai/w_sword"},

		{ "predicate": { "custom_model_data": 420}, "model": "item/swords/diamond_sword/legendary/magic_sword"},
		{ "predicate": { "custom_model_data": 421}, "model": "item/swords/diamond_sword/legendary/flamesword"},
		{ "predicate": { "custom_model_data": 422}, "model": "item/swords/diamond_sword/legendary/allelements"},
		{ "predicate": { "custom_model_data": 423}, "model": "item/swords/diamond_sword/legendary/iceblade"},
		{ "predicate": { "custom_model_data": 424}, "model": "item/swords/diamond_sword/legendary/chaossword"},
		{ "predicate": { "custom_model_data": 425}, "model": "item/swords/diamond_sword/legendary/soulblade"},
		{ "predicate": { "custom_model_data": 426}, "model": "item/swords/diamond_sword/legendary/wardensword"},
		{ "predicate": { "custom_model_data": 427}, "model": "item/swords/diamond_sword/legendary/sunsword"},
		{ "predicate": { "custom_model_data": 428}, "model": "item/swords/diamond_sword/legendary/edgesword"},

		{"predicate": {"custom_model_data":2037}, "model": "item/samurai_model/ninja_samurai_katana"},
		{"predicate": {"custom_model_data":2038}, "model": "item/samurai_model/ninja_samurai_katana_shiny"}
	]
}