{
    "parent": "item/handheld",
    "textures": {
        "layer0": "minecraft:item/flint"
    },
	"overrides": [
		{"predicate": {"custom_model_data":1}, "model": "item/mats/misc/flint/adamant_gem"},
		{"predicate": {"custom_model_data":2}, "model": "item/mats/misc/flint/blue_gem"},
		{"predicate": {"custom_model_data":3}, "model": "item/mats/misc/flint/blue_gem_2"},
		{"predicate": {"custom_model_data":4}, "model": "item/mats/misc/flint/blue_gem_3"},
		{"predicate": {"custom_model_data":5}, "model": "item/mats/misc/flint/brown_gem"},
		{"predicate": {"custom_model_data":6}, "model": "item/mats/misc/flint/brown_gem_2"},
		{"predicate": {"custom_model_data":7}, "model": "item/mats/misc/flint/crimson_gem"},
		{"predicate": {"custom_model_data":8}, "model": "item/mats/misc/flint/dark_gem"},
		{"predicate": {"custom_model_data":9}, "model": "item/mats/misc/flint/dark_gem_2"},
		{"predicate": {"custom_model_data":10}, "model": "item/mats/misc/flint/frost_gem"},
		{"predicate": {"custom_model_data":11}, "model": "item/mats/misc/flint/golden_gem"},
		{"predicate": {"custom_model_data":12}, "model": "item/mats/misc/flint/golden_gem_2"},
		{"predicate": {"custom_model_data":13}, "model": "item/mats/misc/flint/green_gem"},
		{"predicate": {"custom_model_data":14}, "model": "item/mats/misc/flint/holy_gem"},
		{"predicate": {"custom_model_data":15}, "model": "item/mats/misc/flint/light_blue_gem"},
		{"predicate": {"custom_model_data":16}, "model": "item/mats/misc/flint/light_gem"},
		{"predicate": {"custom_model_data":17}, "model": "item/mats/misc/flint/red_gem"},
		{"predicate": {"custom_model_data":18}, "model": "item/mats/misc/flint/red_gem_2"},
		{"predicate": {"custom_model_data":19}, "model": "item/mats/misc/flint/silver_gem"}

	]
}
