{
    "parent": "item/handheld",
    "textures": {
        "layer0": "minecraft:item/flint"
    },
    "overrides": [
        {
            "predicate": { "custom_model_data": 1 },
            "model": "item/consumeable/gemstones/adamant_gem"
        },
        {
            "predicate": { "custom_model_data": 2 },
            "model": "item/consumeable/gemstones/blue_gem"
        },
        {
            "predicate": { "custom_model_data": 3 },
            "model": "item/consumeable/gemstones/blue_gem_2"
        },
        {
            "predicate": { "custom_model_data": 4 },
            "model": "item/consumeable/gemstones/blue_gem_3"
        },
        {
            "predicate": { "custom_model_data": 5 },
            "model": "item/consumeable/gemstones/brown_gem"
        },
        {
            "predicate": { "custom_model_data": 6 },
            "model": "item/consumeable/gemstones/brown_gem_2"
        },
        {
            "predicate": { "custom_model_data": 7 },
            "model": "item/consumeable/gemstones/crimson_gem"
        },
        {
            "predicate": { "custom_model_data": 8 },
            "model": "item/consumeable/gemstones/dark_gem"
        },
        {
            "predicate": { "custom_model_data": 9 },
            "model": "item/consumeable/gemstones/dark_gem_2"
        },
        {
            "predicate": { "custom_model_data": 10 },
            "model": "item/consumeable/gemstones/frost_gem"
        },
        {
            "predicate": { "custom_model_data": 11 },
            "model": "item/consumeable/gemstones/golden_gem"
        },
        {
            "predicate": { "custom_model_data": 12 },
            "model": "item/consumeable/gemstones/golden_gem_2"
        },
        {
            "predicate": { "custom_model_data": 13 },
            "model": "item/consumeable/gemstones/green_gem"
        },
        {
            "predicate": { "custom_model_data": 14 },
            "model": "item/consumeable/gemstones/holy_gem"
        },
        {
            "predicate": { "custom_model_data": 15 },
            "model": "item/consumeable/gemstones/light_blue_gem"
        },
        {
            "predicate": { "custom_model_data": 16 },
            "model": "item/consumeable/gemstones/light_gem"
        },
        {
            "predicate": { "custom_model_data": 17 },
            "model": "item/consumeable/gemstones/red_gem"
        },
        {
            "predicate": { "custom_model_data": 18 },
            "model": "item/consumeable/gemstones/red_gem_2"
        },
        {
            "predicate": { "custom_model_data": 19 },
            "model": "item/consumeable/gemstones/silver_gem"
        }
    ]
}
