{
    "parent": "item/handheld",
    "textures": {
        "layer0": "minecraft:item/glass_bottle"
    },
	"overrides": [
		{"predicate": {"custom_model_data":1}, "model": "item/mats/misc/potion/potion"},
		{"predicate": {"custom_model_data":2}, "model": "item/mats/misc/potion/experience_bottle"},
		{"predicate": {"custom_model_data":3}, "model": "item/mats/misc/potion/hp_potion"},
		{"predicate": {"custom_model_data":4}, "model": "item/mats/misc/potion/mana_potion"},
		{"predicate": {"custom_model_data":5}, "model": "item/mats/misc/potion/dragon_breath"},
		{"predicate": {"custom_model_data":6}, "model": "item/mats/misc/potion/glass_bottle"},
		{"predicate": {"custom_model_data":7}, "model": "item/mats/misc/potion/lingering_potion"},
		{"predicate": {"custom_model_data":8}, "model": "item/mats/misc/potion/ominous_bottle"},
		{"predicate": {"custom_model_data":9}, "model": "item/mats/misc/potion/splash_potion"}

	]
}
