{
    "parent": "minecraft:item/handheld", 
    "textures": {
        "layer0": "minecraft:item/iron_sword"
    },
	"overrides": [
		{ "predicate": { "custom_model_data": 1}, "model": "item/swords/dagger/common/copper_dagger"},
		{ "predicate": { "custom_model_data": 2}, "model": "item/swords/dagger/common/iron_dagger"},
		{ "predicate": { "custom_model_data": 3}, "model": "item/swords/dagger/common/steel_dagger"},

		{ "predicate": { "custom_model_data": 11}, "model": "item/swords/dagger/legendary/shadow_dagger"},
		{ "predicate": { "custom_model_data": 12}, "model": "item/swords/dagger/legendary/water_dagger"},
		{ "predicate": { "custom_model_data": 13}, "model": "item/swords/dagger/legendary/hope_dagger"},
		{ "predicate": { "custom_model_data": 14}, "model": "item/swords/dagger/legendary/chaosdagger"},
		{ "predicate": { "custom_model_data": 15}, "model": "item/swords/dagger/legendary/nightdagger"}


        

	]
}