{
    "parent": "minecraft:item/handheld", 
    "textures": {
        "layer0": "minecraft:item/netherite_sword"
    },
	"overrides": [
		{ "predicate": { "custom_model_data": 1}, "model": "item/swords/greatswords/sao/black_greatsword"},
		{ "predicate": { "custom_model_data": 2}, "model": "item/swords/greatswords/vanilla/netherite_sword"},
		{ "predicate": { "custom_model_data": 3}, "model": "item/swords/greatswords/vanilla/diamond_sword"},
		{ "predicate": { "custom_model_data": 4}, "model": "item/swords/greatswords/vanilla/iron_sword"},
		{ "predicate": { "custom_model_data": 5}, "model": "item/swords/greatswords/vanilla/golden_sword"},
		{ "predicate": { "custom_model_data": 6}, "model": "item/swords/greatswords/vanilla/stone_sword"},
		{ "predicate": { "custom_model_data": 7}, "model": "item/swords/greatswords/vanilla/wooden_sword"}



	]
}