{
    "parent": "minecraft:item/handheld", 
    "textures": {
        "layer0": "minecraft:item/netherite_sword"
    },
	"overrides": [
		{ "predicate": { "custom_model_data": 1}, "model": "item/swords/greatswords/sao/black_greatsword"},
		{ "predicate": { "custom_model_data": 2}, "model": "item/swords/greatswords/vanilla/netherite_sword"},
		{ "predicate": { "custom_model_data": 3}, "model": "item/swords/greatswords/vanilla/diamond_sword"},
		{ "predicate": { "custom_model_data": 4}, "model": "item/swords/greatswords/vanilla/iron_sword"},
		{ "predicate": { "custom_model_data": 5}, "model": "item/swords/greatswords/vanilla/golden_sword"},
		{ "predicate": { "custom_model_data": 6}, "model": "item/swords/greatswords/vanilla/stone_sword"},
		{ "predicate": { "custom_model_data": 7}, "model": "item/swords/greatswords/vanilla/wooden_sword"},

		{ "predicate": { "custom_model_data": 420}, "model": "item/swords/cheetahs/aress"},
		{ "predicate": { "custom_model_data": 421}, "model": "item/swords/cheetahs/bloodbane"},
		{ "predicate": { "custom_model_data": 422}, "model": "item/swords/cheetahs/crysta"},
		{ "predicate": { "custom_model_data": 423}, "model": "item/swords/cheetahs/darkares"},
		{ "predicate": { "custom_model_data": 424}, "model": "item/swords/cheetahs/emberblade"},
		{ "predicate": { "custom_model_data": 425}, "model": "item/swords/cheetahs/firedagger"},
		{ "predicate": { "custom_model_data": 426}, "model": "item/swords/cheetahs/frostblade"},
		{ "predicate": { "custom_model_data": 427}, "model": "item/swords/cheetahs/hemorax"},
		{ "predicate": { "custom_model_data": 428}, "model": "item/swords/cheetahs/royalclaymore"},
		{ "predicate": { "custom_model_data": 429}, "model": "item/swords/cheetahs/shadowblade"},
		{ "predicate": { "custom_model_data": 430}, "model": "item/swords/cheetahs/shadowreaper"}




	]
}