{
    "parent": "item/generated",
    "textures": {
        "layer0": "item/paper"
    },
	"overrides": [	
		{"predicate": {"custom_model_data":2108}, "model": "item/assassin_model/assassin_dagger_a"},
		{"predicate": {"custom_model_data":2109}, "model": "item/assassin_model/assassin_dash_1"},
		{"predicate": {"custom_model_data":2110}, "model": "item/assassin_model/assassin_dash_2"},
		{"predicate": {"custom_model_data":2111}, "model": "item/assassin_model/assassin_dash_3"},
		{"predicate": {"custom_model_data":2112}, "model": "item/assassin_model/assassin_dash_4"},
		{"predicate": {"custom_model_data":2113}, "model": "item/assassin_model/assassin_impact_1"},
		{"predicate": {"custom_model_data":2114}, "model": "item/assassin_model/assassin_impact_2"},
		{"predicate": {"custom_model_data":2115}, "model": "item/assassin_model/assassin_impact_3"},
		{"predicate": {"custom_model_data":2116}, "model": "item/assassin_model/assassin_impact_4"},
		{"predicate": {"custom_model_data":2117}, "model": "item/assassin_model/assassin_slash_1"},
		{"predicate": {"custom_model_data":2118}, "model": "item/assassin_model/assassin_slash_2"},
		{"predicate": {"custom_model_data":2119}, "model": "item/assassin_model/assassin_slash_3"},
		{"predicate": {"custom_model_data":2120}, "model": "item/assassin_model/assassin_slash_4"},
		{"predicate": {"custom_model_data":2121}, "model": "item/assassin_model/assassin_slash_5"},
		{"predicate": {"custom_model_data":2122}, "model": "item/assassin_model/assassin_slash_6"},
		{"predicate": {"custom_model_data":2123}, "model": "item/assassin_model/assassin_spin_1"},
		{"predicate": {"custom_model_data":2124}, "model": "item/assassin_model/assassin_spin_2"},
		{"predicate": {"custom_model_data":2125}, "model": "item/assassin_model/assassin_spin_3"},
		{"predicate": {"custom_model_data":2126}, "model": "item/assassin_model/assassin_spin_4"},
		{"predicate": {"custom_model_data":2127}, "model": "item/assassin_model/assassin_spin_5"},
		{"predicate": {"custom_model_data":2128}, "model": "item/assassin_model/assassin_spin_6"},
		{"predicate": {"custom_model_data":2129}, "model": "item/assassin_model/assassin_x_1"},
		{"predicate": {"custom_model_data":2130}, "model": "item/assassin_model/assassin_x_2"},
		{"predicate": {"custom_model_data":2131}, "model": "item/assassin_model/assassin_x_3"},
		{"predicate": {"custom_model_data":2132}, "model": "item/assassin_model/assassin_x_4"},
		{"predicate": {"custom_model_data":2133}, "model": "item/assassin_model/assassin_x_5"}
    ]
}