{
    "parent": "item/generated",
    "textures": {
        "layer0": "item/paper"
    },
	"overrides": [	
		{"predicate": {"custom_model_data":2108}, "model": "item/assassin_model/assassin_dagger_a"},
		{"predicate": {"custom_model_data":2109}, "model": "item/assassin_model/assassin_dash_1"},
		{"predicate": {"custom_model_data":2110}, "model": "item/assassin_model/assassin_dash_2"},
		{"predicate": {"custom_model_data":2111}, "model": "item/assassin_model/assassin_dash_3"},
		{"predicate": {"custom_model_data":2112}, "model": "item/assassin_model/assassin_dash_4"},
		{"predicate": {"custom_model_data":2113}, "model": "item/assassin_model/assassin_impact_1"},
		{"predicate": {"custom_model_data":2114}, "model": "item/assassin_model/assassin_impact_2"},
		{"predicate": {"custom_model_data":2115}, "model": "item/assassin_model/assassin_impact_3"},
		{"predicate": {"custom_model_data":2116}, "model": "item/assassin_model/assassin_impact_4"},
		{"predicate": {"custom_model_data":2117}, "model": "item/assassin_model/assassin_slash_1"},
		{"predicate": {"custom_model_data":2118}, "model": "item/assassin_model/assassin_slash_2"},
		{"predicate": {"custom_model_data":2119}, "model": "item/assassin_model/assassin_slash_3"},
		{"predicate": {"custom_model_data":2120}, "model": "item/assassin_model/assassin_slash_4"},
		{"predicate": {"custom_model_data":2121}, "model": "item/assassin_model/assassin_slash_5"},
		{"predicate": {"custom_model_data":2122}, "model": "item/assassin_model/assassin_slash_6"},
		{"predicate": {"custom_model_data":2123}, "model": "item/assassin_model/assassin_spin_1"},
		{"predicate": {"custom_model_data":2124}, "model": "item/assassin_model/assassin_spin_2"},
		{"predicate": {"custom_model_data":2125}, "model": "item/assassin_model/assassin_spin_3"},
		{"predicate": {"custom_model_data":2126}, "model": "item/assassin_model/assassin_spin_4"},
		{"predicate": {"custom_model_data":2127}, "model": "item/assassin_model/assassin_spin_5"},
		{"predicate": {"custom_model_data":2128}, "model": "item/assassin_model/assassin_spin_6"},
		{"predicate": {"custom_model_data":2129}, "model": "item/assassin_model/assassin_x_1"},
		{"predicate": {"custom_model_data":2130}, "model": "item/assassin_model/assassin_x_2"},
		{"predicate": {"custom_model_data":2131}, "model": "item/assassin_model/assassin_x_3"},
		{"predicate": {"custom_model_data":2132}, "model": "item/assassin_model/assassin_x_4"},
		{"predicate": {"custom_model_data":2133}, "model": "item/assassin_model/assassin_x_5"},

		{"predicate": {"custom_model_data":2563}, "model": "item/samurai_model/blood_cut_1"},
		{"predicate": {"custom_model_data":2564}, "model": "item/samurai_model/blood_cut_2"},
		{"predicate": {"custom_model_data":2565}, "model": "item/samurai_model/blood_cut_3"},
		{"predicate": {"custom_model_data":2566}, "model": "item/samurai_model/blood_cut_4"},
		{"predicate": {"custom_model_data":2567}, "model": "item/samurai_model/blood_cut_5"},
		{"predicate": {"custom_model_data":2568}, "model": "item/samurai_model/blood_cut_6"},
		{"predicate": {"custom_model_data":2569}, "model": "item/samurai_model/blood_cut_7"},
		{"predicate": {"custom_model_data":2570}, "model": "item/samurai_model/blood_cut_8"},
		{"predicate": {"custom_model_data":2571}, "model": "item/samurai_model/blood_pierce_1"},
		{"predicate": {"custom_model_data":2572}, "model": "item/samurai_model/blood_pierce_2"},
		{"predicate": {"custom_model_data":2573}, "model": "item/samurai_model/blood_pierce_3"},
		{"predicate": {"custom_model_data":2574}, "model": "item/samurai_model/blood_pierce_4"},
		{"predicate": {"custom_model_data":2575}, "model": "item/samurai_model/blood_pierce_5"},
		{"predicate": {"custom_model_data":2576}, "model": "item/samurai_model/blood_slash_1"},
		{"predicate": {"custom_model_data":2577}, "model": "item/samurai_model/blood_slash_2"},
		{"predicate": {"custom_model_data":2578}, "model": "item/samurai_model/blood_slash_3"},
		{"predicate": {"custom_model_data":2579}, "model": "item/samurai_model/blood_slash_4"},
		{"predicate": {"custom_model_data":2580}, "model": "item/samurai_model/blood_slash_5"},
		{"predicate": {"custom_model_data":2581}, "model": "item/samurai_model/blood_slash_6"},
		{"predicate": {"custom_model_data":2582}, "model": "item/samurai_model/blood_slash_7"},
		{"predicate": {"custom_model_data":2583}, "model": "item/samurai_model/death_charge_spin"},
		{"predicate": {"custom_model_data":2584}, "model": "item/samurai_model/death_mark_1"},
		{"predicate": {"custom_model_data":2585}, "model": "item/samurai_model/death_mark_2"},
		{"predicate": {"custom_model_data":2586}, "model": "item/samurai_model/death_mark_3"},
		{"predicate": {"custom_model_data":2587}, "model": "item/samurai_model/death_mark_4"},
		{"predicate": {"custom_model_data":2588}, "model": "item/samurai_model/death_mark_5"},
		{"predicate": {"custom_model_data":2589}, "model": "item/samurai_model/flow_state_1"},
		{"predicate": {"custom_model_data":2590}, "model": "item/samurai_model/flow_state_2"},
		{"predicate": {"custom_model_data":2591}, "model": "item/samurai_model/flow_state_3"},
		{"predicate": {"custom_model_data":2592}, "model": "item/samurai_model/ground_pound_1"},
		{"predicate": {"custom_model_data":2593}, "model": "item/samurai_model/ground_pound_2"},
		{"predicate": {"custom_model_data":2594}, "model": "item/samurai_model/ground_pound_3"},
		{"predicate": {"custom_model_data":2595}, "model": "item/samurai_model/ground_pound_4"},
		{"predicate": {"custom_model_data":2596}, "model": "item/samurai_model/ground_pound_5"},
		{"predicate": {"custom_model_data":2597}, "model": "item/samurai_model/ground_pound_6"},
		{"predicate": {"custom_model_data":2598}, "model": "item/samurai_model/ground_pound_7"},
		{"predicate": {"custom_model_data":2599}, "model": "item/samurai_model/laceration_dash_1"},
		{"predicate": {"custom_model_data":2600}, "model": "item/samurai_model/laceration_dash_2"},
		{"predicate": {"custom_model_data":2601}, "model": "item/samurai_model/laceration_dash_3"},
		{"predicate": {"custom_model_data":2602}, "model": "item/samurai_model/laceration_dash_4"},
		{"predicate": {"custom_model_data":2603}, "model": "item/samurai_model/laceration_dash_5"},
		{"predicate": {"custom_model_data":2604}, "model": "item/samurai_model/laceration_dash_6"},
		{"predicate": {"custom_model_data":2605}, "model": "item/samurai_model/laceration_slash_1"},
		{"predicate": {"custom_model_data":2606}, "model": "item/samurai_model/laceration_slash_2"},
		{"predicate": {"custom_model_data":2607}, "model": "item/samurai_model/laceration_slash_3"},
		{"predicate": {"custom_model_data":2608}, "model": "item/samurai_model/laceration_slash_4"},
		{"predicate": {"custom_model_data":2609}, "model": "item/samurai_model/laceration_slash_5"},
		{"predicate": {"custom_model_data":2610}, "model": "item/samurai_model/ninja_shadow_1_1"},
		{"predicate": {"custom_model_data":2611}, "model": "item/samurai_model/ninja_shadow_1_2"},
		{"predicate": {"custom_model_data":2612}, "model": "item/samurai_model/ninja_shadow_1_3"},
		{"predicate": {"custom_model_data":2613}, "model": "item/samurai_model/ninja_shadow_1_4"},
		{"predicate": {"custom_model_data":2614}, "model": "item/samurai_model/ninja_shadow_2_1"},
		{"predicate": {"custom_model_data":2615}, "model": "item/samurai_model/ninja_shadow_2_2"},
		{"predicate": {"custom_model_data":2616}, "model": "item/samurai_model/ninja_shadow_2_3"},
		{"predicate": {"custom_model_data":2617}, "model": "item/samurai_model/ninja_shadow_2_4"},
		{"predicate": {"custom_model_data":2618}, "model": "item/samurai_model/ninja_shadow_3_1"},
		{"predicate": {"custom_model_data":2619}, "model": "item/samurai_model/ninja_shadow_3_2"},
		{"predicate": {"custom_model_data":2620}, "model": "item/samurai_model/ninja_shadow_3_3"},
		{"predicate": {"custom_model_data":2621}, "model": "item/samurai_model/ninja_shadow_3_4"},
		{"predicate": {"custom_model_data":2622}, "model": "item/samurai_model/ninja_shadow_4_1"},
		{"predicate": {"custom_model_data":2623}, "model": "item/samurai_model/ninja_shadow_4_2"},
		{"predicate": {"custom_model_data":2624}, "model": "item/samurai_model/ninja_shadow_4_3"},
		{"predicate": {"custom_model_data":2625}, "model": "item/samurai_model/ninja_shadow_4_4"},
		{"predicate": {"custom_model_data":2626}, "model": "item/samurai_model/shadow_cut_1"},
		{"predicate": {"custom_model_data":2627}, "model": "item/samurai_model/shadow_cut_2"},
		{"predicate": {"custom_model_data":2628}, "model": "item/samurai_model/shadow_cut_3"},
		{"predicate": {"custom_model_data":2629}, "model": "item/samurai_model/shadow_cut_4"},
		{"predicate": {"custom_model_data":2630}, "model": "item/samurai_model/shadow_cut_5"},
		{"predicate": {"custom_model_data":2631}, "model": "item/samurai_model/shadow_cut_6"},
		{"predicate": {"custom_model_data":2632}, "model": "item/samurai_model/shadow_cut_7"},
		{"predicate": {"custom_model_data":2633}, "model": "item/samurai_model/shadow_cut_8"},
		{"predicate": {"custom_model_data":2634}, "model": "item/samurai_model/shadow_pierce_1"},
		{"predicate": {"custom_model_data":2635}, "model": "item/samurai_model/shadow_pierce_2"},
		{"predicate": {"custom_model_data":2636}, "model": "item/samurai_model/shadow_pierce_3"},
		{"predicate": {"custom_model_data":2637}, "model": "item/samurai_model/shadow_pierce_4"},
		{"predicate": {"custom_model_data":2638}, "model": "item/samurai_model/shadow_pierce_5"},
		{"predicate": {"custom_model_data":2639}, "model": "item/samurai_model/shadow_slash_1"},
		{"predicate": {"custom_model_data":2640}, "model": "item/samurai_model/shadow_slash_2"},
		{"predicate": {"custom_model_data":2641}, "model": "item/samurai_model/shadow_slash_3"},
		{"predicate": {"custom_model_data":2642}, "model": "item/samurai_model/shadow_slash_4"},
		{"predicate": {"custom_model_data":2643}, "model": "item/samurai_model/shadow_slash_5"},
		{"predicate": {"custom_model_data":2644}, "model": "item/samurai_model/shadow_slash_6"},
		{"predicate": {"custom_model_data":2645}, "model": "item/samurai_model/shadow_slash_7"},
		{"predicate": {"custom_model_data":2646}, "model": "item/samurai_model/shadow_spin"},
		{"predicate": {"custom_model_data":2647}, "model": "item/samurai_model/shuriken_blade_a"},
		{"predicate": {"custom_model_data":2648}, "model": "item/samurai_model/shuriken_mark"},
		{"predicate": {"custom_model_data":2649}, "model": "item/samurai_model/smoke_bomb"},
		{"predicate": {"custom_model_data":2650}, "model": "item/samurai_model/smoke_bomb_smoke_1"},
		{"predicate": {"custom_model_data":2651}, "model": "item/samurai_model/smoke_bomb_smoke_2"},
		{"predicate": {"custom_model_data":2652}, "model": "item/samurai_model/smoke_bomb_smoke_3"},
		{"predicate": {"custom_model_data":2653}, "model": "item/samurai_model/smoke_bomb_smoke_4"},
		{"predicate": {"custom_model_data":2654}, "model": "item/samurai_model/smoke_bomb_smoke_5"}
    ]
}