{
    "parent": "item/handheld",
    "textures": {
        "layer0": "minecraft:item/stone_sword"
    },
    "overrides": [
        {
            "predicate": { "custom_model_data": 2011 },
            "model": "item/assassin_model/assassin_blade"
        },
        {
            "predicate": { "custom_model_data": 2012 },
            "model": "item/assassin_model/assassin_blade_shiny"
        },

        {
            "predicate": { "custom_model_data": 6000 },
            "model": "item/swords_pack/stone_sword"
        },
        
        {
            "predicate": { "custom_model_data": 7000 },
            "model": "item/better_weapons/stone_sword"
        }
    ]
}
