{
	"credit": "Made with Blockbench",
	"parent": "models/item/shield",
	"ambientocclusion": false,
	"textures": {
		"1": "item/shields/zelda/front_royal_shield",
		"2": "item/shields/zelda/back_wood_shield",
		"3": "item/shields/zelda/goldrelief"
	},
	"elements": [
		{
			"from": [7, 25, 8.2],
			"to": [9, 26, 8.9],
			"rotation": {"angle": 0, "axis": "y", "origin": [8, 0, 8]},
			"faces": {
				"north": {"uv": [3.5, 0.5, 4.5, 1], "texture": "#1"},
				"east": {"uv": [3.5, 0.5, 4, 1], "texture": "#1"},
				"south": {"uv": [4.5, 0.5, 3.5, 1], "texture": "#1"},
				"west": {"uv": [4, 0.5, 4.5, 1], "texture": "#1"},
				"up": {"uv": [4.5, 0.5, 3.5, 1], "texture": "#1"},
				"down": {"uv": [4.5, 0.5, 3.5, 1], "texture": "#1"}
			}
		},
		{
			"from": [6, 24, 8.2],
			"to": [7, 25, 8.9],
			"rotation": {"angle": 0, "axis": "y", "origin": [8, 0, 8]},
			"faces": {
				"north": {"uv": [5, 1.5, 5.5, 2], "texture": "#1"},
				"east": {"uv": [5, 1.5, 5.5, 2], "texture": "#1"},
				"south": {"uv": [5, 1.5, 5.5, 2], "texture": "#1"},
				"west": {"uv": [5, 1.5, 5.5, 2], "texture": "#1"},
				"up": {"uv": [5, 1.5, 5.5, 2], "texture": "#1"},
				"down": {"uv": [5, 1.5, 5.5, 2], "texture": "#1"}
			}
		},
		{
			"from": [5, 23, 8.2],
			"to": [6, 24, 8.9],
			"rotation": {"angle": 0, "axis": "y", "origin": [8, 0, 8]},
			"faces": {
				"north": {"uv": [6, 2, 6.5, 2.5], "texture": "#1"},
				"east": {"uv": [5.5, 2, 6, 2.5], "texture": "#1"},
				"south": {"uv": [5.5, 2, 6.5, 2.5], "texture": "#1"},
				"west": {"uv": [6, 2, 6.5, 2.5], "texture": "#1"},
				"up": {"uv": [6, 2, 6.5, 2.5], "texture": "#1"},
				"down": {"uv": [5.5, 2, 6.5, 2.5], "texture": "#1"}
			}
		},
		{
			"from": [10, 23, 8.2],
			"to": [11, 24, 8.9],
			"rotation": {"angle": 0, "axis": "y", "origin": [8, 0, 8]},
			"faces": {
				"north": {"uv": [1.5, 2, 2.5, 2.5], "texture": "#1"},
				"east": {"uv": [1.5, 2, 2, 2.5], "texture": "#1"},
				"south": {"uv": [1.5, 2, 2.5, 2.5], "texture": "#1"},
				"west": {"uv": [1.5, 2, 2, 2.5], "texture": "#1"},
				"up": {"uv": [1.5, 2, 2, 2.5], "texture": "#1"},
				"down": {"uv": [1.5, 2, 2.5, 2.5], "texture": "#1"}
			}
		},
		{
			"from": [3, 22, 8.2],
			"to": [5, 23, 8.9],
			"rotation": {"angle": 0, "axis": "y", "origin": [8, 0, 8]},
			"faces": {
				"north": {"uv": [5.5, 2, 6.5, 2.5], "texture": "#1"},
				"east": {"uv": [5.5, 2, 6, 2.5], "texture": "#1"},
				"south": {"uv": [5.5, 2, 6.5, 2.5], "texture": "#1"},
				"west": {"uv": [6, 2, 6.5, 2.5], "texture": "#1"},
				"up": {"uv": [6.5, 2, 5.5, 2.5], "texture": "#1"},
				"down": {"uv": [5.5, 2, 6.5, 2.5], "texture": "#1"}
			}
		},
		{
			"from": [11, 22, 8.2],
			"to": [13, 23, 8.9],
			"rotation": {"angle": 0, "axis": "y", "origin": [8, 0, 8]},
			"faces": {
				"north": {"uv": [1.5, 2, 2.5, 2.5], "texture": "#1"},
				"east": {"uv": [1.5, 2, 2, 2.5], "texture": "#1"},
				"south": {"uv": [1.5, 2, 2.5, 2.5], "texture": "#1"},
				"west": {"uv": [1.5, 2, 2, 2.5], "texture": "#1"},
				"up": {"uv": [2.5, 2, 1.5, 2.5], "texture": "#1"},
				"down": {"uv": [1.5, 2, 2.5, 2.5], "texture": "#1"}
			}
		},
		{
			"from": [9, 24, 8.2],
			"to": [10, 25, 8.9],
			"rotation": {"angle": 0, "axis": "y", "origin": [8, 0, 8]},
			"faces": {
				"north": {"uv": [2.5, 1.5, 3, 2], "texture": "#1"},
				"east": {"uv": [2.5, 1.5, 3, 2], "texture": "#1"},
				"south": {"uv": [1.5, 2, 2.5, 2.5], "texture": "#1"},
				"west": {"uv": [2.5, 1.5, 3, 2], "texture": "#1"},
				"up": {"uv": [2.5, 1.5, 3, 2], "texture": "#1"},
				"down": {"uv": [2.5, 1.5, 3, 2], "texture": "#1"}
			}
		},
		{
			"from": [7.5, 17, 8.725],
			"to": [8.5, 18, 11.725],
			"rotation": {"angle": 0, "axis": "y", "origin": [8, 0, 8]},
			"faces": {
				"north": {"uv": [10, 1, 10.5, 1.5], "texture": "#2"},
				"east": {"uv": [8, 4, 8.5, 3], "rotation": 270, "texture": "#2"},
				"south": {"uv": [8, 3.5, 8.5, 4], "texture": "#2"},
				"west": {"uv": [8, 3, 8.5, 4], "rotation": 270, "texture": "#2"},
				"up": {"uv": [8, 4, 8.5, 3], "rotation": 180, "texture": "#2"},
				"down": {"uv": [8, 4, 8.5, 3], "texture": "#2"}
			}
		},
		{
			"from": [7.5, 12, 8.725],
			"to": [8.5, 13, 11.725],
			"rotation": {"angle": 0, "axis": "y", "origin": [8, 0, 8]},
			"faces": {
				"north": {"uv": [10, 1, 10.5, 1.5], "texture": "#2"},
				"east": {"uv": [8, 4, 8.5, 3], "rotation": 270, "texture": "#2"},
				"south": {"uv": [8, 3.5, 8.5, 4], "texture": "#2"},
				"west": {"uv": [8, 3, 8.5, 4], "rotation": 270, "texture": "#2"},
				"up": {"uv": [8, 4, 8.5, 3], "rotation": 180, "texture": "#2"},
				"down": {"uv": [8, 4, 8.5, 3], "texture": "#2"}
			}
		},
		{
			"from": [7, 16.5, 8.725],
			"to": [9, 18.5, 9.225],
			"rotation": {"angle": 0, "axis": "y", "origin": [8, 0, 8]},
			"faces": {
				"north": {"uv": [8, 1.5, 8.5, 2], "texture": "#2"},
				"east": {"uv": [7, 5, 7.5, 6], "rotation": 270, "texture": "#2"},
				"south": {"uv": [7, 5, 7.5, 5.5], "texture": "#2"},
				"west": {"uv": [7, 5, 7.5, 6], "rotation": 270, "texture": "#2"},
				"up": {"uv": [7, 5, 7.5, 6], "rotation": 180, "texture": "#2"},
				"down": {"uv": [7, 5, 7.5, 6], "texture": "#2"}
			}
		},
		{
			"from": [7, 11.5, 8.725],
			"to": [9, 13.5, 9.225],
			"rotation": {"angle": 0, "axis": "y", "origin": [8, 0, 8]},
			"faces": {
				"north": {"uv": [8, 1.5, 8.5, 2], "texture": "#2"},
				"east": {"uv": [7, 5, 7.5, 6], "rotation": 270, "texture": "#2"},
				"south": {"uv": [7, 5, 7.5, 5.5], "texture": "#2"},
				"west": {"uv": [7, 5, 7.5, 6], "rotation": 270, "texture": "#2"},
				"up": {"uv": [7, 5, 7.5, 6], "rotation": 180, "texture": "#2"},
				"down": {"uv": [7, 5, 7.5, 6], "texture": "#2"}
			}
		},
		{
			"from": [7.5, 13, 10.725],
			"to": [8.5, 17, 11.725],
			"rotation": {"angle": 0, "axis": "y", "origin": [8, 0, 8]},
			"faces": {
				"north": {"uv": [7, 4.5, 7.5, 6.5], "texture": "#2"},
				"east": {"uv": [7, 4.5, 7.5, 6.5], "texture": "#2"},
				"south": {"uv": [7, 4.5, 7.5, 6.5], "texture": "#2"},
				"west": {"uv": [7, 4.5, 7.5, 6.5], "texture": "#2"},
				"up": {"uv": [7.5, 2.5, 6.5, 1.5], "rotation": 270, "texture": "#2"},
				"down": {"uv": [10.5, 0, 9.5, 1], "rotation": 90, "texture": "#2"}
			}
		},
		{
			"from": [3, 8, 8.2],
			"to": [4, 10, 8.9],
			"rotation": {"angle": 0, "axis": "y", "origin": [8, 0, 8]},
			"faces": {
				"north": {"uv": [6, 8.5, 6.5, 9.5], "texture": "#1"},
				"east": {"uv": [6, 8.5, 6.5, 9.5], "texture": "#1"},
				"south": {"uv": [6, 8.5, 6.5, 9.5], "texture": "#1"},
				"west": {"uv": [6, 8.5, 6.5, 9.5], "texture": "#1"},
				"up": {"uv": [6, 8.5, 6.5, 9], "texture": "#1"},
				"down": {"uv": [6, 8.5, 6.5, 9], "texture": "#1"}
			}
		},
		{
			"from": [4, 7, 8.2],
			"to": [5, 8, 8.9],
			"rotation": {"angle": 0, "axis": "y", "origin": [8, 0, 8]},
			"faces": {
				"north": {"uv": [5.5, 9.5, 6, 10], "texture": "#1"},
				"east": {"uv": [5.5, 9.5, 6, 10], "texture": "#1"},
				"south": {"uv": [5.5, 9.5, 6, 10], "texture": "#1"},
				"west": {"uv": [5.5, 9.5, 6, 10], "texture": "#1"},
				"up": {"uv": [5.5, 9.5, 6, 10], "texture": "#1"},
				"down": {"uv": [5.5, 9.5, 6, 10], "texture": "#1"}
			}
		},
		{
			"from": [5, 6, 8.2],
			"to": [6, 7, 8.9],
			"rotation": {"angle": 0, "axis": "y", "origin": [8, 0, 8]},
			"faces": {
				"north": {"uv": [5, 10, 5.5, 10.5], "texture": "#1"},
				"east": {"uv": [5, 10, 5.5, 10.5], "texture": "#1"},
				"south": {"uv": [5, 10, 5.5, 10.5], "texture": "#1"},
				"west": {"uv": [5, 10, 5.5, 10.5], "texture": "#1"},
				"up": {"uv": [5, 10, 5.5, 10.5], "texture": "#1"},
				"down": {"uv": [5, 10, 5.5, 10.5], "texture": "#1"}
			}
		},
		{
			"from": [6, 5, 8.2],
			"to": [7, 6, 8.9],
			"rotation": {"angle": 0, "axis": "y", "origin": [8, 0, 8]},
			"faces": {
				"north": {"uv": [4.5, 10.5, 5, 11], "texture": "#1"},
				"east": {"uv": [4.5, 10.5, 5, 11], "texture": "#1"},
				"south": {"uv": [4.5, 10.5, 5, 11], "texture": "#1"},
				"west": {"uv": [4.5, 10.5, 5, 11], "texture": "#1"},
				"up": {"uv": [4.5, 10.5, 5, 11], "texture": "#1"},
				"down": {"uv": [4.5, 10.5, 5, 11], "texture": "#1"}
			}
		},
		{
			"from": [7, 4, 8.2],
			"to": [9, 5, 8.9],
			"rotation": {"angle": 0, "axis": "y", "origin": [8, 0, 8]},
			"faces": {
				"north": {"uv": [3.5, 11, 4.5, 11.5], "texture": "#1"},
				"east": {"uv": [3.5, 11, 4, 11.5], "texture": "#1"},
				"south": {"uv": [4.5, 11, 3.5, 11.5], "texture": "#1"},
				"west": {"uv": [4, 11, 4.5, 11.5], "texture": "#1"},
				"up": {"uv": [4.5, 11, 3.5, 11.5], "texture": "#1"},
				"down": {"uv": [4.5, 11, 3.5, 11.5], "texture": "#1"}
			}
		},
		{
			"from": [2, 10, 8.2],
			"to": [3, 22, 8.9],
			"rotation": {"angle": 0, "axis": "y", "origin": [8, 0, 8]},
			"faces": {
				"north": {"uv": [6.5, 2.5, 7, 8.5], "texture": "#1"},
				"east": {"uv": [6.5, 2.5, 7, 8.5], "texture": "#1"},
				"south": {"uv": [6.5, 2.5, 7, 8.5], "texture": "#1"},
				"west": {"uv": [6.5, 2.5, 7, 8.5], "texture": "#1"},
				"up": {"uv": [6.5, 2.5, 7, 3], "texture": "#1"},
				"down": {"uv": [6.5, 8, 7, 8.5], "texture": "#1"}
			}
		},
		{
			"from": [3, 10, 8.5],
			"to": [13, 22, 8.775],
			"rotation": {"angle": 0, "axis": "y", "origin": [8, 0, 8]},
			"faces": {
				"north": {"uv": [32, 0, 32, 0], "texture": "#1"},
				"east": {"uv": [32, 0, 32, 0], "texture": "#missing"},
				"south": {"uv": [0.5, 1.5, 5.5, 7.5], "texture": "#2"},
				"west": {"uv": [32, 0, 32, 0], "texture": "#missing"},
				"up": {"uv": [32, 0, 32, 0], "texture": "#missing"},
				"down": {"uv": [32, 0, 32, 0], "texture": "#missing"}
			}
		},
		{
			"from": [2, 4, 8.4],
			"to": [14, 25, 8.4],
			"rotation": {"angle": 0, "axis": "y", "origin": [8, 0, 8]},
			"faces": {
				"north": {"uv": [0.75, 2, 6.75, 12.5], "texture": "#3"},
				"east": {"uv": [0, 0, 0, 0], "texture": "#3"},
				"west": {"uv": [0, 0, 0, 0], "texture": "#3"},
				"up": {"uv": [0, 0, 0, 0], "texture": "#3"},
				"down": {"uv": [0, 0, 0, 0], "texture": "#3"}
			}
		},
		{
			"from": [2, 4, 8.445],
			"to": [14, 25, 8.445],
			"rotation": {"angle": 0, "axis": "y", "origin": [8, 0, 8]},
			"faces": {
				"north": {"uv": [1, 1, 7, 11.5], "texture": "#1"},
				"east": {"uv": [0, 0, 0, 0], "texture": "#1"},
				"west": {"uv": [0, 0, 0, 0], "texture": "#1"},
				"up": {"uv": [0, 0, 0, 0], "texture": "#1"},
				"down": {"uv": [0, 0, 0, 0], "texture": "#1"}
			}
		},
		{
			"from": [6, 6, 8.5],
			"to": [10, 7, 8.775],
			"rotation": {"angle": 0, "axis": "y", "origin": [8, 0, 8]},
			"faces": {
				"north": {"uv": [32, 1.5, 32, 1.5], "texture": "#1"},
				"east": {"uv": [1, 1, 1.375, 2.3125], "texture": "#missing"},
				"south": {"uv": [2, 9.5, 4, 9], "texture": "#2"},
				"west": {"uv": [1, 1, 1.375, 2.3125], "texture": "#missing"},
				"up": {"uv": [1, 1, 4, 1.65625], "texture": "#missing"},
				"down": {"uv": [1, 1, 4, 1.65625], "texture": "#missing"}
			}
		},
		{
			"from": [4, 8, 8.5],
			"to": [12, 10, 8.775],
			"rotation": {"angle": 0, "axis": "y", "origin": [8, 0, 8]},
			"faces": {
				"north": {"uv": [32, 0, 32, 0], "texture": "#1"},
				"east": {"uv": [0, 0, 0.375, 2.625], "texture": "#missing"},
				"south": {"uv": [1, 7.5, 5, 8.5], "texture": "#2"},
				"west": {"uv": [0, 0, 0.375, 2.625], "texture": "#missing"},
				"up": {"uv": [0, 0, 6, 0.65625], "texture": "#missing"},
				"down": {"uv": [0, 0, 6, 0.65625], "texture": "#missing"}
			}
		},
		{
			"from": [5, 7, 8.5],
			"to": [11, 8, 8.775],
			"rotation": {"angle": 0, "axis": "y", "origin": [8, 0, 8]},
			"faces": {
				"north": {"uv": [32, 0, 32, 0], "texture": "#1"},
				"east": {"uv": [0, 0, 0.375, 1.3125], "texture": "#missing"},
				"south": {"uv": [1.5, 9, 4.5, 8.5], "texture": "#2"},
				"west": {"uv": [0, 0, 0.375, 1.3125], "texture": "#missing"},
				"up": {"uv": [0, 0, 4.5, 0.65625], "texture": "#missing"},
				"down": {"uv": [0, 0, 4.5, 0.65625], "texture": "#missing"}
			}
		},
		{
			"from": [7, 5, 8.5],
			"to": [9, 6, 8.775],
			"rotation": {"angle": 0, "axis": "y", "origin": [8, 0, 8]},
			"faces": {
				"north": {"uv": [32, 0, 32, 0.3125], "texture": "#1"},
				"east": {"uv": [0, 0, 0.375, 1.3125], "texture": "#missing"},
				"south": {"uv": [2.5, 10, 3.5, 9.5], "texture": "#2"},
				"west": {"uv": [0, 0, 0.375, 1.3125], "texture": "#missing"},
				"up": {"uv": [0, 0, 1.5, 0.65625], "texture": "#missing"},
				"down": {"uv": [0, 0, 1.5, 0.65625], "texture": "#missing"}
			}
		},
		{
			"from": [9, 22, 8.5],
			"to": [11, 23, 8.775],
			"rotation": {"angle": 0, "axis": "y", "origin": [8, 0, 8]},
			"faces": {
				"north": {"uv": [32, 0, 32, 0], "texture": "#1"},
				"east": {"uv": [0, 0, 0.375, 1.3125], "texture": "#missing"},
				"south": {"uv": [3.5, 1, 4.5, 1.5], "texture": "#2"},
				"west": {"uv": [0, 0, 0.375, 1.3125], "texture": "#missing"},
				"up": {"uv": [0, 0, 1.5, 0.65625], "texture": "#missing"},
				"down": {"uv": [0, 0, 1.5, 0.65625], "texture": "#missing"}
			}
		},
		{
			"from": [5, 22, 8.5],
			"to": [7, 23, 8.775],
			"rotation": {"angle": 0, "axis": "y", "origin": [8, 0, 8]},
			"faces": {
				"north": {"uv": [32, 0, 32, 0], "texture": "#1"},
				"east": {"uv": [0, 0, 0.375, 1.3125], "texture": "#missing"},
				"south": {"uv": [3, 2.5, 4, 3], "texture": "#2"},
				"west": {"uv": [0, 0, 0.375, 1.3125], "texture": "#missing"},
				"up": {"uv": [0, 0, 1.5, 0.65625], "texture": "#missing"},
				"down": {"uv": [0, 0, 1.5, 0.65625], "texture": "#missing"}
			}
		},
		{
			"from": [7, 22, 8.5],
			"to": [9, 23, 8.775],
			"rotation": {"angle": 0, "axis": "y", "origin": [8, 0, 8]},
			"faces": {
				"north": {"uv": [32, 0, 32, 0], "texture": "#1"},
				"east": {"uv": [0, 0, 0.375, 1.3125], "texture": "#missing"},
				"south": {"uv": [2.5, 1, 3.5, 1.5], "texture": "#2"},
				"west": {"uv": [0, 0, 0.375, 1.3125], "texture": "#missing"},
				"up": {"uv": [0, 0, 1.5, 0.65625], "texture": "#missing"},
				"down": {"uv": [0, 0, 1.5, 0.65625], "texture": "#missing"}
			}
		},
		{
			"from": [7, 24, 8.5],
			"to": [9, 25, 8.775],
			"rotation": {"angle": 0, "axis": "y", "origin": [8, 0, 8]},
			"faces": {
				"north": {"uv": [32, 0, 32, 0], "texture": "#1"},
				"east": {"uv": [0, 0, 0.375, 1.3125], "texture": "#missing"},
				"south": {"uv": [2.5, 1.5, 3.5, 2], "texture": "#2"},
				"west": {"uv": [0, 0, 0.375, 1.3125], "texture": "#missing"},
				"up": {"uv": [0, 0, 1.5, 0.65625], "texture": "#missing"},
				"down": {"uv": [0, 0, 1.5, 0.65625], "texture": "#missing"}
			}
		},
		{
			"from": [6, 23, 8.5],
			"to": [10, 24, 8.775],
			"rotation": {"angle": 0, "axis": "y", "origin": [8, 0, 8]},
			"faces": {
				"north": {"uv": [32, 0, 32, 0], "texture": "#1"},
				"east": {"uv": [0, 0, 0.375, 1.3125], "texture": "#missing"},
				"south": {"uv": [2, 1, 4, 1.5], "texture": "#2"},
				"west": {"uv": [0, 0, 0.375, 1.3125], "texture": "#missing"},
				"up": {"uv": [0, 0, 1.5, 0.65625], "texture": "#missing"},
				"down": {"uv": [0, 0, 1.5, 0.65625], "texture": "#missing"}
			}
		},
		{
			"from": [9, 5, 8.2],
			"to": [10, 6, 8.9],
			"rotation": {"angle": 0, "axis": "y", "origin": [8, 0, 8]},
			"faces": {
				"north": {"uv": [3, 10.5, 3.5, 11], "texture": "#1"},
				"east": {"uv": [3, 10.5, 3.5, 11], "texture": "#1"},
				"south": {"uv": [3, 10.5, 3.5, 11], "texture": "#1"},
				"west": {"uv": [3, 10.5, 3.5, 11], "texture": "#1"},
				"up": {"uv": [3, 10.5, 3.5, 11], "rotation": 180, "texture": "#1"},
				"down": {"uv": [3, 10.5, 3.5, 11], "rotation": 180, "texture": "#1"}
			}
		},
		{
			"from": [10, 6, 8.2],
			"to": [11, 7, 8.9],
			"rotation": {"angle": 0, "axis": "y", "origin": [8, 0, 8]},
			"faces": {
				"north": {"uv": [2.5, 10, 3, 10.5], "texture": "#1"},
				"east": {"uv": [2.5, 10, 3, 10.5], "texture": "#1"},
				"south": {"uv": [2.5, 10, 3, 10.5], "texture": "#1"},
				"west": {"uv": [2.5, 10, 3, 10.5], "texture": "#1"},
				"up": {"uv": [2.5, 10, 3, 10.5], "rotation": 180, "texture": "#1"},
				"down": {"uv": [2.5, 10, 3, 10.5], "rotation": 180, "texture": "#1"}
			}
		},
		{
			"from": [11, 7, 8.2],
			"to": [12, 8, 8.9],
			"rotation": {"angle": 0, "axis": "y", "origin": [8, 0, 8]},
			"faces": {
				"north": {"uv": [2, 9.5, 2.5, 10], "texture": "#1"},
				"east": {"uv": [2, 9.5, 2.5, 10], "texture": "#1"},
				"south": {"uv": [2, 9.5, 2.5, 10], "texture": "#1"},
				"west": {"uv": [2, 9.5, 2.5, 10], "texture": "#1"},
				"up": {"uv": [2, 9.5, 2.5, 10], "rotation": 180, "texture": "#1"},
				"down": {"uv": [2, 9.5, 2.5, 10], "rotation": 180, "texture": "#1"}
			}
		},
		{
			"from": [12, 8, 8.2],
			"to": [13, 10, 8.9],
			"rotation": {"angle": 0, "axis": "y", "origin": [8, 0, 8]},
			"faces": {
				"north": {"uv": [1.5, 8.5, 2, 9.5], "texture": "#1"},
				"east": {"uv": [1.5, 8.5, 2, 9.5], "texture": "#1"},
				"south": {"uv": [1.5, 8.5, 2, 9.5], "texture": "#1"},
				"west": {"uv": [1.5, 8.5, 2, 9.5], "texture": "#1"},
				"up": {"uv": [1.5, 8.5, 2, 9], "rotation": 180, "texture": "#1"},
				"down": {"uv": [1.5, 9, 2, 9.5], "rotation": 180, "texture": "#1"}
			}
		},
		{
			"from": [13, 10, 8.2],
			"to": [14, 22, 8.9],
			"rotation": {"angle": 0, "axis": "y", "origin": [8, 0, 8]},
			"faces": {
				"north": {"uv": [1, 2.5, 1.5, 8.5], "texture": "#1"},
				"east": {"uv": [1, 2.5, 1.5, 8.5], "texture": "#1"},
				"south": {"uv": [1, 2.5, 1.5, 8.5], "texture": "#1"},
				"west": {"uv": [1, 2.5, 1.5, 8.5], "texture": "#1"},
				"up": {"uv": [1, 2.5, 1.5, 3], "rotation": 180, "texture": "#1"},
				"down": {"uv": [1, 8, 1.5, 8.5], "rotation": 180, "texture": "#1"}
			}
		}
	],
	"gui_light": "front",
	"display": {
		"thirdperson_righthand": {
			"rotation": [26, -22.5, -4],
			"translation": [1, -6.25, -4.25]
		},
		"thirdperson_lefthand": {
			"rotation": [26, -22.5, -4],
			"translation": [1, -6.25, -4.25]
		},
		"firstperson_righthand": {
			"translation": [-5.75, -0.25, 6.5],
			"scale": [0.5, 0.5, 0.5]
		},
		"firstperson_lefthand": {
			"translation": [-5.75, -0.25, 6.5],
			"scale": [0.5, 0.5, 0.5]
		},
		"ground": {
			"translation": [0, 2, 0],
			"scale": [0.5, 0.5, 0.5]
		},
		"gui": {
			"rotation": [0, -180, 0],
			"translation": [0, -4.75, 0],
			"scale": [0.7, 0.7, 0.7]
		},
		"head": {
			"translation": [0, 6, -7]
		},
		"fixed": {
			"translation": [0, -6, -2]
		}
	}
}