{
	"credit": "Made with Blockbench",
	"parent": "models/item/shield",
	"ambientocclusion": false,
	"texture_size": [32, 32],
	"textures": {
		"1": "item/shields/zelda/silver_shield",
		"2": "item/shields/zelda/back_silver_shield",
		"particle": "item/shields/zelda/back_silver_shield"
	},
	"elements": [
		{
			"name": "Element",
			"from": [3, 9, 7],
			"to": [13, 12, 8],
			"faces": {
				"east": {"uv": [0.5, 4, 1, 5.5], "texture": "#1"},
				"west": {"uv": [5, 4, 5.5, 5.5], "texture": "#1"},
				"up": {"uv": [0.5, 4, 5.5, 4.5], "texture": "#1"},
				"down": {"uv": [0.5, 5, 5.5, 5.5], "texture": "#1"}
			}
		},
		{
			"name": "Element",
			"from": [2, 0, 7],
			"to": [14, 20, 7],
			"faces": {
				"north": {"uv": [0, 0, 6, 10], "texture": "#1"}
			}
		},
		{
			"name": "Element",
			"from": [2, 0, 8],
			"to": [14, 20, 8],
			"faces": {
				"south": {"uv": [0, 0, 6, 10], "texture": "#2", "cullface": "south"}
			}
		},
		{
			"name": "Element",
			"from": [3, 15, 7],
			"to": [13, 16, 8],
			"faces": {
				"east": {"uv": [0.5, 2, 1, 2.5], "texture": "#1"},
				"west": {"uv": [4.5, 1.5, 5, 2], "texture": "#1"},
				"up": {"uv": [5.5, 2, 0.5, 2.5], "texture": "#1"},
				"down": {"uv": [0, 0, 0, 0], "texture": "#1"}
			}
		},
		{
			"name": "Element",
			"from": [5, 17, 7],
			"to": [11, 18, 8],
			"faces": {
				"east": {"uv": [1.5, 1, 2, 1.5], "texture": "#1"},
				"west": {"uv": [6, 0, 7, 1], "texture": "#missing"},
				"up": {"uv": [4.5, 1, 1.5, 1.5], "texture": "#1"},
				"down": {"uv": [0, 0, 0, 0], "texture": "#1"}
			}
		},
		{
			"name": "Element",
			"from": [4, 16, 7],
			"to": [12, 17, 8],
			"faces": {
				"east": {"uv": [1, 1.5, 1.5, 2], "texture": "#1"},
				"west": {"uv": [4.5, 1.5, 5, 2], "texture": "#1"},
				"up": {"uv": [1, 1.5, 5, 2], "texture": "#1"},
				"down": {"uv": [0, 0, 0, 0], "texture": "#1"}
			}
		},
		{
			"name": "Element",
			"from": [6, 18, 7],
			"to": [10, 19, 8],
			"faces": {
				"east": {"uv": [2, 0.5, 2.5, 1], "texture": "#1"},
				"west": {"uv": [3.5, 0.5, 4, 1], "texture": "#1"},
				"up": {"uv": [4, 0.5, 2, 1], "texture": "#1"},
				"down": {"uv": [0, 0, 0, 0], "texture": "#1"}
			}
		},
		{
			"name": "Element",
			"from": [7, 19, 7],
			"to": [9, 20, 8],
			"faces": {
				"east": {"uv": [2.5, 0, 3, 0.5], "texture": "#1"},
				"west": {"uv": [3, 0, 3.5, 0.5], "texture": "#1"},
				"up": {"uv": [3.5, 0, 2.5, 0.5], "texture": "#1"},
				"down": {"uv": [0, 0, 0, 0], "texture": "#1"}
			}
		},
		{
			"name": "Element",
			"from": [4, 5, 7],
			"to": [12, 9, 8],
			"faces": {
				"east": {"uv": [1, 5.5, 1.5, 7.5], "texture": "#1"},
				"west": {"uv": [4.5, 5.5, 5, 7.5], "texture": "#1"},
				"up": {"uv": [1, 5.5, 5, 6], "texture": "#1"},
				"down": {"uv": [1, 7, 5, 7.5], "rotation": 180, "texture": "#1"}
			}
		},
		{
			"name": "Element",
			"from": [5, 3, 7],
			"to": [11, 5, 8],
			"faces": {
				"east": {"uv": [4, 7.5, 4.5, 8.5], "texture": "#1"},
				"west": {"uv": [1.5, 7.5, 2, 8.5], "texture": "#1"},
				"up": {"uv": [0, 0, 0, 0], "texture": "#1"},
				"down": {"uv": [1.5, 8, 4.5, 8.5], "rotation": 180, "texture": "#1"}
			}
		},
		{
			"name": "Element",
			"from": [7, 1, 7],
			"to": [9, 2, 8],
			"faces": {
				"east": {"uv": [2.5, 9, 3, 9.5], "texture": "#1"},
				"west": {"uv": [3, 9, 3.5, 9.5], "texture": "#1"},
				"up": {"uv": [0, 0, 0, 0], "texture": "#1"},
				"down": {"uv": [2.5, 9, 3.5, 9.5], "rotation": 180, "texture": "#1"}
			}
		},
		{
			"name": "Element",
			"from": [7.5, 0, 7],
			"to": [8.5, 1, 8],
			"faces": {
				"north": {"uv": [2.5, 9, 3, 9.5], "texture": "#1"},
				"east": {"uv": [2.5, 9, 3, 9.5], "texture": "#1"},
				"south": {"uv": [2.5, 9, 3, 9.5], "texture": "#1"},
				"west": {"uv": [3, 9, 3.5, 9.5], "texture": "#1"},
				"up": {"uv": [2.5, 9, 3, 9.5], "texture": "#1"},
				"down": {"uv": [3, 9, 3.5, 9.5], "rotation": 90, "texture": "#1"}
			}
		},
		{
			"name": "Element",
			"from": [6, 18, 6.6],
			"to": [7, 19, 7],
			"faces": {
				"north": {"uv": [3.5, 0.5, 4, 1], "texture": "#1"},
				"east": {"uv": [3.7, 0.5, 3.5, 1], "texture": "#1"},
				"south": {"uv": [3.5, 0.5, 4, 1], "texture": "#1"},
				"west": {"uv": [3.7, 0.5, 3.5, 1], "texture": "#1"},
				"up": {"uv": [3.5, 0.5, 4, 0.7], "texture": "#1"},
				"down": {"uv": [3.5, 0.5, 4, 0.7], "texture": "#1"}
			}
		},
		{
			"name": "Element",
			"from": [5, 17, 6.6],
			"to": [6, 18, 7],
			"faces": {
				"north": {"uv": [4, 1, 4.5, 1.5], "texture": "#1"},
				"east": {"uv": [4.2, 1, 4, 1.5], "texture": "#1"},
				"south": {"uv": [4, 1, 4.5, 1.5], "texture": "#1"},
				"west": {"uv": [4.2, 1, 4, 1.5], "texture": "#1"},
				"up": {"uv": [4, 1, 4.5, 1.2], "texture": "#1"},
				"down": {"uv": [4, 1, 4.5, 1.2], "texture": "#1"}
			}
		},
		{
			"name": "Element",
			"from": [10, 17, 6.6],
			"to": [11, 18, 7],
			"faces": {
				"north": {"uv": [1.5, 1, 2, 1.5], "texture": "#1"},
				"east": {"uv": [1.7, 1, 1.5, 1.5], "texture": "#1"},
				"south": {"uv": [1.5, 1, 2, 1.5], "texture": "#1"},
				"west": {"uv": [1.7, 1, 1.5, 1.5], "texture": "#1"},
				"up": {"uv": [1.5, 1, 2, 1.2], "texture": "#1"},
				"down": {"uv": [1.5, 1, 2, 1.2], "texture": "#1"}
			}
		},
		{
			"name": "Element",
			"from": [9, 16, 6.6],
			"to": [10, 17, 7],
			"faces": {
				"north": {"uv": [2, 1.5, 2.5, 2], "texture": "#1"},
				"east": {"uv": [2.2, 1.5, 2, 2], "texture": "#1"},
				"south": {"uv": [2, 1.5, 2.5, 2], "texture": "#1"},
				"west": {"uv": [2.2, 1.5, 2, 2], "texture": "#1"},
				"up": {"uv": [2, 1.5, 2.5, 1.7], "texture": "#1"},
				"down": {"uv": [2, 1.5, 2.5, 1.7], "texture": "#1"}
			}
		},
		{
			"name": "Element",
			"from": [7, 15, 6.6],
			"to": [9, 16, 7],
			"faces": {
				"north": {"uv": [2.5, 2, 3.5, 2.5], "texture": "#1"},
				"east": {"uv": [2.7, 2, 2.5, 2.5], "texture": "#1"},
				"south": {"uv": [0, 0, 1, 1], "texture": "#1"},
				"west": {"uv": [3.2, 2, 3, 2.5], "texture": "#1"},
				"up": {"uv": [3.5, 2, 2.5, 2.2], "texture": "#1"},
				"down": {"uv": [3.5, 2, 2.5, 2.2], "texture": "#1"}
			}
		},
		{
			"name": "Element",
			"from": [6.9, 13.2, 6.7],
			"to": [8.3, 14.6, 7],
			"rotation": {"angle": 45, "axis": "z", "origin": [7.5, 14.5, 6.8]},
			"faces": {
				"north": {"uv": [8.5, 0.5, 9.5, 1.5], "rotation": 270, "texture": "#1"},
				"east": {"uv": [9, 0, 8, 1], "texture": "#1"},
				"south": {"uv": [8, 0.5, 9, 1.5], "texture": "#1"},
				"west": {"uv": [10, 1, 9, 2], "texture": "#1"},
				"up": {"uv": [8.5, 1.5, 9.5, 0.5], "rotation": 270, "texture": "#1"},
				"down": {"uv": [8.5, 0.5, 9.5, 1.5], "rotation": 90, "texture": "#1"}
			}
		},
		{
			"name": "Element",
			"from": [1.6, 13.6, 6.7],
			"to": [3, 15, 7],
			"rotation": {"angle": 45, "axis": "z", "origin": [7.5, 14.5, 6.8]},
			"faces": {
				"north": {"uv": [8.5, 0, 9.5, 1], "rotation": 270, "texture": "#1"},
				"east": {"uv": [9, 0, 8, 1], "texture": "#1"},
				"south": {"uv": [8, 0, 9, 1], "texture": "#1"},
				"west": {"uv": [10, 0, 9, 1], "texture": "#1"},
				"up": {"uv": [8.5, 1, 9.5, 0], "rotation": 270, "texture": "#1"},
				"down": {"uv": [9, 0, 10, 1], "rotation": 90, "texture": "#1"}
			}
		},
		{
			"name": "Element",
			"from": [7.2, 7.8, 6.7],
			"to": [8.6, 9.2, 7],
			"rotation": {"angle": 45, "axis": "z", "origin": [7.5, 14.5, 6.8]},
			"faces": {
				"north": {"uv": [8.5, 0, 9.5, 1], "rotation": 270, "texture": "#1"},
				"east": {"uv": [9, 0, 8, 1], "texture": "#1"},
				"south": {"uv": [8, 0, 9, 1], "texture": "#1"},
				"west": {"uv": [10, 0, 9, 1], "texture": "#1"},
				"up": {"uv": [8.5, 1, 9.5, 0], "rotation": 270, "texture": "#1"},
				"down": {"uv": [9, 0, 10, 1], "rotation": 90, "texture": "#1"}
			}
		},
		{
			"name": "Element",
			"from": [7.3, 13.6, 6.6],
			"to": [7.9, 14.2, 6.9],
			"rotation": {"angle": 45, "axis": "z", "origin": [7.5, 14.5, 6.8]},
			"faces": {
				"north": {"uv": [8, 2.5, 9, 3.5], "texture": "#1"},
				"east": {"uv": [9, 2.5, 8, 3.5], "texture": "#1"},
				"south": {"uv": [0, 0, 1, 1], "texture": "#1"},
				"west": {"uv": [9, 3.5, 8, 2.5], "texture": "#1"},
				"up": {"uv": [9, 2.5, 8, 3.5], "texture": "#1"},
				"down": {"uv": [9, 2.5, 8, 3.5], "texture": "#1"}
			}
		},
		{
			"name": "Element",
			"from": [6, 16, 6.6],
			"to": [7, 17, 7],
			"faces": {
				"north": {"uv": [3.5, 1.5, 4, 2], "texture": "#1"},
				"east": {"uv": [3.7, 1.5, 4, 2], "texture": "#1"},
				"south": {"uv": [3.5, 1.5, 4, 2], "texture": "#1"},
				"west": {"uv": [3.7, 1.5, 3.5, 2], "texture": "#1"},
				"up": {"uv": [3.5, 1.5, 4, 1.7], "texture": "#1"},
				"down": {"uv": [3.5, 1.5, 4, 1.7], "texture": "#1"}
			}
		},
		{
			"name": "Element",
			"from": [11, 16, 6.6],
			"to": [12, 17, 7],
			"faces": {
				"north": {"uv": [1, 1.5, 1.5, 2], "texture": "#1"},
				"east": {"uv": [1.2, 1.5, 1, 2], "texture": "#1"},
				"south": {"uv": [1, 1.5, 1.5, 2], "texture": "#1"},
				"west": {"uv": [1.2, 1.5, 1, 2], "texture": "#1"},
				"up": {"uv": [1, 1.5, 1.5, 1.7], "texture": "#1"},
				"down": {"uv": [1, 1.5, 1.5, 1.7], "texture": "#1"}
			}
		},
		{
			"name": "Element",
			"from": [12, 15, 6.6],
			"to": [13, 16, 7],
			"faces": {
				"north": {"uv": [0.5, 2, 1, 2.5], "texture": "#1"},
				"east": {"uv": [0.7, 2, 0.5, 2.5], "texture": "#1"},
				"south": {"uv": [0.5, 2, 1, 2.5], "texture": "#1"},
				"west": {"uv": [0.7, 2, 0.5, 2.5], "texture": "#1"},
				"up": {"uv": [0.5, 2, 1, 2.2], "texture": "#1"},
				"down": {"uv": [0.5, 2, 1, 2.2], "texture": "#1"}
			}
		},
		{
			"name": "Element",
			"from": [9, 2, 6.6],
			"to": [10, 3, 7],
			"faces": {
				"north": {"uv": [2, 8.5, 2.5, 9], "texture": "#1"},
				"east": {"uv": [2.2, 8.5, 2, 9], "texture": "#1"},
				"south": {"uv": [2, 8.5, 2.5, 9], "texture": "#1"},
				"west": {"uv": [2.2, 8.5, 2, 9], "texture": "#1"},
				"up": {"uv": [2, 8.5, 2.5, 8.7], "texture": "#1"},
				"down": {"uv": [2, 8.5, 2.5, 8.7], "texture": "#1"}
			}
		},
		{
			"name": "Element",
			"from": [6, 2, 6.6],
			"to": [7, 3, 7],
			"faces": {
				"north": {"uv": [3.5, 8.5, 4, 9], "texture": "#1"},
				"east": {"uv": [3.7, 8.5, 3.5, 9], "texture": "#1"},
				"south": {"uv": [3.5, 8.5, 4, 9], "texture": "#1"},
				"west": {"uv": [3.7, 8.5, 3.5, 9], "texture": "#1"},
				"up": {"uv": [3.5, 8.5, 4, 8.7], "texture": "#1"},
				"down": {"uv": [3.5, 8.5, 4, 8.7], "texture": "#1"}
			}
		},
		{
			"name": "Element",
			"from": [7, 1, 6.6],
			"to": [9, 2, 7],
			"faces": {
				"north": {"uv": [2.5, 9, 3.5, 9.5], "texture": "#1"},
				"east": {"uv": [2.7, 9, 2.5, 9.5], "texture": "#1"},
				"south": {"uv": [0, 0, 1, 1], "texture": "#1"},
				"west": {"uv": [3.2, 9, 3, 9.5], "texture": "#1"},
				"up": {"uv": [3.5, 9, 2.5, 9.2], "texture": "#1"},
				"down": {"uv": [3.5, 9, 2.5, 9.2], "texture": "#1"}
			}
		},
		{
			"name": "Element",
			"from": [13, 12, 6.6],
			"to": [14, 15, 7],
			"faces": {
				"north": {"uv": [0, 2.5, 0.5, 4], "texture": "#1"},
				"east": {"uv": [0.2, 2.5, 0, 4], "texture": "#1"},
				"south": {"uv": [0, 2.5, 0.5, 4], "texture": "#1"},
				"west": {"uv": [0.2, 2.5, 0, 4], "texture": "#1"},
				"up": {"uv": [0, 2.5, 0.5, 2.7], "texture": "#1"},
				"down": {"uv": [0, 3.5, 0.5, 3.7], "texture": "#1"}
			}
		},
		{
			"name": "Element",
			"from": [2, 12, 6.6],
			"to": [3, 15, 7],
			"faces": {
				"north": {"uv": [5.5, 2.5, 6, 4], "texture": "#1"},
				"east": {"uv": [5.7, 2.5, 5.5, 4], "texture": "#1"},
				"south": {"uv": [5.5, 2.5, 6, 4], "texture": "#1"},
				"west": {"uv": [5.7, 2.5, 5.5, 4], "texture": "#1"},
				"up": {"uv": [5.5, 2.5, 6, 2.7], "texture": "#1"},
				"down": {"uv": [5.5, 3.5, 6, 3.7], "texture": "#1"}
			}
		},
		{
			"name": "Element",
			"from": [10, 3, 6.6],
			"to": [11, 5, 7],
			"faces": {
				"north": {"uv": [1.5, 7.5, 2, 8.5], "texture": "#1"},
				"east": {"uv": [1.7, 7.5, 1.5, 8.5], "texture": "#1"},
				"south": {"uv": [1.5, 7.5, 2, 8.5], "texture": "#1"},
				"west": {"uv": [1.7, 7.5, 1.5, 8.5], "texture": "#1"},
				"up": {"uv": [1.5, 7.5, 2, 7.7], "texture": "#1"},
				"down": {"uv": [1.5, 7.5, 2, 7.7], "texture": "#1"}
			}
		},
		{
			"name": "Element",
			"from": [5, 3, 6.6],
			"to": [6, 5, 7],
			"faces": {
				"north": {"uv": [4, 7.5, 4.5, 8.5], "texture": "#1"},
				"east": {"uv": [4.2, 7.5, 4, 8.5], "texture": "#1"},
				"south": {"uv": [4, 7.5, 4.5, 8.5], "texture": "#1"},
				"west": {"uv": [4.2, 7.5, 4, 8.5], "texture": "#1"},
				"up": {"uv": [4, 7.5, 4.5, 7.7], "texture": "#1"},
				"down": {"uv": [4, 7.5, 4.5, 7.7], "texture": "#1"}
			}
		},
		{
			"name": "Element",
			"from": [12, 9, 6.6],
			"to": [13, 12, 7],
			"faces": {
				"north": {"uv": [0.5, 4, 1, 5.5], "texture": "#1"},
				"east": {"uv": [0.7, 4, 0.5, 5.5], "texture": "#1"},
				"south": {"uv": [0.5, 4, 1, 5.5], "texture": "#1"},
				"west": {"uv": [0.7, 4, 0.5, 5.5], "texture": "#1"},
				"up": {"uv": [0.5, 4, 1, 4.2], "texture": "#1"},
				"down": {"uv": [0.5, 4, 1, 4.2], "texture": "#1"}
			}
		},
		{
			"name": "Element",
			"from": [3, 9, 6.6],
			"to": [4, 12, 7],
			"faces": {
				"north": {"uv": [5, 4, 5.5, 5.5], "texture": "#1"},
				"east": {"uv": [5.2, 4, 5, 5.5], "texture": "#1"},
				"south": {"uv": [5, 4, 5.5, 5.5], "texture": "#1"},
				"west": {"uv": [5.2, 4, 5, 5.5], "texture": "#1"},
				"up": {"uv": [5, 4, 5.5, 4.2], "texture": "#1"},
				"down": {"uv": [5, 4, 5.5, 4.2], "texture": "#1"}
			}
		},
		{
			"name": "Element",
			"from": [11, 5, 6.6005],
			"to": [12, 9, 7.0005],
			"faces": {
				"north": {"uv": [1, 5.5, 1.5, 7.5], "texture": "#1"},
				"east": {"uv": [1.2, 5.5, 1, 7.5], "texture": "#1"},
				"south": {"uv": [1, 5.5, 1.5, 7.5], "texture": "#1"},
				"west": {"uv": [1.2, 5.5, 1, 7.5], "texture": "#1"},
				"up": {"uv": [1, 5.5, 1.5, 5.7], "texture": "#1"},
				"down": {"uv": [1, 7, 1.5, 7.2], "texture": "#1"}
			}
		},
		{
			"name": "Element",
			"from": [4, 5, 6.6005],
			"to": [5, 9, 7.0005],
			"faces": {
				"north": {"uv": [4.5, 5.5, 5, 7.5], "texture": "#1"},
				"east": {"uv": [4.7, 5.5, 4.5, 7.5], "texture": "#1"},
				"south": {"uv": [4.5, 5.5, 5, 7.5], "texture": "#1"},
				"west": {"uv": [4.7, 5.5, 4.5, 7.5], "texture": "#1"},
				"up": {"uv": [4.5, 5.5, 5, 5.7], "texture": "#1"},
				"down": {"uv": [4.5, 7, 5, 7.2], "texture": "#1"}
			}
		},
		{
			"name": "Element",
			"from": [3, 9, 6.6],
			"to": [4, 12, 7],
			"rotation": {"angle": 0, "axis": "y", "origin": [11.5, 9.5, 6.8]},
			"faces": {
				"north": {"uv": [0, 0, 1, 1], "texture": "#1"},
				"east": {"uv": [1, 1, 0, 2], "texture": "#1"},
				"south": {"uv": [0, 0, 1, 1], "texture": "#1"},
				"west": {"uv": [2, 0, 1, 1], "texture": "#1"},
				"up": {"uv": [0, 0, 1, 1], "rotation": 180, "texture": "#1"},
				"down": {"uv": [0, 0, 1, 1], "rotation": 180, "texture": "#1"}
			}
		},
		{
			"name": "Element",
			"from": [3, 15, 6.6],
			"to": [4, 16, 7],
			"rotation": {"angle": 0, "axis": "y", "origin": [11.5, 9.5, 6.8]},
			"faces": {
				"north": {"uv": [5, 2, 5.5, 2.5], "texture": "#1"},
				"east": {"uv": [5.2, 2, 5, 2.5], "texture": "#1"},
				"south": {"uv": [5, 2, 5.5, 2.5], "texture": "#1"},
				"west": {"uv": [5.2, 2, 5, 2.5], "texture": "#1"},
				"up": {"uv": [5, 2, 5.5, 2.2], "rotation": 180, "texture": "#1"},
				"down": {"uv": [5, 2, 5.5, 2.2], "rotation": 180, "texture": "#1"}
			}
		},
		{
			"name": "Element",
			"from": [4, 16, 6.6],
			"to": [5, 17, 7],
			"rotation": {"angle": 0, "axis": "y", "origin": [11.5, 9.5, 6.8]},
			"faces": {
				"north": {"uv": [3.5, 0.5, 4, 1], "texture": "#1"},
				"east": {"uv": [4.7, 1.5, 4.5, 2], "texture": "#1"},
				"south": {"uv": [4.5, 1.5, 5, 2], "texture": "#1"},
				"west": {"uv": [4.7, 1.5, 4.5, 2], "texture": "#1"},
				"up": {"uv": [4.5, 1.5, 5, 1.7], "rotation": 180, "texture": "#1"},
				"down": {"uv": [4.5, 1.5, 5, 1.7], "rotation": 180, "texture": "#1"}
			}
		},
		{
			"name": "Element",
			"from": [5, 17, 6.6],
			"to": [6, 18, 7],
			"faces": {
				"north": {"uv": [0, 0, 1, 1], "texture": "#1"},
				"east": {"uv": [2, 0, 1, 1], "texture": "#1"},
				"south": {"uv": [0, 0, 1, 1], "texture": "#1"},
				"west": {"uv": [1, 1, 0, 2], "texture": "#1"},
				"up": {"uv": [0, 0, 1, 1], "texture": "#1"},
				"down": {"uv": [0, 0, 1, 1], "texture": "#1"}
			}
		},
		{
			"name": "Element",
			"from": [9, 18, 6.6],
			"to": [10, 19, 7],
			"faces": {
				"north": {"uv": [2, 0.5, 2.5, 1], "texture": "#1"},
				"east": {"uv": [2.2, 0.5, 2, 1], "texture": "#1"},
				"south": {"uv": [2, 0.5, 2.5, 1], "texture": "#1"},
				"west": {"uv": [2.2, 0.5, 2, 1], "texture": "#1"},
				"up": {"uv": [2, 0.5, 2.5, 0.7], "texture": "#1"},
				"down": {"uv": [2, 0.5, 2.5, 0.7], "texture": "#1"}
			}
		},
		{
			"name": "Element",
			"from": [7, 19, 6.6],
			"to": [9, 20, 7],
			"faces": {
				"north": {"uv": [2.5, 0, 3.5, 0.5], "texture": "#1"},
				"east": {"uv": [2.7, 0, 2.5, 0.5], "texture": "#1"},
				"south": {"uv": [0, 0, 1, 1], "texture": "#1"},
				"west": {"uv": [3.2, 0, 3, 0.5], "texture": "#1"},
				"up": {"uv": [3.5, 0, 2.5, 0.2], "texture": "#1"},
				"down": {"uv": [3.5, 0, 2.5, 0.2], "texture": "#1"}
			}
		},
		{
			"name": "Element",
			"from": [2, 12, 7],
			"to": [14, 15, 8],
			"faces": {
				"east": {"uv": [0, 2.5, 0.5, 4], "texture": "#1"},
				"west": {"uv": [5.5, 2.5, 6, 4], "texture": "#1"},
				"up": {"uv": [6, 2.5, 0, 3], "texture": "#1"},
				"down": {"uv": [6, 4, 0, 3.5], "texture": "#1"}
			}
		},
		{
			"name": "Element",
			"from": [6, 2, 7],
			"to": [10, 3, 8],
			"faces": {
				"east": {"uv": [2, 8.5, 2.5, 9], "texture": "#1"},
				"west": {"uv": [3.5, 8.5, 4, 9], "texture": "#1"},
				"up": {"uv": [2, 2, 3, 14], "rotation": 270, "texture": "#1"},
				"down": {"uv": [2, 8.5, 4, 9], "rotation": 180, "texture": "#1"}
			}
		},
		{
			"from": [15, 17, 6.6],
			"to": [17, 18, 7.995],
			"faces": {
				"north": {"uv": [7.5, 0.5, 10.5, 1.5], "texture": "#1"},
				"east": {"uv": [7.5, 0, 8.1975, 0.5], "texture": "#1"},
				"south": {"uv": [8, 0.5, 11, 1.5], "texture": "#1"},
				"west": {"uv": [3, 0, 3.5, 0.5], "texture": "#1"},
				"up": {"uv": [8, 0, 11, 0.6975], "texture": "#1"},
				"down": {"uv": [8, 1, 11, 1.6975], "texture": "#1"}
			}
		},
		{
			"from": [13, 7, 6.6],
			"to": [14, 9, 7.995],
			"faces": {
				"north": {"uv": [7.5, 0.5, 10.5, 1.5], "texture": "#1"},
				"east": {"uv": [7.5, 0, 8.1975, 0.5], "texture": "#1"},
				"south": {"uv": [8, 0.5, 11, 1.5], "texture": "#1"},
				"west": {"uv": [3, 0, 3.5, 0.5], "texture": "#1"},
				"up": {"uv": [8, 0, 11, 0.6975], "texture": "#1"},
				"down": {"uv": [8, 1, 11, 1.6975], "texture": "#1"}
			}
		},
		{
			"from": [2, 7, 6.6],
			"to": [3, 9, 7.995],
			"faces": {
				"north": {"uv": [7.5, 0.5, 10.5, 1.5], "texture": "#1"},
				"east": {"uv": [7.5, 0, 8.1975, 0.5], "texture": "#1"},
				"south": {"uv": [8, 0.5, 11, 1.5], "texture": "#1"},
				"west": {"uv": [3, 0, 3.5, 0.5], "texture": "#1"},
				"up": {"uv": [8, 0, 11, 0.6975], "texture": "#1"},
				"down": {"uv": [8, 1, 11, 1.6975], "texture": "#1"}
			}
		},
		{
			"from": [14, 6, 6.6],
			"to": [15, 7, 7.995],
			"faces": {
				"north": {"uv": [7.5, 0.5, 10.5, 1.5], "texture": "#1"},
				"east": {"uv": [7.5, 0, 8.1975, 0.5], "texture": "#1"},
				"south": {"uv": [8, 0.5, 11, 1.5], "texture": "#1"},
				"west": {"uv": [3, 0, 3.5, 0.5], "texture": "#1"},
				"up": {"uv": [8, 0, 11, 0.6975], "texture": "#1"},
				"down": {"uv": [8, 1, 11, 1.6975], "texture": "#1"}
			}
		},
		{
			"from": [1, 6, 6.6],
			"to": [2, 7, 7.995],
			"faces": {
				"north": {"uv": [7.5, 0.5, 10.5, 1.5], "texture": "#1"},
				"east": {"uv": [7.5, 0, 8.1975, 0.5], "texture": "#1"},
				"south": {"uv": [8, 0.5, 11, 1.5], "texture": "#1"},
				"west": {"uv": [3, 0, 3.5, 0.5], "texture": "#1"},
				"up": {"uv": [8, 0, 11, 0.6975], "texture": "#1"},
				"down": {"uv": [8, 1, 11, 1.6975], "texture": "#1"}
			}
		},
		{
			"from": [5, 5, 6.6],
			"to": [6, 6, 7.995],
			"faces": {
				"north": {"uv": [7.5, 0.5, 10.5, 1.5], "texture": "#1"},
				"east": {"uv": [7.5, 0, 8.1975, 0.5], "texture": "#1"},
				"south": {"uv": [8, 0.5, 11, 1.5], "texture": "#1"},
				"west": {"uv": [3, 0, 3.5, 0.5], "texture": "#1"},
				"up": {"uv": [8, 0, 11, 0.6975], "texture": "#1"},
				"down": {"uv": [8, 1, 11, 1.6975], "texture": "#1"}
			}
		},
		{
			"from": [6, 6, 6.6],
			"to": [7, 7, 7.995],
			"faces": {
				"north": {"uv": [7.5, 0.5, 10.5, 1.5], "texture": "#1"},
				"east": {"uv": [7.5, 0, 8.1975, 0.5], "texture": "#1"},
				"south": {"uv": [8, 0.5, 11, 1.5], "texture": "#1"},
				"west": {"uv": [3, 0, 3.5, 0.5], "texture": "#1"},
				"up": {"uv": [8, 0, 11, 0.6975], "texture": "#1"},
				"down": {"uv": [8, 1, 11, 1.6975], "texture": "#1"}
			}
		},
		{
			"from": [10, 5, 6.6],
			"to": [11, 6, 7.995],
			"faces": {
				"north": {"uv": [7.5, 0.5, 10.5, 1.5], "texture": "#1"},
				"east": {"uv": [7.5, 0, 8.1975, 0.5], "texture": "#1"},
				"south": {"uv": [8, 0.5, 11, 1.5], "texture": "#1"},
				"west": {"uv": [3, 0, 3.5, 0.5], "texture": "#1"},
				"up": {"uv": [8, 0, 11, 0.6975], "texture": "#1"},
				"down": {"uv": [8, 1, 11, 1.6975], "texture": "#1"}
			}
		},
		{
			"from": [15, 5, 6.6],
			"to": [16, 6, 7.995],
			"faces": {
				"north": {"uv": [7.5, 0.5, 10.5, 1.5], "texture": "#1"},
				"east": {"uv": [7.5, 0, 8.1975, 0.5], "texture": "#1"},
				"south": {"uv": [8, 0.5, 11, 1.5], "texture": "#1"},
				"west": {"uv": [3, 0, 3.5, 0.5], "texture": "#1"},
				"up": {"uv": [8, 0, 11, 0.6975], "texture": "#1"},
				"down": {"uv": [8, 1, 11, 1.6975], "texture": "#1"}
			}
		},
		{
			"from": [0, 5, 6.6],
			"to": [1, 6, 7.995],
			"faces": {
				"north": {"uv": [7.5, 0.5, 10.5, 1.5], "texture": "#1"},
				"east": {"uv": [7.5, 0, 8.1975, 0.5], "texture": "#1"},
				"south": {"uv": [8, 0.5, 11, 1.5], "texture": "#1"},
				"west": {"uv": [3, 0, 3.5, 0.5], "texture": "#1"},
				"up": {"uv": [8, 0, 11, 0.6975], "texture": "#1"},
				"down": {"uv": [8, 1, 11, 1.6975], "texture": "#1"}
			}
		},
		{
			"from": [12, 4, 6.6],
			"to": [15, 5, 7.995],
			"faces": {
				"north": {"uv": [7.5, 1.5, 10.5, 0.5], "texture": "#1"},
				"east": {"uv": [7.5, 0, 8.1975, 0.5], "texture": "#1"},
				"south": {"uv": [8, 0.5, 11, 1.5], "texture": "#1"},
				"west": {"uv": [3, 0, 3.5, 0.5], "texture": "#1"},
				"up": {"uv": [8, 0, 11, 0.6975], "texture": "#1"},
				"down": {"uv": [8, 1, 11, 1.6975], "texture": "#1"}
			}
		},
		{
			"from": [1, 4, 6.6],
			"to": [4, 5, 7.995],
			"faces": {
				"north": {"uv": [7.5, 1.5, 10.5, 0.5], "texture": "#1"},
				"east": {"uv": [7.5, 0, 8.1975, 0.5], "texture": "#1"},
				"south": {"uv": [8, 0.5, 11, 1.5], "texture": "#1"},
				"west": {"uv": [3, 0, 3.5, 0.5], "texture": "#1"},
				"up": {"uv": [8, 0, 11, 0.6975], "texture": "#1"},
				"down": {"uv": [8, 1, 11, 1.6975], "texture": "#1"}
			}
		},
		{
			"from": [7, 7, 6.6],
			"to": [9, 8, 7.995],
			"faces": {
				"north": {"uv": [7.5, 0.5, 10.5, 1.5], "texture": "#1"},
				"east": {"uv": [7.5, 0, 8.1975, 0.5], "texture": "#1"},
				"south": {"uv": [8, 0.5, 11, 1.5], "texture": "#1"},
				"west": {"uv": [3, 0, 3.5, 0.5], "texture": "#1"},
				"up": {"uv": [8, 0, 11, 0.6975], "texture": "#1"},
				"down": {"uv": [8, 1, 11, 1.6975], "texture": "#1"}
			}
		},
		{
			"from": [9, 6, 6.6],
			"to": [10, 7, 7.995],
			"faces": {
				"north": {"uv": [7.5, 0.5, 10.5, 1.5], "texture": "#1"},
				"east": {"uv": [7.5, 0, 8.1975, 0.5], "texture": "#1"},
				"south": {"uv": [8, 0.5, 11, 1.5], "texture": "#1"},
				"west": {"uv": [3, 0, 3.5, 0.5], "texture": "#1"},
				"up": {"uv": [8, 0, 11, 0.6975], "texture": "#1"},
				"down": {"uv": [8, 1, 11, 1.6975], "texture": "#1"}
			}
		},
		{
			"from": [13, 18, 6.6],
			"to": [15, 19, 7.995],
			"faces": {
				"north": {"uv": [7.5, 0.5, 10.5, 1.5], "texture": "#1"},
				"east": {"uv": [7.5, 0, 8.1975, 0.5], "texture": "#1"},
				"south": {"uv": [8, 0.5, 11, 1.5], "texture": "#1"},
				"west": {"uv": [3, 0, 3.1975, 0.5], "texture": "#1"},
				"up": {"uv": [8, 0, 11, 0.6975], "texture": "#1"},
				"down": {"uv": [8, 1, 11, 1.6975], "texture": "#1"}
			}
		},
		{
			"from": [14, 16, 6.6],
			"to": [15, 17, 7.995],
			"faces": {
				"north": {"uv": [7.5, 1.5, 10.5, 0.5], "texture": "#1"},
				"east": {"uv": [7.5, 0, 8.1975, 0.5], "texture": "#1"},
				"south": {"uv": [8, 0.5, 11, 1.5], "texture": "#1"},
				"west": {"uv": [3, 0, 3.1975, 0.5], "texture": "#1"},
				"up": {"uv": [8, 0, 11, 0.6975], "texture": "#1"},
				"down": {"uv": [8, 1, 11, 1.6975], "texture": "#1"}
			}
		},
		{
			"from": [1, 16, 6.6],
			"to": [2, 17, 7.995],
			"faces": {
				"north": {"uv": [7.5, 1.5, 10.5, 0.5], "texture": "#1"},
				"east": {"uv": [7.5, 0, 8.1975, 0.5], "texture": "#1"},
				"south": {"uv": [8, 0.5, 11, 1.5], "texture": "#1"},
				"west": {"uv": [3, 0, 3.1975, 0.5], "texture": "#1"},
				"up": {"uv": [8, 0, 11, 0.6975], "texture": "#1"},
				"down": {"uv": [8, 1, 11, 1.6975], "texture": "#1"}
			}
		},
		{
			"from": [13, 15, 6.6],
			"to": [14, 16, 7.995],
			"faces": {
				"north": {"uv": [7.5, 1.5, 10.5, 0.5], "texture": "#1"},
				"east": {"uv": [7.5, 0, 8.1975, 0.5], "texture": "#1"},
				"south": {"uv": [8, 0.5, 11, 1.5], "texture": "#1"},
				"west": {"uv": [3, 0, 3.1975, 0.5], "texture": "#1"},
				"up": {"uv": [8, 0, 11, 0.6975], "texture": "#1"},
				"down": {"uv": [8, 1, 11, 1.6975], "texture": "#1"}
			}
		},
		{
			"from": [2, 15, 6.6],
			"to": [3, 16, 7.995],
			"faces": {
				"north": {"uv": [7.5, 1.5, 10.5, 0.5], "texture": "#1"},
				"east": {"uv": [7.5, 0, 8.1975, 0.5], "texture": "#1"},
				"south": {"uv": [8, 0.5, 11, 1.5], "texture": "#1"},
				"west": {"uv": [3, 0, 3.1975, 0.5], "texture": "#1"},
				"up": {"uv": [8, 0, 11, 0.6975], "texture": "#1"},
				"down": {"uv": [8, 1, 11, 1.6975], "texture": "#1"}
			}
		},
		{
			"from": [11, 17, 6.6],
			"to": [13, 18, 7.995],
			"faces": {
				"north": {"uv": [7.5, 0.5, 10.5, 1.5], "texture": "#1"},
				"east": {"uv": [7.5, 0, 8.1975, 0.5], "texture": "#1"},
				"south": {"uv": [8, 0.5, 11, 1.5], "texture": "#1"},
				"west": {"uv": [0, 0, 0, 0], "texture": "#1"},
				"up": {"uv": [8, 0, 11, 0.6975], "texture": "#1"},
				"down": {"uv": [8, 1, 11, 1.6975], "texture": "#1"}
			}
		},
		{
			"from": [3, 17, 6.6],
			"to": [5, 18, 7.995],
			"faces": {
				"north": {"uv": [7.5, 0.5, 10.5, 1.5], "texture": "#1"},
				"east": {"uv": [7.5, 0, 8.1975, 0.5], "texture": "#1"},
				"south": {"uv": [8, 0.5, 11, 1.5], "texture": "#1"},
				"west": {"uv": [3, 0, 3.5, 0.5], "texture": "#1"},
				"up": {"uv": [8, 0, 11, 0.6975], "texture": "#1"},
				"down": {"uv": [8, 1, 11, 1.6975], "texture": "#1"}
			}
		},
		{
			"from": [1, 18, 6.6],
			"to": [3, 19, 7.995],
			"faces": {
				"north": {"uv": [7.5, 0.5, 10.5, 1.5], "texture": "#1"},
				"east": {"uv": [7.5, 0, 8.1975, 0.5], "texture": "#1"},
				"south": {"uv": [8, 0.5, 11, 1.5], "texture": "#1"},
				"west": {"uv": [3, 0, 3.1975, 0.5], "texture": "#1"},
				"up": {"uv": [8, 0, 11, 0.6975], "texture": "#1"},
				"down": {"uv": [8, 1, 11, 1.6975], "texture": "#1"}
			}
		},
		{
			"from": [-1, 17, 6.6],
			"to": [1, 18, 7.995],
			"faces": {
				"north": {"uv": [7.5, 0.5, 10.5, 1.5], "texture": "#1"},
				"east": {"uv": [7.5, 0, 8.1975, 0.5], "texture": "#1"},
				"south": {"uv": [8, 0.5, 11, 1.5], "texture": "#1"},
				"west": {"uv": [3, 0, 3.5, 0.5], "texture": "#1"},
				"up": {"uv": [8, 0, 11, 0.6975], "texture": "#1"},
				"down": {"uv": [8, 1, 11, 1.6975], "texture": "#1"}
			}
		},
		{
			"from": [7, 12, 7.5],
			"to": [9, 14, 8.5],
			"faces": {
				"north": {"uv": [0, 0, 1, 1], "texture": "#missing"},
				"east": {"uv": [6, 7.5, 6.5, 8.5], "texture": "#1"},
				"south": {"uv": [6, 7.5, 7, 8.5], "texture": "#1"},
				"west": {"uv": [6, 7.5, 6.5, 8.5], "texture": "#1"},
				"up": {"uv": [6, 7.5, 7, 8], "texture": "#1"},
				"down": {"uv": [6, 7.5, 7, 8], "texture": "#1"}
			}
		},
		{
			"from": [7.5, 12.5, 8.5],
			"to": [8.5, 13.5, 11.5],
			"faces": {
				"north": {"uv": [0, 0, 0.5, 0.5], "texture": "#missing"},
				"east": {"uv": [8.5, 5, 8, 6.5], "rotation": 270, "texture": "#1"},
				"south": {"uv": [8, 5, 8.5, 5.5], "texture": "#1"},
				"west": {"uv": [8, 6.5, 8.5, 5], "rotation": 270, "texture": "#1"},
				"up": {"uv": [8, 6.5, 8.5, 5], "texture": "#1"},
				"down": {"uv": [8.5, 5, 8, 6.5], "texture": "#1"}
			}
		},
		{
			"from": [7.5, 7.5, 8.5],
			"to": [8.5, 8.5, 11.5],
			"faces": {
				"north": {"uv": [0, 0, 0.5, 0.5], "texture": "#missing"},
				"east": {"uv": [8.5, 5, 8, 6.5], "rotation": 270, "texture": "#1"},
				"south": {"uv": [8, 5, 8.5, 5.5], "texture": "#1"},
				"west": {"uv": [8, 6.5, 8.5, 5], "rotation": 270, "texture": "#1"},
				"up": {"uv": [8, 6.5, 8.5, 5], "texture": "#1"},
				"down": {"uv": [8.5, 5, 8, 6.5], "texture": "#1"}
			}
		},
		{
			"from": [7, 7, 7.5],
			"to": [9, 9, 8.5],
			"faces": {
				"north": {"uv": [0, 0, 1, 1], "texture": "#missing"},
				"east": {"uv": [6, 7.5, 6.5, 8.5], "texture": "#1"},
				"south": {"uv": [6, 7.5, 7, 8.5], "texture": "#1"},
				"west": {"uv": [6, 7.5, 6.5, 8.5], "texture": "#1"},
				"up": {"uv": [6, 7.5, 7, 8], "texture": "#1"},
				"down": {"uv": [6, 7.5, 7, 8], "texture": "#1"}
			}
		},
		{
			"from": [7.5, 8.5, 10.5],
			"to": [8.5, 12.5, 11.5],
			"faces": {
				"north": {"uv": [7, 5, 7.5, 7], "texture": "#1"},
				"east": {"uv": [7.5, 7, 7, 5], "rotation": 180, "texture": "#1"},
				"south": {"uv": [7, 5, 7.5, 7], "texture": "#1"},
				"west": {"uv": [7.5, 7, 7, 5], "rotation": 180, "texture": "#1"},
				"up": {"uv": [8, 5, 8.5, 6.5], "texture": "#1"},
				"down": {"uv": [7.5, 7, 7, 5.5], "texture": "#1"}
			}
		}
	],
	"gui_light": "front",
	"display": {
		"thirdperson_righthand": {
			"rotation": [0, -90, 0],
			"translation": [3, -4.5, 2],
			"scale": [1.01, 1.01, 1.01]
		},
		"thirdperson_lefthand": {
			"rotation": [0, -90, 0],
			"translation": [3, -4.5, 2],
			"scale": [1.01, 1.01, 1.01]
		},
		"firstperson_righthand": {
			"rotation": [1, -74, 50],
			"translation": [1.5, 0, 5],
			"scale": [0.6, 0.6, 0.6]
		},
		"firstperson_lefthand": {
			"rotation": [1, -74, 50],
			"translation": [1.5, 0, 5],
			"scale": [0.6, 0.6, 0.6]
		},
		"ground": {
			"translation": [0, 2, 0],
			"scale": [0.5, 0.5, 0.5]
		},
		"gui": {
			"rotation": [0, -180, 0],
			"translation": [0, -1.5, 0],
			"scale": [0.76, 0.76, 0.76]
		},
		"head": {
			"translation": [0, 6, -7]
		},
		"fixed": {
			"translation": [0, -2, 0]
		}
	}
}