{
    "credit": "Made with Blockbench",
    "parent": "item/handheld",
    "textures": {
        "layer0": "item/weapons/axe/reefclaw_hamaxe"
    },
    "display": {
        "thirdperson_righthand": {
            "rotation": [0, -90, 45],
            "translation": [0, 5.5, 1.25]
        },
        "thirdperson_lefthand": {
            "rotation": [0, 90, -45],
            "translation": [0, 3.5, 1.25]
        },
        "firstperson_righthand": {
            "rotation": [0, -90, 45],
            "translation": [0, 3.75, 0]
        },
        "firstperson_lefthand": {
            "rotation": [0, 90, -45],
            "translation": [0, 3.75, 0]
        },
        "ground": {
            "translation": [0, 3, 0],
            "scale": [0.75, 0.75, 0.75]
        },
        "gui": {
            "rotation": [0, 180, 90],
            "translation": [0.25, 0.75, 0]
        },
        "head": {
            "rotation": [0, 0, 45],
            "translation": [0, 10, 0]
        },
        "fixed": {
            "rotation": [0, 0, 90],
            "translation": [0, 0, 0.25]
        }
    }
}
