{
	"credit": "Made with Blockbench",
	"texture_size": [64, 64],
	"textures": {
		"2": "item/weapons/axe/shadow_axe",
		"particle": "item/weapons/axe/shadow_axe"
	},
	"elements": [
		{
			"from": [4, 14, 8],
			"to": [5, 15, 9],
			"faces": {
				"north": {"uv": [8, 7.5, 8.25, 7.75], "texture": "#2"},
				"east": {"uv": [7.75, 7.5, 8, 7.75], "texture": "#2"},
				"south": {"uv": [8.5, 7.5, 8.75, 7.75], "texture": "#2"},
				"west": {"uv": [8.25, 7.5, 8.5, 7.75], "texture": "#2"},
				"up": {"uv": [8.25, 7.5, 8, 7.25], "texture": "#2"},
				"down": {"uv": [8.5, 7.25, 8.25, 7.5], "texture": "#2"}
			}
		},
		{
			"from": [4, 15, 8],
			"to": [5, 16, 9],
			"faces": {
				"north": {"uv": [8, 7, 8.25, 7.25], "texture": "#2"},
				"east": {"uv": [7.75, 7, 8, 7.25], "texture": "#2"},
				"south": {"uv": [8.5, 7, 8.75, 7.25], "texture": "#2"},
				"west": {"uv": [8.25, 7, 8.5, 7.25], "texture": "#2"},
				"up": {"uv": [8.25, 7, 8, 6.75], "texture": "#2"},
				"down": {"uv": [8.5, 6.75, 8.25, 7], "texture": "#2"}
			}
		},
		{
			"from": [6, 15, 8],
			"to": [7, 16, 9],
			"faces": {
				"north": {"uv": [8, 6.5, 8.25, 6.75], "texture": "#2"},
				"east": {"uv": [7.75, 6.5, 8, 6.75], "texture": "#2"},
				"south": {"uv": [8.5, 6.5, 8.75, 6.75], "texture": "#2"},
				"west": {"uv": [8.25, 6.5, 8.5, 6.75], "texture": "#2"},
				"up": {"uv": [8.25, 6.5, 8, 6.25], "texture": "#2"},
				"down": {"uv": [8.5, 6.25, 8.25, 6.5], "texture": "#2"}
			}
		},
		{
			"from": [6, 14, 8],
			"to": [7, 15, 9],
			"faces": {
				"north": {"uv": [6.5, 8, 6.75, 8.25], "texture": "#2"},
				"east": {"uv": [6.25, 8, 6.5, 8.25], "texture": "#2"},
				"south": {"uv": [7, 8, 7.25, 8.25], "texture": "#2"},
				"west": {"uv": [6.75, 8, 7, 8.25], "texture": "#2"},
				"up": {"uv": [6.75, 8, 6.5, 7.75], "texture": "#2"},
				"down": {"uv": [7, 7.75, 6.75, 8], "texture": "#2"}
			}
		},
		{
			"from": [4, 19, 8],
			"to": [5, 20, 9],
			"faces": {
				"north": {"uv": [8, 6, 8.25, 6.25], "texture": "#2"},
				"east": {"uv": [7.75, 6, 8, 6.25], "texture": "#2"},
				"south": {"uv": [8.5, 6, 8.75, 6.25], "texture": "#2"},
				"west": {"uv": [8.25, 6, 8.5, 6.25], "texture": "#2"},
				"up": {"uv": [8.25, 6, 8, 5.75], "texture": "#2"},
				"down": {"uv": [8.5, 5.75, 8.25, 6], "texture": "#2"}
			}
		},
		{
			"from": [3, 16, 8],
			"to": [4, 17, 9],
			"faces": {
				"north": {"uv": [8, 5.5, 8.25, 5.75], "texture": "#2"},
				"east": {"uv": [7.75, 5.5, 8, 5.75], "texture": "#2"},
				"south": {"uv": [8.5, 5.5, 8.75, 5.75], "texture": "#2"},
				"west": {"uv": [8.25, 5.5, 8.5, 5.75], "texture": "#2"},
				"up": {"uv": [8.25, 5.5, 8, 5.25], "texture": "#2"},
				"down": {"uv": [8.5, 5.25, 8.25, 5.5], "texture": "#2"}
			}
		},
		{
			"from": [3, 17, 8],
			"to": [4, 18, 9],
			"faces": {
				"north": {"uv": [8, 5, 8.25, 5.25], "texture": "#2"},
				"east": {"uv": [7.75, 5, 8, 5.25], "texture": "#2"},
				"south": {"uv": [8.5, 5, 8.75, 5.25], "texture": "#2"},
				"west": {"uv": [8.25, 5, 8.5, 5.25], "texture": "#2"},
				"up": {"uv": [8.25, 5, 8, 4.75], "texture": "#2"},
				"down": {"uv": [8.5, 4.75, 8.25, 5], "texture": "#2"}
			}
		},
		{
			"from": [5, 16, 8],
			"to": [6, 17, 9],
			"faces": {
				"north": {"uv": [5, 8, 5.25, 8.25], "texture": "#2"},
				"east": {"uv": [4.75, 8, 5, 8.25], "texture": "#2"},
				"south": {"uv": [5.5, 8, 5.75, 8.25], "texture": "#2"},
				"west": {"uv": [5.25, 8, 5.5, 8.25], "texture": "#2"},
				"up": {"uv": [5.25, 8, 5, 7.75], "texture": "#2"},
				"down": {"uv": [5.5, 7.75, 5.25, 8], "texture": "#2"}
			}
		},
		{
			"from": [5, 17, 8],
			"to": [6, 18, 9],
			"faces": {
				"north": {"uv": [8, 4.5, 8.25, 4.75], "texture": "#2"},
				"east": {"uv": [7.75, 4.5, 8, 4.75], "texture": "#2"},
				"south": {"uv": [8.5, 4.5, 8.75, 4.75], "texture": "#2"},
				"west": {"uv": [8.25, 4.5, 8.5, 4.75], "texture": "#2"},
				"up": {"uv": [8.25, 4.5, 8, 4.25], "texture": "#2"},
				"down": {"uv": [8.5, 4.25, 8.25, 4.5], "texture": "#2"}
			}
		},
		{
			"from": [4, 18, 8],
			"to": [5, 19, 9],
			"faces": {
				"north": {"uv": [8, 4, 8.25, 4.25], "texture": "#2"},
				"east": {"uv": [7.75, 4, 8, 4.25], "texture": "#2"},
				"south": {"uv": [8.5, 4, 8.75, 4.25], "texture": "#2"},
				"west": {"uv": [8.25, 4, 8.5, 4.25], "texture": "#2"},
				"up": {"uv": [8.25, 4, 8, 3.75], "texture": "#2"},
				"down": {"uv": [8.5, 3.75, 8.25, 4], "texture": "#2"}
			}
		},
		{
			"from": [2, 19, 8],
			"to": [3, 20, 9],
			"faces": {
				"north": {"uv": [3.5, 8, 3.75, 8.25], "texture": "#2"},
				"east": {"uv": [3.25, 8, 3.5, 8.25], "texture": "#2"},
				"south": {"uv": [4, 8, 4.25, 8.25], "texture": "#2"},
				"west": {"uv": [3.75, 8, 4, 8.25], "texture": "#2"},
				"up": {"uv": [3.75, 8, 3.5, 7.75], "texture": "#2"},
				"down": {"uv": [4, 7.75, 3.75, 8], "texture": "#2"}
			}
		},
		{
			"from": [2, 18, 8],
			"to": [3, 19, 9],
			"faces": {
				"north": {"uv": [2, 8, 2.25, 8.25], "texture": "#2"},
				"east": {"uv": [1.75, 8, 2, 8.25], "texture": "#2"},
				"south": {"uv": [2.5, 8, 2.75, 8.25], "texture": "#2"},
				"west": {"uv": [2.25, 8, 2.5, 8.25], "texture": "#2"},
				"up": {"uv": [2.25, 8, 2, 7.75], "texture": "#2"},
				"down": {"uv": [2.5, 7.75, 2.25, 8], "texture": "#2"}
			}
		},
		{
			"from": [1, 20, 8],
			"to": [2, 21, 9],
			"faces": {
				"north": {"uv": [1, 8, 1.25, 8.25], "texture": "#2"},
				"east": {"uv": [0.75, 8, 1, 8.25], "texture": "#2"},
				"south": {"uv": [1.5, 8, 1.75, 8.25], "texture": "#2"},
				"west": {"uv": [1.25, 8, 1.5, 8.25], "texture": "#2"},
				"up": {"uv": [1.25, 8, 1, 7.75], "texture": "#2"},
				"down": {"uv": [1.5, 7.75, 1.25, 8], "texture": "#2"}
			}
		},
		{
			"from": [1, 21, 8],
			"to": [2, 22, 9],
			"faces": {
				"north": {"uv": [7.25, 7.75, 7.5, 8], "texture": "#2"},
				"east": {"uv": [7, 7.75, 7.25, 8], "texture": "#2"},
				"south": {"uv": [7.75, 7.75, 8, 8], "texture": "#2"},
				"west": {"uv": [7.5, 7.75, 7.75, 8], "texture": "#2"},
				"up": {"uv": [7.5, 7.75, 7.25, 7.5], "texture": "#2"},
				"down": {"uv": [7.75, 7.5, 7.5, 7.75], "texture": "#2"}
			}
		},
		{
			"from": [0, 21, 8],
			"to": [1, 22, 9],
			"faces": {
				"north": {"uv": [5.75, 7.75, 6, 8], "texture": "#2"},
				"east": {"uv": [5.5, 7.75, 5.75, 8], "texture": "#2"},
				"south": {"uv": [6.25, 7.75, 6.5, 8], "texture": "#2"},
				"west": {"uv": [6, 7.75, 6.25, 8], "texture": "#2"},
				"up": {"uv": [6, 7.75, 5.75, 7.5], "texture": "#2"},
				"down": {"uv": [6.25, 7.5, 6, 7.75], "texture": "#2"}
			}
		},
		{
			"from": [0, 22, 8],
			"to": [1, 23, 9],
			"faces": {
				"north": {"uv": [4.25, 7.75, 4.5, 8], "texture": "#2"},
				"east": {"uv": [4, 7.75, 4.25, 8], "texture": "#2"},
				"south": {"uv": [4.75, 7.75, 5, 8], "texture": "#2"},
				"west": {"uv": [4.5, 7.75, 4.75, 8], "texture": "#2"},
				"up": {"uv": [4.5, 7.75, 4.25, 7.5], "texture": "#2"},
				"down": {"uv": [4.75, 7.5, 4.5, 7.75], "texture": "#2"}
			}
		},
		{
			"from": [1, 22, 8],
			"to": [2, 23, 9],
			"faces": {
				"north": {"uv": [7.75, 3.25, 8, 3.5], "texture": "#2"},
				"east": {"uv": [7.5, 3.25, 7.75, 3.5], "texture": "#2"},
				"south": {"uv": [8.25, 3.25, 8.5, 3.5], "texture": "#2"},
				"west": {"uv": [8, 3.25, 8.25, 3.5], "texture": "#2"},
				"up": {"uv": [8, 3.25, 7.75, 3], "texture": "#2"},
				"down": {"uv": [8.25, 3, 8, 3.25], "texture": "#2"}
			}
		},
		{
			"from": [-1, 22, 8],
			"to": [0, 23, 9],
			"faces": {
				"north": {"uv": [7.75, 2.75, 8, 3], "texture": "#2"},
				"east": {"uv": [7.5, 2.75, 7.75, 3], "texture": "#2"},
				"south": {"uv": [8.25, 2.75, 8.5, 3], "texture": "#2"},
				"west": {"uv": [8, 2.75, 8.25, 3], "texture": "#2"},
				"up": {"uv": [8, 2.75, 7.75, 2.5], "texture": "#2"},
				"down": {"uv": [8.25, 2.5, 8, 2.75], "texture": "#2"}
			}
		},
		{
			"from": [-2, 22, 8],
			"to": [-1, 23, 9],
			"faces": {
				"north": {"uv": [2.75, 7.75, 3, 8], "texture": "#2"},
				"east": {"uv": [2.5, 7.75, 2.75, 8], "texture": "#2"},
				"south": {"uv": [3.25, 7.75, 3.5, 8], "texture": "#2"},
				"west": {"uv": [3, 7.75, 3.25, 8], "texture": "#2"},
				"up": {"uv": [3, 7.75, 2.75, 7.5], "texture": "#2"},
				"down": {"uv": [3.25, 7.5, 3, 7.75], "texture": "#2"}
			}
		},
		{
			"from": [-2, 21, 8],
			"to": [-1, 22, 9],
			"faces": {
				"north": {"uv": [7.75, 2, 8, 2.25], "texture": "#2"},
				"east": {"uv": [7.5, 2, 7.75, 2.25], "texture": "#2"},
				"south": {"uv": [8.25, 2, 8.5, 2.25], "texture": "#2"},
				"west": {"uv": [8, 2, 8.25, 2.25], "texture": "#2"},
				"up": {"uv": [8, 2, 7.75, 1.75], "texture": "#2"},
				"down": {"uv": [8.25, 1.75, 8, 2], "texture": "#2"}
			}
		},
		{
			"from": [-2, 20, 8],
			"to": [-1, 21, 9],
			"faces": {
				"north": {"uv": [7.75, 1.25, 8, 1.5], "texture": "#2"},
				"east": {"uv": [7.5, 1.25, 7.75, 1.5], "texture": "#2"},
				"south": {"uv": [8.25, 1.25, 8.5, 1.5], "texture": "#2"},
				"west": {"uv": [8, 1.25, 8.25, 1.5], "texture": "#2"},
				"up": {"uv": [8, 1.25, 7.75, 1], "texture": "#2"},
				"down": {"uv": [8.25, 1, 8, 1.25], "texture": "#2"}
			}
		},
		{
			"from": [-1, 19, 8],
			"to": [0, 20, 9],
			"faces": {
				"north": {"uv": [7.75, 0.75, 8, 1], "texture": "#2"},
				"east": {"uv": [7.5, 0.75, 7.75, 1], "texture": "#2"},
				"south": {"uv": [8.25, 0.75, 8.5, 1], "texture": "#2"},
				"west": {"uv": [8, 0.75, 8.25, 1], "texture": "#2"},
				"up": {"uv": [8, 0.75, 7.75, 0.5], "texture": "#2"},
				"down": {"uv": [8.25, 0.5, 8, 0.75], "texture": "#2"}
			}
		},
		{
			"from": [-1, 18, 8],
			"to": [0, 19, 9],
			"faces": {
				"north": {"uv": [7.75, 0.25, 8, 0.5], "texture": "#2"},
				"east": {"uv": [7.5, 0.25, 7.75, 0.5], "texture": "#2"},
				"south": {"uv": [8.25, 0.25, 8.5, 0.5], "texture": "#2"},
				"west": {"uv": [8, 0.25, 8.25, 0.5], "texture": "#2"},
				"up": {"uv": [8, 0.25, 7.75, 0], "texture": "#2"},
				"down": {"uv": [8.25, 0, 8, 0.25], "texture": "#2"}
			}
		},
		{
			"from": [-1, 17, 8],
			"to": [0, 18, 9],
			"faces": {
				"north": {"uv": [0.25, 7.75, 0.5, 8], "texture": "#2"},
				"east": {"uv": [0, 7.75, 0.25, 8], "texture": "#2"},
				"south": {"uv": [0.75, 7.75, 1, 8], "texture": "#2"},
				"west": {"uv": [0.5, 7.75, 0.75, 8], "texture": "#2"},
				"up": {"uv": [0.5, 7.75, 0.25, 7.5], "texture": "#2"},
				"down": {"uv": [0.75, 7.5, 0.5, 7.75], "texture": "#2"}
			}
		},
		{
			"from": [-3, 18, 8],
			"to": [-2, 19, 9],
			"faces": {
				"north": {"uv": [6.5, 7.5, 6.75, 7.75], "texture": "#2"},
				"east": {"uv": [6.25, 7.5, 6.5, 7.75], "texture": "#2"},
				"south": {"uv": [7, 7.5, 7.25, 7.75], "texture": "#2"},
				"west": {"uv": [6.75, 7.5, 7, 7.75], "texture": "#2"},
				"up": {"uv": [6.75, 7.5, 6.5, 7.25], "texture": "#2"},
				"down": {"uv": [7, 7.25, 6.75, 7.5], "texture": "#2"}
			}
		},
		{
			"from": [-4, 19, 8],
			"to": [-3, 20, 9],
			"faces": {
				"north": {"uv": [5, 7.5, 5.25, 7.75], "texture": "#2"},
				"east": {"uv": [4.75, 7.5, 5, 7.75], "texture": "#2"},
				"south": {"uv": [5.5, 7.5, 5.75, 7.75], "texture": "#2"},
				"west": {"uv": [5.25, 7.5, 5.5, 7.75], "texture": "#2"},
				"up": {"uv": [5.25, 7.5, 5, 7.25], "texture": "#2"},
				"down": {"uv": [5.5, 7.25, 5.25, 7.5], "texture": "#2"}
			}
		},
		{
			"from": [-5, 20, 8],
			"to": [-4, 21, 9],
			"faces": {
				"north": {"uv": [3.5, 7.5, 3.75, 7.75], "texture": "#2"},
				"east": {"uv": [3.25, 7.5, 3.5, 7.75], "texture": "#2"},
				"south": {"uv": [4, 7.5, 4.25, 7.75], "texture": "#2"},
				"west": {"uv": [3.75, 7.5, 4, 7.75], "texture": "#2"},
				"up": {"uv": [3.75, 7.5, 3.5, 7.25], "texture": "#2"},
				"down": {"uv": [4, 7.25, 3.75, 7.5], "texture": "#2"}
			}
		},
		{
			"from": [-6, 21, 8],
			"to": [-5, 22, 9],
			"faces": {
				"north": {"uv": [2, 7.5, 2.25, 7.75], "texture": "#2"},
				"east": {"uv": [1.75, 7.5, 2, 7.75], "texture": "#2"},
				"south": {"uv": [2.5, 7.5, 2.75, 7.75], "texture": "#2"},
				"west": {"uv": [2.25, 7.5, 2.5, 7.75], "texture": "#2"},
				"up": {"uv": [2.25, 7.5, 2, 7.25], "texture": "#2"},
				"down": {"uv": [2.5, 7.25, 2.25, 7.5], "texture": "#2"}
			}
		},
		{
			"from": [-7, 22, 8],
			"to": [-6, 23, 9],
			"faces": {
				"north": {"uv": [1, 7.5, 1.25, 7.75], "texture": "#2"},
				"east": {"uv": [0.75, 7.5, 1, 7.75], "texture": "#2"},
				"south": {"uv": [1.5, 7.5, 1.75, 7.75], "texture": "#2"},
				"west": {"uv": [1.25, 7.5, 1.5, 7.75], "texture": "#2"},
				"up": {"uv": [1.25, 7.5, 1, 7.25], "texture": "#2"},
				"down": {"uv": [1.5, 7.25, 1.25, 7.5], "texture": "#2"}
			}
		},
		{
			"from": [-8, 23, 8],
			"to": [-7, 24, 9],
			"faces": {
				"north": {"uv": [7.25, 7.25, 7.5, 7.5], "texture": "#2"},
				"east": {"uv": [7, 7.25, 7.25, 7.5], "texture": "#2"},
				"south": {"uv": [7.75, 7.25, 8, 7.5], "texture": "#2"},
				"west": {"uv": [7.5, 7.25, 7.75, 7.5], "texture": "#2"},
				"up": {"uv": [7.5, 7.25, 7.25, 7], "texture": "#2"},
				"down": {"uv": [7.75, 7, 7.5, 7.25], "texture": "#2"}
			}
		},
		{
			"from": [-9, 24, 8],
			"to": [-8, 25, 9],
			"faces": {
				"north": {"uv": [7.25, 6.75, 7.5, 7], "texture": "#2"},
				"east": {"uv": [7, 6.75, 7.25, 7], "texture": "#2"},
				"south": {"uv": [7.75, 6.75, 8, 7], "texture": "#2"},
				"west": {"uv": [7.5, 6.75, 7.75, 7], "texture": "#2"},
				"up": {"uv": [7.5, 6.75, 7.25, 6.5], "texture": "#2"},
				"down": {"uv": [7.75, 6.5, 7.5, 6.75], "texture": "#2"}
			}
		},
		{
			"from": [-9, 25, 8],
			"to": [-8, 26, 9],
			"faces": {
				"north": {"uv": [7.25, 6.25, 7.5, 6.5], "texture": "#2"},
				"east": {"uv": [7, 6.25, 7.25, 6.5], "texture": "#2"},
				"south": {"uv": [7.75, 6.25, 8, 6.5], "texture": "#2"},
				"west": {"uv": [7.5, 6.25, 7.75, 6.5], "texture": "#2"},
				"up": {"uv": [7.5, 6.25, 7.25, 6], "texture": "#2"},
				"down": {"uv": [7.75, 6, 7.5, 6.25], "texture": "#2"}
			}
		},
		{
			"from": [-9, 27, 8],
			"to": [-8, 28, 9],
			"faces": {
				"north": {"uv": [7.25, 5.75, 7.5, 6], "texture": "#2"},
				"east": {"uv": [7, 5.75, 7.25, 6], "texture": "#2"},
				"south": {"uv": [7.75, 5.75, 8, 6], "texture": "#2"},
				"west": {"uv": [7.5, 5.75, 7.75, 6], "texture": "#2"},
				"up": {"uv": [7.5, 5.75, 7.25, 5.5], "texture": "#2"},
				"down": {"uv": [7.75, 5.5, 7.5, 5.75], "texture": "#2"}
			}
		},
		{
			"from": [-9, 26, 8],
			"to": [-8, 27, 9],
			"faces": {
				"north": {"uv": [5.75, 7.25, 6, 7.5], "texture": "#2"},
				"east": {"uv": [5.5, 7.25, 5.75, 7.5], "texture": "#2"},
				"south": {"uv": [6.25, 7.25, 6.5, 7.5], "texture": "#2"},
				"west": {"uv": [6, 7.25, 6.25, 7.5], "texture": "#2"},
				"up": {"uv": [6, 7.25, 5.75, 7], "texture": "#2"},
				"down": {"uv": [6.25, 7, 6, 7.25], "texture": "#2"}
			}
		},
		{
			"from": [-9, 28, 8],
			"to": [-8, 29, 9],
			"faces": {
				"north": {"uv": [7.25, 5.25, 7.5, 5.5], "texture": "#2"},
				"east": {"uv": [7, 5.25, 7.25, 5.5], "texture": "#2"},
				"south": {"uv": [7.75, 5.25, 8, 5.5], "texture": "#2"},
				"west": {"uv": [7.5, 5.25, 7.75, 5.5], "texture": "#2"},
				"up": {"uv": [7.5, 5.25, 7.25, 5], "texture": "#2"},
				"down": {"uv": [7.75, 5, 7.5, 5.25], "texture": "#2"}
			}
		},
		{
			"from": [-9, 29, 8],
			"to": [-8, 30, 9],
			"faces": {
				"north": {"uv": [7.25, 4.75, 7.5, 5], "texture": "#2"},
				"east": {"uv": [7, 4.75, 7.25, 5], "texture": "#2"},
				"south": {"uv": [7.75, 4.75, 8, 5], "texture": "#2"},
				"west": {"uv": [7.5, 4.75, 7.75, 5], "texture": "#2"},
				"up": {"uv": [7.5, 4.75, 7.25, 4.5], "texture": "#2"},
				"down": {"uv": [7.75, 4.5, 7.5, 4.75], "texture": "#2"}
			}
		},
		{
			"from": [-9, 30, 8],
			"to": [-8, 31, 9],
			"faces": {
				"north": {"uv": [7.25, 4.25, 7.5, 4.5], "texture": "#2"},
				"east": {"uv": [7, 4.25, 7.25, 4.5], "texture": "#2"},
				"south": {"uv": [7.75, 4.25, 8, 4.5], "texture": "#2"},
				"west": {"uv": [7.5, 4.25, 7.75, 4.5], "texture": "#2"},
				"up": {"uv": [7.5, 4.25, 7.25, 4], "texture": "#2"},
				"down": {"uv": [7.75, 4, 7.5, 4.25], "texture": "#2"}
			}
		},
		{
			"from": [-9, 31, 8],
			"to": [-8, 32, 9],
			"faces": {
				"north": {"uv": [4.25, 7.25, 4.5, 7.5], "texture": "#2"},
				"east": {"uv": [4, 7.25, 4.25, 7.5], "texture": "#2"},
				"south": {"uv": [4.75, 7.25, 5, 7.5], "texture": "#2"},
				"west": {"uv": [4.5, 7.25, 4.75, 7.5], "texture": "#2"},
				"up": {"uv": [4.5, 7.25, 4.25, 7], "texture": "#2"},
				"down": {"uv": [4.75, 7, 4.5, 7.25], "texture": "#2"}
			}
		},
		{
			"from": [-8, 31, 8],
			"to": [-7, 32, 9],
			"faces": {
				"north": {"uv": [7.25, 3.75, 7.5, 4], "texture": "#2"},
				"east": {"uv": [7, 3.75, 7.25, 4], "texture": "#2"},
				"south": {"uv": [7.75, 3.75, 8, 4], "texture": "#2"},
				"west": {"uv": [7.5, 3.75, 7.75, 4], "texture": "#2"},
				"up": {"uv": [7.5, 3.75, 7.25, 3.5], "texture": "#2"},
				"down": {"uv": [7.75, 3.5, 7.5, 3.75], "texture": "#2"}
			}
		},
		{
			"from": [-7, 30, 8],
			"to": [-6, 31, 9],
			"faces": {
				"north": {"uv": [2.75, 7.25, 3, 7.5], "texture": "#2"},
				"east": {"uv": [2.5, 7.25, 2.75, 7.5], "texture": "#2"},
				"south": {"uv": [3.25, 7.25, 3.5, 7.5], "texture": "#2"},
				"west": {"uv": [3, 7.25, 3.25, 7.5], "texture": "#2"},
				"up": {"uv": [3, 7.25, 2.75, 7], "texture": "#2"},
				"down": {"uv": [3.25, 7, 3, 7.25], "texture": "#2"}
			}
		},
		{
			"from": [-7, 29, 8],
			"to": [-6, 30, 9],
			"faces": {
				"north": {"uv": [0.25, 7.25, 0.5, 7.5], "texture": "#2"},
				"east": {"uv": [0, 7.25, 0.25, 7.5], "texture": "#2"},
				"south": {"uv": [0.75, 7.25, 1, 7.5], "texture": "#2"},
				"west": {"uv": [0.5, 7.25, 0.75, 7.5], "texture": "#2"},
				"up": {"uv": [0.5, 7.25, 0.25, 7], "texture": "#2"},
				"down": {"uv": [0.75, 7, 0.5, 7.25], "texture": "#2"}
			}
		},
		{
			"from": [-6, 28, 8],
			"to": [-5, 29, 9],
			"faces": {
				"north": {"uv": [6.5, 7, 6.75, 7.25], "texture": "#2"},
				"east": {"uv": [6.25, 7, 6.5, 7.25], "texture": "#2"},
				"south": {"uv": [7, 7, 7.25, 7.25], "texture": "#2"},
				"west": {"uv": [6.75, 7, 7, 7.25], "texture": "#2"},
				"up": {"uv": [6.75, 7, 6.5, 6.75], "texture": "#2"},
				"down": {"uv": [7, 6.75, 6.75, 7], "texture": "#2"}
			}
		},
		{
			"from": [-6, 27, 8],
			"to": [-5, 28, 9],
			"faces": {
				"north": {"uv": [5, 7, 5.25, 7.25], "texture": "#2"},
				"east": {"uv": [4.75, 7, 5, 7.25], "texture": "#2"},
				"south": {"uv": [5.5, 7, 5.75, 7.25], "texture": "#2"},
				"west": {"uv": [5.25, 7, 5.5, 7.25], "texture": "#2"},
				"up": {"uv": [5.25, 7, 5, 6.75], "texture": "#2"},
				"down": {"uv": [5.5, 6.75, 5.25, 7], "texture": "#2"}
			}
		},
		{
			"from": [-5, 27, 8],
			"to": [-4, 28, 9],
			"faces": {
				"north": {"uv": [3.5, 7, 3.75, 7.25], "texture": "#2"},
				"east": {"uv": [3.25, 7, 3.5, 7.25], "texture": "#2"},
				"south": {"uv": [4, 7, 4.25, 7.25], "texture": "#2"},
				"west": {"uv": [3.75, 7, 4, 7.25], "texture": "#2"},
				"up": {"uv": [3.75, 7, 3.5, 6.75], "texture": "#2"},
				"down": {"uv": [4, 6.75, 3.75, 7], "texture": "#2"}
			}
		},
		{
			"from": [-5, 26, 8],
			"to": [-4, 27, 9],
			"faces": {
				"north": {"uv": [7, 3, 7.25, 3.25], "texture": "#2"},
				"east": {"uv": [6.75, 3, 7, 3.25], "texture": "#2"},
				"south": {"uv": [7.5, 3, 7.75, 3.25], "texture": "#2"},
				"west": {"uv": [7.25, 3, 7.5, 3.25], "texture": "#2"},
				"up": {"uv": [7.25, 3, 7, 2.75], "texture": "#2"},
				"down": {"uv": [7.5, 2.75, 7.25, 3], "texture": "#2"}
			}
		},
		{
			"from": [-4, 26, 8],
			"to": [-3, 27, 9],
			"faces": {
				"north": {"uv": [7, 2.5, 7.25, 2.75], "texture": "#2"},
				"east": {"uv": [6.75, 2.5, 7, 2.75], "texture": "#2"},
				"south": {"uv": [7.5, 2.5, 7.75, 2.75], "texture": "#2"},
				"west": {"uv": [7.25, 2.5, 7.5, 2.75], "texture": "#2"},
				"up": {"uv": [7.25, 2.5, 7, 2.25], "texture": "#2"},
				"down": {"uv": [7.5, 2.25, 7.25, 2.5], "texture": "#2"}
			}
		},
		{
			"from": [-3, 26, 8],
			"to": [-2, 27, 9],
			"faces": {
				"north": {"uv": [2, 7, 2.25, 7.25], "texture": "#2"},
				"east": {"uv": [1.75, 7, 2, 7.25], "texture": "#2"},
				"south": {"uv": [2.5, 7, 2.75, 7.25], "texture": "#2"},
				"west": {"uv": [2.25, 7, 2.5, 7.25], "texture": "#2"},
				"up": {"uv": [2.25, 7, 2, 6.75], "texture": "#2"},
				"down": {"uv": [2.5, 6.75, 2.25, 7], "texture": "#2"}
			}
		},
		{
			"from": [-2, 26, 8],
			"to": [-1, 27, 9],
			"faces": {
				"north": {"uv": [7, 1.75, 7.25, 2], "texture": "#2"},
				"east": {"uv": [6.75, 1.75, 7, 2], "texture": "#2"},
				"south": {"uv": [7.5, 1.75, 7.75, 2], "texture": "#2"},
				"west": {"uv": [7.25, 1.75, 7.5, 2], "texture": "#2"},
				"up": {"uv": [7.25, 1.75, 7, 1.5], "texture": "#2"},
				"down": {"uv": [7.5, 1.5, 7.25, 1.75], "texture": "#2"}
			}
		},
		{
			"from": [-2, 27, 8],
			"to": [-1, 28, 9],
			"faces": {
				"north": {"uv": [7, 1, 7.25, 1.25], "texture": "#2"},
				"east": {"uv": [6.75, 1, 7, 1.25], "texture": "#2"},
				"south": {"uv": [7.5, 1, 7.75, 1.25], "texture": "#2"},
				"west": {"uv": [7.25, 1, 7.5, 1.25], "texture": "#2"},
				"up": {"uv": [7.25, 1, 7, 0.75], "texture": "#2"},
				"down": {"uv": [7.5, 0.75, 7.25, 1], "texture": "#2"}
			}
		},
		{
			"from": [-2, 28, 8],
			"to": [-1, 29, 9],
			"faces": {
				"north": {"uv": [1, 7, 1.25, 7.25], "texture": "#2"},
				"east": {"uv": [0.75, 7, 1, 7.25], "texture": "#2"},
				"south": {"uv": [1.5, 7, 1.75, 7.25], "texture": "#2"},
				"west": {"uv": [1.25, 7, 1.5, 7.25], "texture": "#2"},
				"up": {"uv": [1.25, 7, 1, 6.75], "texture": "#2"},
				"down": {"uv": [1.5, 6.75, 1.25, 7], "texture": "#2"}
			}
		},
		{
			"from": [-1, 28, 8],
			"to": [0, 29, 9],
			"faces": {
				"north": {"uv": [7, 0.5, 7.25, 0.75], "texture": "#2"},
				"east": {"uv": [6.75, 0.5, 7, 0.75], "texture": "#2"},
				"south": {"uv": [7.5, 0.5, 7.75, 0.75], "texture": "#2"},
				"west": {"uv": [7.25, 0.5, 7.5, 0.75], "texture": "#2"},
				"up": {"uv": [7.25, 0.5, 7, 0.25], "texture": "#2"},
				"down": {"uv": [7.5, 0.25, 7.25, 0.5], "texture": "#2"}
			}
		},
		{
			"from": [0, 27, 8],
			"to": [1, 28, 9],
			"faces": {
				"north": {"uv": [5.75, 6.75, 6, 7], "texture": "#2"},
				"east": {"uv": [5.5, 6.75, 5.75, 7], "texture": "#2"},
				"south": {"uv": [6.25, 6.75, 6.5, 7], "texture": "#2"},
				"west": {"uv": [6, 6.75, 6.25, 7], "texture": "#2"},
				"up": {"uv": [6, 6.75, 5.75, 6.5], "texture": "#2"},
				"down": {"uv": [6.25, 6.5, 6, 6.75], "texture": "#2"}
			}
		},
		{
			"from": [1, 27, 8],
			"to": [2, 28, 9],
			"faces": {
				"north": {"uv": [4.25, 6.75, 4.5, 7], "texture": "#2"},
				"east": {"uv": [4, 6.75, 4.25, 7], "texture": "#2"},
				"south": {"uv": [4.75, 6.75, 5, 7], "texture": "#2"},
				"west": {"uv": [4.5, 6.75, 4.75, 7], "texture": "#2"},
				"up": {"uv": [4.5, 6.75, 4.25, 6.5], "texture": "#2"},
				"down": {"uv": [4.75, 6.5, 4.5, 6.75], "texture": "#2"}
			}
		},
		{
			"from": [2, 28, 8],
			"to": [3, 29, 9],
			"faces": {
				"north": {"uv": [2.75, 6.75, 3, 7], "texture": "#2"},
				"east": {"uv": [2.5, 6.75, 2.75, 7], "texture": "#2"},
				"south": {"uv": [3.25, 6.75, 3.5, 7], "texture": "#2"},
				"west": {"uv": [3, 6.75, 3.25, 7], "texture": "#2"},
				"up": {"uv": [3, 6.75, 2.75, 6.5], "texture": "#2"},
				"down": {"uv": [3.25, 6.5, 3, 6.75], "texture": "#2"}
			}
		},
		{
			"from": [3, 29, 8],
			"to": [4, 30, 9],
			"faces": {
				"north": {"uv": [0.25, 6.75, 0.5, 7], "texture": "#2"},
				"east": {"uv": [0, 6.75, 0.25, 7], "texture": "#2"},
				"south": {"uv": [0.75, 6.75, 1, 7], "texture": "#2"},
				"west": {"uv": [0.5, 6.75, 0.75, 7], "texture": "#2"},
				"up": {"uv": [0.5, 6.75, 0.25, 6.5], "texture": "#2"},
				"down": {"uv": [0.75, 6.5, 0.5, 6.75], "texture": "#2"}
			}
		},
		{
			"from": [4, 29, 8],
			"to": [5, 30, 9],
			"faces": {
				"north": {"uv": [6.5, 6.5, 6.75, 6.75], "texture": "#2"},
				"east": {"uv": [6.25, 6.5, 6.5, 6.75], "texture": "#2"},
				"south": {"uv": [7, 6.5, 7.25, 6.75], "texture": "#2"},
				"west": {"uv": [6.75, 6.5, 7, 6.75], "texture": "#2"},
				"up": {"uv": [6.75, 6.5, 6.5, 6.25], "texture": "#2"},
				"down": {"uv": [7, 6.25, 6.75, 6.5], "texture": "#2"}
			}
		},
		{
			"from": [4, 28, 8],
			"to": [5, 29, 9],
			"faces": {
				"north": {"uv": [6.5, 6, 6.75, 6.25], "texture": "#2"},
				"east": {"uv": [6.25, 6, 6.5, 6.25], "texture": "#2"},
				"south": {"uv": [7, 6, 7.25, 6.25], "texture": "#2"},
				"west": {"uv": [6.75, 6, 7, 6.25], "texture": "#2"},
				"up": {"uv": [6.75, 6, 6.5, 5.75], "texture": "#2"},
				"down": {"uv": [7, 5.75, 6.75, 6], "texture": "#2"}
			}
		},
		{
			"from": [4, 27, 8],
			"to": [5, 28, 9],
			"faces": {
				"north": {"uv": [6.5, 5.5, 6.75, 5.75], "texture": "#2"},
				"east": {"uv": [6.25, 5.5, 6.5, 5.75], "texture": "#2"},
				"south": {"uv": [7, 5.5, 7.25, 5.75], "texture": "#2"},
				"west": {"uv": [6.75, 5.5, 7, 5.75], "texture": "#2"},
				"up": {"uv": [6.75, 5.5, 6.5, 5.25], "texture": "#2"},
				"down": {"uv": [7, 5.25, 6.75, 5.5], "texture": "#2"}
			}
		},
		{
			"from": [3, 26, 8],
			"to": [4, 27, 9],
			"faces": {
				"north": {"uv": [6.5, 5, 6.75, 5.25], "texture": "#2"},
				"east": {"uv": [6.25, 5, 6.5, 5.25], "texture": "#2"},
				"south": {"uv": [7, 5, 7.25, 5.25], "texture": "#2"},
				"west": {"uv": [6.75, 5, 7, 5.25], "texture": "#2"},
				"up": {"uv": [6.75, 5, 6.5, 4.75], "texture": "#2"},
				"down": {"uv": [7, 4.75, 6.75, 5], "texture": "#2"}
			}
		},
		{
			"from": [2, 26, 8],
			"to": [3, 27, 9],
			"faces": {
				"north": {"uv": [5, 6.5, 5.25, 6.75], "texture": "#2"},
				"east": {"uv": [4.75, 6.5, 5, 6.75], "texture": "#2"},
				"south": {"uv": [5.5, 6.5, 5.75, 6.75], "texture": "#2"},
				"west": {"uv": [5.25, 6.5, 5.5, 6.75], "texture": "#2"},
				"up": {"uv": [5.25, 6.5, 5, 6.25], "texture": "#2"},
				"down": {"uv": [5.5, 6.25, 5.25, 6.5], "texture": "#2"}
			}
		},
		{
			"from": [2, 27, 8],
			"to": [3, 28, 9],
			"faces": {
				"north": {"uv": [6.5, 4.5, 6.75, 4.75], "texture": "#2"},
				"east": {"uv": [6.25, 4.5, 6.5, 4.75], "texture": "#2"},
				"south": {"uv": [7, 4.5, 7.25, 4.75], "texture": "#2"},
				"west": {"uv": [6.75, 4.5, 7, 4.75], "texture": "#2"},
				"up": {"uv": [6.75, 4.5, 6.5, 4.25], "texture": "#2"},
				"down": {"uv": [7, 4.25, 6.75, 4.5], "texture": "#2"}
			}
		},
		{
			"from": [3, 27, 8],
			"to": [4, 28, 9],
			"faces": {
				"north": {"uv": [6.5, 4, 6.75, 4.25], "texture": "#2"},
				"east": {"uv": [6.25, 4, 6.5, 4.25], "texture": "#2"},
				"south": {"uv": [7, 4, 7.25, 4.25], "texture": "#2"},
				"west": {"uv": [6.75, 4, 7, 4.25], "texture": "#2"},
				"up": {"uv": [6.75, 4, 6.5, 3.75], "texture": "#2"},
				"down": {"uv": [7, 3.75, 6.75, 4], "texture": "#2"}
			}
		},
		{
			"from": [3, 28, 8],
			"to": [4, 29, 9],
			"faces": {
				"north": {"uv": [6.5, 3.5, 6.75, 3.75], "texture": "#2"},
				"east": {"uv": [6.25, 3.5, 6.5, 3.75], "texture": "#2"},
				"south": {"uv": [7, 3.5, 7.25, 3.75], "texture": "#2"},
				"west": {"uv": [6.75, 3.5, 7, 3.75], "texture": "#2"},
				"up": {"uv": [6.75, 3.5, 6.5, 3.25], "texture": "#2"},
				"down": {"uv": [7, 3.25, 6.75, 3.5], "texture": "#2"}
			}
		},
		{
			"from": [2, 25, 8],
			"to": [3, 26, 9],
			"faces": {
				"north": {"uv": [3.5, 6.5, 3.75, 6.75], "texture": "#2"},
				"east": {"uv": [3.25, 6.5, 3.5, 6.75], "texture": "#2"},
				"south": {"uv": [4, 6.5, 4.25, 6.75], "texture": "#2"},
				"west": {"uv": [3.75, 6.5, 4, 6.75], "texture": "#2"},
				"up": {"uv": [3.75, 6.5, 3.5, 6.25], "texture": "#2"},
				"down": {"uv": [4, 6.25, 3.75, 6.5], "texture": "#2"}
			}
		},
		{
			"from": [2, 24, 8],
			"to": [3, 25, 9],
			"faces": {
				"north": {"uv": [2, 6.5, 2.25, 6.75], "texture": "#2"},
				"east": {"uv": [1.75, 6.5, 2, 6.75], "texture": "#2"},
				"south": {"uv": [2.5, 6.5, 2.75, 6.75], "texture": "#2"},
				"west": {"uv": [2.25, 6.5, 2.5, 6.75], "texture": "#2"},
				"up": {"uv": [2.25, 6.5, 2, 6.25], "texture": "#2"},
				"down": {"uv": [2.5, 6.25, 2.25, 6.5], "texture": "#2"}
			}
		},
		{
			"from": [2, 22, 8],
			"to": [3, 23, 9],
			"faces": {
				"north": {"uv": [1, 6.5, 1.25, 6.75], "texture": "#2"},
				"east": {"uv": [0.75, 6.5, 1, 6.75], "texture": "#2"},
				"south": {"uv": [1.5, 6.5, 1.75, 6.75], "texture": "#2"},
				"west": {"uv": [1.25, 6.5, 1.5, 6.75], "texture": "#2"},
				"up": {"uv": [1.25, 6.5, 1, 6.25], "texture": "#2"},
				"down": {"uv": [1.5, 6.25, 1.25, 6.5], "texture": "#2"}
			}
		},
		{
			"from": [2, 23, 8],
			"to": [3, 24, 9],
			"faces": {
				"north": {"uv": [5.75, 6.25, 6, 6.5], "texture": "#2"},
				"east": {"uv": [5.5, 6.25, 5.75, 6.5], "texture": "#2"},
				"south": {"uv": [6.25, 6.25, 6.5, 6.5], "texture": "#2"},
				"west": {"uv": [6, 6.25, 6.25, 6.5], "texture": "#2"},
				"up": {"uv": [6, 6.25, 5.75, 6], "texture": "#2"},
				"down": {"uv": [6.25, 6, 6, 6.25], "texture": "#2"}
			}
		},
		{
			"from": [-2, 17, 8],
			"to": [-1, 18, 9],
			"faces": {
				"north": {"uv": [4.25, 6.25, 4.5, 6.5], "texture": "#2"},
				"east": {"uv": [4, 6.25, 4.25, 6.5], "texture": "#2"},
				"south": {"uv": [4.75, 6.25, 5, 6.5], "texture": "#2"},
				"west": {"uv": [4.5, 6.25, 4.75, 6.5], "texture": "#2"},
				"up": {"uv": [4.5, 6.25, 4.25, 6], "texture": "#2"},
				"down": {"uv": [4.75, 6, 4.5, 6.25], "texture": "#2"}
			}
		},
		{
			"from": [-2, 18, 8],
			"to": [-1, 19, 9],
			"faces": {
				"north": {"uv": [6.25, 2.75, 6.5, 3], "texture": "#2"},
				"east": {"uv": [6, 2.75, 6.25, 3], "texture": "#2"},
				"south": {"uv": [6.75, 2.75, 7, 3], "texture": "#2"},
				"west": {"uv": [6.5, 2.75, 6.75, 3], "texture": "#2"},
				"up": {"uv": [6.5, 2.75, 6.25, 2.5], "texture": "#2"},
				"down": {"uv": [6.75, 2.5, 6.5, 2.75], "texture": "#2"}
			}
		},
		{
			"from": [-2, 19, 8],
			"to": [-1, 20, 9],
			"faces": {
				"north": {"uv": [2.75, 6.25, 3, 6.5], "texture": "#2"},
				"east": {"uv": [2.5, 6.25, 2.75, 6.5], "texture": "#2"},
				"south": {"uv": [3.25, 6.25, 3.5, 6.5], "texture": "#2"},
				"west": {"uv": [3, 6.25, 3.25, 6.5], "texture": "#2"},
				"up": {"uv": [3, 6.25, 2.75, 6], "texture": "#2"},
				"down": {"uv": [3.25, 6, 3, 6.25], "texture": "#2"}
			}
		},
		{
			"from": [-3, 19, 8],
			"to": [-2, 20, 9],
			"faces": {
				"north": {"uv": [6.25, 2.25, 6.5, 2.5], "texture": "#2"},
				"east": {"uv": [6, 2.25, 6.25, 2.5], "texture": "#2"},
				"south": {"uv": [6.75, 2.25, 7, 2.5], "texture": "#2"},
				"west": {"uv": [6.5, 2.25, 6.75, 2.5], "texture": "#2"},
				"up": {"uv": [6.5, 2.25, 6.25, 2], "texture": "#2"},
				"down": {"uv": [6.75, 2, 6.5, 2.25], "texture": "#2"}
			}
		},
		{
			"from": [-3, 20, 8],
			"to": [-2, 21, 9],
			"faces": {
				"north": {"uv": [6.25, 1.5, 6.5, 1.75], "texture": "#2"},
				"east": {"uv": [6, 1.5, 6.25, 1.75], "texture": "#2"},
				"south": {"uv": [6.75, 1.5, 7, 1.75], "texture": "#2"},
				"west": {"uv": [6.5, 1.5, 6.75, 1.75], "texture": "#2"},
				"up": {"uv": [6.5, 1.5, 6.25, 1.25], "texture": "#2"},
				"down": {"uv": [6.75, 1.25, 6.5, 1.5], "texture": "#2"}
			}
		},
		{
			"from": [-4, 20, 8],
			"to": [-3, 21, 9],
			"faces": {
				"north": {"uv": [6.25, 0.75, 6.5, 1], "texture": "#2"},
				"east": {"uv": [6, 0.75, 6.25, 1], "texture": "#2"},
				"south": {"uv": [6.75, 0.75, 7, 1], "texture": "#2"},
				"west": {"uv": [6.5, 0.75, 6.75, 1], "texture": "#2"},
				"up": {"uv": [6.5, 0.75, 6.25, 0.5], "texture": "#2"},
				"down": {"uv": [6.75, 0.5, 6.5, 0.75], "texture": "#2"}
			}
		},
		{
			"from": [-5, 21, 8],
			"to": [-4, 22, 9],
			"faces": {
				"north": {"uv": [6.25, 0.25, 6.5, 0.5], "texture": "#2"},
				"east": {"uv": [6, 0.25, 6.25, 0.5], "texture": "#2"},
				"south": {"uv": [6.75, 0.25, 7, 0.5], "texture": "#2"},
				"west": {"uv": [6.5, 0.25, 6.75, 0.5], "texture": "#2"},
				"up": {"uv": [6.5, 0.25, 6.25, 0], "texture": "#2"},
				"down": {"uv": [6.75, 0, 6.5, 0.25], "texture": "#2"}
			}
		},
		{
			"from": [-5, 22, 8],
			"to": [-4, 23, 9],
			"faces": {
				"north": {"uv": [0.25, 6.25, 0.5, 6.5], "texture": "#2"},
				"east": {"uv": [0, 6.25, 0.25, 6.5], "texture": "#2"},
				"south": {"uv": [0.75, 6.25, 1, 6.5], "texture": "#2"},
				"west": {"uv": [0.5, 6.25, 0.75, 6.5], "texture": "#2"},
				"up": {"uv": [0.5, 6.25, 0.25, 6], "texture": "#2"},
				"down": {"uv": [0.75, 6, 0.5, 6.25], "texture": "#2"}
			}
		},
		{
			"from": [-6, 22, 8],
			"to": [-5, 23, 9],
			"faces": {
				"north": {"uv": [5, 6, 5.25, 6.25], "texture": "#2"},
				"east": {"uv": [4.75, 6, 5, 6.25], "texture": "#2"},
				"south": {"uv": [5.5, 6, 5.75, 6.25], "texture": "#2"},
				"west": {"uv": [5.25, 6, 5.5, 6.25], "texture": "#2"},
				"up": {"uv": [5.25, 6, 5, 5.75], "texture": "#2"},
				"down": {"uv": [5.5, 5.75, 5.25, 6], "texture": "#2"}
			}
		},
		{
			"from": [-7, 23, 8],
			"to": [-6, 24, 9],
			"faces": {
				"north": {"uv": [3.5, 6, 3.75, 6.25], "texture": "#2"},
				"east": {"uv": [3.25, 6, 3.5, 6.25], "texture": "#2"},
				"south": {"uv": [4, 6, 4.25, 6.25], "texture": "#2"},
				"west": {"uv": [3.75, 6, 4, 6.25], "texture": "#2"},
				"up": {"uv": [3.75, 6, 3.5, 5.75], "texture": "#2"},
				"down": {"uv": [4, 5.75, 3.75, 6], "texture": "#2"}
			}
		},
		{
			"from": [-7, 24, 8],
			"to": [-6, 25, 9],
			"faces": {
				"north": {"uv": [2, 6, 2.25, 6.25], "texture": "#2"},
				"east": {"uv": [1.75, 6, 2, 6.25], "texture": "#2"},
				"south": {"uv": [2.5, 6, 2.75, 6.25], "texture": "#2"},
				"west": {"uv": [2.25, 6, 2.5, 6.25], "texture": "#2"},
				"up": {"uv": [2.25, 6, 2, 5.75], "texture": "#2"},
				"down": {"uv": [2.5, 5.75, 2.25, 6], "texture": "#2"}
			}
		},
		{
			"from": [-6, 24, 8],
			"to": [-5, 25, 9],
			"faces": {
				"north": {"uv": [1, 6, 1.25, 6.25], "texture": "#2"},
				"east": {"uv": [0.75, 6, 1, 6.25], "texture": "#2"},
				"south": {"uv": [1.5, 6, 1.75, 6.25], "texture": "#2"},
				"west": {"uv": [1.25, 6, 1.5, 6.25], "texture": "#2"},
				"up": {"uv": [1.25, 6, 1, 5.75], "texture": "#2"},
				"down": {"uv": [1.5, 5.75, 1.25, 6], "texture": "#2"}
			}
		},
		{
			"from": [-5, 24, 8],
			"to": [-4, 25, 9],
			"faces": {
				"north": {"uv": [5.75, 5.75, 6, 6], "texture": "#2"},
				"east": {"uv": [5.5, 5.75, 5.75, 6], "texture": "#2"},
				"south": {"uv": [6.25, 5.75, 6.5, 6], "texture": "#2"},
				"west": {"uv": [6, 5.75, 6.25, 6], "texture": "#2"},
				"up": {"uv": [6, 5.75, 5.75, 5.5], "texture": "#2"},
				"down": {"uv": [6.25, 5.5, 6, 5.75], "texture": "#2"}
			}
		},
		{
			"from": [-5, 23, 8],
			"to": [-4, 24, 9],
			"faces": {
				"north": {"uv": [5.75, 5.25, 6, 5.5], "texture": "#2"},
				"east": {"uv": [5.5, 5.25, 5.75, 5.5], "texture": "#2"},
				"south": {"uv": [6.25, 5.25, 6.5, 5.5], "texture": "#2"},
				"west": {"uv": [6, 5.25, 6.25, 5.5], "texture": "#2"},
				"up": {"uv": [6, 5.25, 5.75, 5], "texture": "#2"},
				"down": {"uv": [6.25, 5, 6, 5.25], "texture": "#2"}
			}
		},
		{
			"from": [-6, 23, 8],
			"to": [-5, 24, 9],
			"faces": {
				"north": {"uv": [5.75, 4.75, 6, 5], "texture": "#2"},
				"east": {"uv": [5.5, 4.75, 5.75, 5], "texture": "#2"},
				"south": {"uv": [6.25, 4.75, 6.5, 5], "texture": "#2"},
				"west": {"uv": [6, 4.75, 6.25, 5], "texture": "#2"},
				"up": {"uv": [6, 4.75, 5.75, 4.5], "texture": "#2"},
				"down": {"uv": [6.25, 4.5, 6, 4.75], "texture": "#2"}
			}
		},
		{
			"from": [-4, 21, 8],
			"to": [-3, 22, 9],
			"faces": {
				"north": {"uv": [5.75, 4.25, 6, 4.5], "texture": "#2"},
				"east": {"uv": [5.5, 4.25, 5.75, 4.5], "texture": "#2"},
				"south": {"uv": [6.25, 4.25, 6.5, 4.5], "texture": "#2"},
				"west": {"uv": [6, 4.25, 6.25, 4.5], "texture": "#2"},
				"up": {"uv": [6, 4.25, 5.75, 4], "texture": "#2"},
				"down": {"uv": [6.25, 4, 6, 4.25], "texture": "#2"}
			}
		},
		{
			"from": [-3, 22, 8],
			"to": [-2, 23, 9],
			"faces": {
				"north": {"uv": [4.25, 5.75, 4.5, 6], "texture": "#2"},
				"east": {"uv": [4, 5.75, 4.25, 6], "texture": "#2"},
				"south": {"uv": [4.75, 5.75, 5, 6], "texture": "#2"},
				"west": {"uv": [4.5, 5.75, 4.75, 6], "texture": "#2"},
				"up": {"uv": [4.5, 5.75, 4.25, 5.5], "texture": "#2"},
				"down": {"uv": [4.75, 5.5, 4.5, 5.75], "texture": "#2"}
			}
		},
		{
			"from": [-4, 22, 8],
			"to": [-3, 23, 9],
			"faces": {
				"north": {"uv": [5.75, 3.75, 6, 4], "texture": "#2"},
				"east": {"uv": [5.5, 3.75, 5.75, 4], "texture": "#2"},
				"south": {"uv": [6.25, 3.75, 6.5, 4], "texture": "#2"},
				"west": {"uv": [6, 3.75, 6.25, 4], "texture": "#2"},
				"up": {"uv": [6, 3.75, 5.75, 3.5], "texture": "#2"},
				"down": {"uv": [6.25, 3.5, 6, 3.75], "texture": "#2"}
			}
		},
		{
			"from": [-3, 21, 8],
			"to": [-2, 22, 9],
			"faces": {
				"north": {"uv": [5.75, 3.25, 6, 3.5], "texture": "#2"},
				"east": {"uv": [5.5, 3.25, 5.75, 3.5], "texture": "#2"},
				"south": {"uv": [6.25, 3.25, 6.5, 3.5], "texture": "#2"},
				"west": {"uv": [6, 3.25, 6.25, 3.5], "texture": "#2"},
				"up": {"uv": [6, 3.25, 5.75, 3], "texture": "#2"},
				"down": {"uv": [6.25, 3, 6, 3.25], "texture": "#2"}
			}
		},
		{
			"from": [-4, 23, 8],
			"to": [-3, 24, 9],
			"faces": {
				"north": {"uv": [2.75, 5.75, 3, 6], "texture": "#2"},
				"east": {"uv": [2.5, 5.75, 2.75, 6], "texture": "#2"},
				"south": {"uv": [3.25, 5.75, 3.5, 6], "texture": "#2"},
				"west": {"uv": [3, 5.75, 3.25, 6], "texture": "#2"},
				"up": {"uv": [3, 5.75, 2.75, 5.5], "texture": "#2"},
				"down": {"uv": [3.25, 5.5, 3, 5.75], "texture": "#2"}
			}
		},
		{
			"from": [-3, 24, 8],
			"to": [-2, 25, 9],
			"faces": {
				"north": {"uv": [0.25, 5.75, 0.5, 6], "texture": "#2"},
				"east": {"uv": [0, 5.75, 0.25, 6], "texture": "#2"},
				"south": {"uv": [0.75, 5.75, 1, 6], "texture": "#2"},
				"west": {"uv": [0.5, 5.75, 0.75, 6], "texture": "#2"},
				"up": {"uv": [0.5, 5.75, 0.25, 5.5], "texture": "#2"},
				"down": {"uv": [0.75, 5.5, 0.5, 5.75], "texture": "#2"}
			}
		},
		{
			"from": [-4, 24, 8],
			"to": [-3, 25, 9],
			"faces": {
				"north": {"uv": [5, 5.5, 5.25, 5.75], "texture": "#2"},
				"east": {"uv": [4.75, 5.5, 5, 5.75], "texture": "#2"},
				"south": {"uv": [5.5, 5.5, 5.75, 5.75], "texture": "#2"},
				"west": {"uv": [5.25, 5.5, 5.5, 5.75], "texture": "#2"},
				"up": {"uv": [5.25, 5.5, 5, 5.25], "texture": "#2"},
				"down": {"uv": [5.5, 5.25, 5.25, 5.5], "texture": "#2"}
			}
		},
		{
			"from": [-3, 23, 8],
			"to": [-2, 24, 9],
			"faces": {
				"north": {"uv": [3.5, 5.5, 3.75, 5.75], "texture": "#2"},
				"east": {"uv": [3.25, 5.5, 3.5, 5.75], "texture": "#2"},
				"south": {"uv": [4, 5.5, 4.25, 5.75], "texture": "#2"},
				"west": {"uv": [3.75, 5.5, 4, 5.75], "texture": "#2"},
				"up": {"uv": [3.75, 5.5, 3.5, 5.25], "texture": "#2"},
				"down": {"uv": [4, 5.25, 3.75, 5.5], "texture": "#2"}
			}
		},
		{
			"from": [-2, 23, 8],
			"to": [-1, 24, 9],
			"faces": {
				"north": {"uv": [5.5, 2.5, 5.75, 2.75], "texture": "#2"},
				"east": {"uv": [5.25, 2.5, 5.5, 2.75], "texture": "#2"},
				"south": {"uv": [6, 2.5, 6.25, 2.75], "texture": "#2"},
				"west": {"uv": [5.75, 2.5, 6, 2.75], "texture": "#2"},
				"up": {"uv": [5.75, 2.5, 5.5, 2.25], "texture": "#2"},
				"down": {"uv": [6, 2.25, 5.75, 2.5], "texture": "#2"}
			}
		},
		{
			"from": [-1, 24, 8],
			"to": [0, 25, 9],
			"faces": {
				"north": {"uv": [5.5, 2, 5.75, 2.25], "texture": "#2"},
				"east": {"uv": [5.25, 2, 5.5, 2.25], "texture": "#2"},
				"south": {"uv": [6, 2, 6.25, 2.25], "texture": "#2"},
				"west": {"uv": [5.75, 2, 6, 2.25], "texture": "#2"},
				"up": {"uv": [5.75, 2, 5.5, 1.75], "texture": "#2"},
				"down": {"uv": [6, 1.75, 5.75, 2], "texture": "#2"}
			}
		},
		{
			"from": [-2, 24, 8],
			"to": [-1, 25, 9],
			"faces": {
				"north": {"uv": [2, 5.5, 2.25, 5.75], "texture": "#2"},
				"east": {"uv": [1.75, 5.5, 2, 5.75], "texture": "#2"},
				"south": {"uv": [2.5, 5.5, 2.75, 5.75], "texture": "#2"},
				"west": {"uv": [2.25, 5.5, 2.5, 5.75], "texture": "#2"},
				"up": {"uv": [2.25, 5.5, 2, 5.25], "texture": "#2"},
				"down": {"uv": [2.5, 5.25, 2.25, 5.5], "texture": "#2"}
			}
		},
		{
			"from": [-1, 23, 8],
			"to": [0, 24, 9],
			"faces": {
				"north": {"uv": [5.5, 1.25, 5.75, 1.5], "texture": "#2"},
				"east": {"uv": [5.25, 1.25, 5.5, 1.5], "texture": "#2"},
				"south": {"uv": [6, 1.25, 6.25, 1.5], "texture": "#2"},
				"west": {"uv": [5.75, 1.25, 6, 1.5], "texture": "#2"},
				"up": {"uv": [5.75, 1.25, 5.5, 1], "texture": "#2"},
				"down": {"uv": [6, 1, 5.75, 1.25], "texture": "#2"}
			}
		},
		{
			"from": [0, 23, 8],
			"to": [1, 24, 9],
			"faces": {
				"north": {"uv": [1, 5.5, 1.25, 5.75], "texture": "#2"},
				"east": {"uv": [0.75, 5.5, 1, 5.75], "texture": "#2"},
				"south": {"uv": [1.5, 5.5, 1.75, 5.75], "texture": "#2"},
				"west": {"uv": [1.25, 5.5, 1.5, 5.75], "texture": "#2"},
				"up": {"uv": [1.25, 5.5, 1, 5.25], "texture": "#2"},
				"down": {"uv": [1.5, 5.25, 1.25, 5.5], "texture": "#2"}
			}
		},
		{
			"from": [1, 23, 8],
			"to": [2, 24, 9],
			"faces": {
				"north": {"uv": [5.5, 0.5, 5.75, 0.75], "texture": "#2"},
				"east": {"uv": [5.25, 0.5, 5.5, 0.75], "texture": "#2"},
				"south": {"uv": [6, 0.5, 6.25, 0.75], "texture": "#2"},
				"west": {"uv": [5.75, 0.5, 6, 0.75], "texture": "#2"},
				"up": {"uv": [5.75, 0.5, 5.5, 0.25], "texture": "#2"},
				"down": {"uv": [6, 0.25, 5.75, 0.5], "texture": "#2"}
			}
		},
		{
			"from": [1, 24, 8],
			"to": [2, 25, 9],
			"faces": {
				"north": {"uv": [4.25, 5.25, 4.5, 5.5], "texture": "#2"},
				"east": {"uv": [4, 5.25, 4.25, 5.5], "texture": "#2"},
				"south": {"uv": [4.75, 5.25, 5, 5.5], "texture": "#2"},
				"west": {"uv": [4.5, 5.25, 4.75, 5.5], "texture": "#2"},
				"up": {"uv": [4.5, 5.25, 4.25, 5], "texture": "#2"},
				"down": {"uv": [4.75, 5, 4.5, 5.25], "texture": "#2"}
			}
		},
		{
			"from": [0, 24, 8],
			"to": [1, 25, 9],
			"faces": {
				"north": {"uv": [2.75, 5.25, 3, 5.5], "texture": "#2"},
				"east": {"uv": [2.5, 5.25, 2.75, 5.5], "texture": "#2"},
				"south": {"uv": [3.25, 5.25, 3.5, 5.5], "texture": "#2"},
				"west": {"uv": [3, 5.25, 3.25, 5.5], "texture": "#2"},
				"up": {"uv": [3, 5.25, 2.75, 5], "texture": "#2"},
				"down": {"uv": [3.25, 5, 3, 5.25], "texture": "#2"}
			}
		},
		{
			"from": [0, 25, 8],
			"to": [1, 26, 9],
			"faces": {
				"north": {"uv": [0.25, 5.25, 0.5, 5.5], "texture": "#2"},
				"east": {"uv": [0, 5.25, 0.25, 5.5], "texture": "#2"},
				"south": {"uv": [0.75, 5.25, 1, 5.5], "texture": "#2"},
				"west": {"uv": [0.5, 5.25, 0.75, 5.5], "texture": "#2"},
				"up": {"uv": [0.5, 5.25, 0.25, 5], "texture": "#2"},
				"down": {"uv": [0.75, 5, 0.5, 5.25], "texture": "#2"}
			}
		},
		{
			"from": [1, 25, 8],
			"to": [2, 26, 9],
			"faces": {
				"north": {"uv": [5, 5, 5.25, 5.25], "texture": "#2"},
				"east": {"uv": [4.75, 5, 5, 5.25], "texture": "#2"},
				"south": {"uv": [5.5, 5, 5.75, 5.25], "texture": "#2"},
				"west": {"uv": [5.25, 5, 5.5, 5.25], "texture": "#2"},
				"up": {"uv": [5.25, 5, 5, 4.75], "texture": "#2"},
				"down": {"uv": [5.5, 4.75, 5.25, 5], "texture": "#2"}
			}
		},
		{
			"from": [1, 26, 8],
			"to": [2, 27, 9],
			"faces": {
				"north": {"uv": [5, 4.5, 5.25, 4.75], "texture": "#2"},
				"east": {"uv": [4.75, 4.5, 5, 4.75], "texture": "#2"},
				"south": {"uv": [5.5, 4.5, 5.75, 4.75], "texture": "#2"},
				"west": {"uv": [5.25, 4.5, 5.5, 4.75], "texture": "#2"},
				"up": {"uv": [5.25, 4.5, 5, 4.25], "texture": "#2"},
				"down": {"uv": [5.5, 4.25, 5.25, 4.5], "texture": "#2"}
			}
		},
		{
			"from": [0, 26, 8],
			"to": [1, 27, 9],
			"faces": {
				"north": {"uv": [5, 4, 5.25, 4.25], "texture": "#2"},
				"east": {"uv": [4.75, 4, 5, 4.25], "texture": "#2"},
				"south": {"uv": [5.5, 4, 5.75, 4.25], "texture": "#2"},
				"west": {"uv": [5.25, 4, 5.5, 4.25], "texture": "#2"},
				"up": {"uv": [5.25, 4, 5, 3.75], "texture": "#2"},
				"down": {"uv": [5.5, 3.75, 5.25, 4], "texture": "#2"}
			}
		},
		{
			"from": [-8, 25, 8],
			"to": [-7, 26, 9],
			"faces": {
				"north": {"uv": [5, 3.5, 5.25, 3.75], "texture": "#2"},
				"east": {"uv": [4.75, 3.5, 5, 3.75], "texture": "#2"},
				"south": {"uv": [5.5, 3.5, 5.75, 3.75], "texture": "#2"},
				"west": {"uv": [5.25, 3.5, 5.5, 3.75], "texture": "#2"},
				"up": {"uv": [5.25, 3.5, 5, 3.25], "texture": "#2"},
				"down": {"uv": [5.5, 3.25, 5.25, 3.5], "texture": "#2"}
			}
		},
		{
			"from": [-7, 25, 8],
			"to": [-6, 26, 9],
			"faces": {
				"north": {"uv": [3.5, 5, 3.75, 5.25], "texture": "#2"},
				"east": {"uv": [3.25, 5, 3.5, 5.25], "texture": "#2"},
				"south": {"uv": [4, 5, 4.25, 5.25], "texture": "#2"},
				"west": {"uv": [3.75, 5, 4, 5.25], "texture": "#2"},
				"up": {"uv": [3.75, 5, 3.5, 4.75], "texture": "#2"},
				"down": {"uv": [4, 4.75, 3.75, 5], "texture": "#2"}
			}
		},
		{
			"from": [-6, 25, 8],
			"to": [-5, 26, 9],
			"faces": {
				"north": {"uv": [5, 3, 5.25, 3.25], "texture": "#2"},
				"east": {"uv": [4.75, 3, 5, 3.25], "texture": "#2"},
				"south": {"uv": [5.5, 3, 5.75, 3.25], "texture": "#2"},
				"west": {"uv": [5.25, 3, 5.5, 3.25], "texture": "#2"},
				"up": {"uv": [5.25, 3, 5, 2.75], "texture": "#2"},
				"down": {"uv": [5.5, 2.75, 5.25, 3], "texture": "#2"}
			}
		},
		{
			"from": [-5, 25, 8],
			"to": [-4, 26, 9],
			"faces": {
				"north": {"uv": [2, 5, 2.25, 5.25], "texture": "#2"},
				"east": {"uv": [1.75, 5, 2, 5.25], "texture": "#2"},
				"south": {"uv": [2.5, 5, 2.75, 5.25], "texture": "#2"},
				"west": {"uv": [2.25, 5, 2.5, 5.25], "texture": "#2"},
				"up": {"uv": [2.25, 5, 2, 4.75], "texture": "#2"},
				"down": {"uv": [2.5, 4.75, 2.25, 5], "texture": "#2"}
			}
		},
		{
			"from": [-4, 25, 8],
			"to": [-3, 26, 9],
			"faces": {
				"north": {"uv": [1, 5, 1.25, 5.25], "texture": "#2"},
				"east": {"uv": [0.75, 5, 1, 5.25], "texture": "#2"},
				"south": {"uv": [1.5, 5, 1.75, 5.25], "texture": "#2"},
				"west": {"uv": [1.25, 5, 1.5, 5.25], "texture": "#2"},
				"up": {"uv": [1.25, 5, 1, 4.75], "texture": "#2"},
				"down": {"uv": [1.5, 4.75, 1.25, 5], "texture": "#2"}
			}
		},
		{
			"from": [-3, 25, 8],
			"to": [-2, 26, 9],
			"faces": {
				"north": {"uv": [4.25, 4.75, 4.5, 5], "texture": "#2"},
				"east": {"uv": [4, 4.75, 4.25, 5], "texture": "#2"},
				"south": {"uv": [4.75, 4.75, 5, 5], "texture": "#2"},
				"west": {"uv": [4.5, 4.75, 4.75, 5], "texture": "#2"},
				"up": {"uv": [4.5, 4.75, 4.25, 4.5], "texture": "#2"},
				"down": {"uv": [4.75, 4.5, 4.5, 4.75], "texture": "#2"}
			}
		},
		{
			"from": [-2, 25, 8],
			"to": [-1, 26, 9],
			"faces": {
				"north": {"uv": [2.75, 4.75, 3, 5], "texture": "#2"},
				"east": {"uv": [2.5, 4.75, 2.75, 5], "texture": "#2"},
				"south": {"uv": [3.25, 4.75, 3.5, 5], "texture": "#2"},
				"west": {"uv": [3, 4.75, 3.25, 5], "texture": "#2"},
				"up": {"uv": [3, 4.75, 2.75, 4.5], "texture": "#2"},
				"down": {"uv": [3.25, 4.5, 3, 4.75], "texture": "#2"}
			}
		},
		{
			"from": [-1, 25, 8],
			"to": [0, 26, 9],
			"faces": {
				"north": {"uv": [4.75, 2.25, 5, 2.5], "texture": "#2"},
				"east": {"uv": [4.5, 2.25, 4.75, 2.5], "texture": "#2"},
				"south": {"uv": [5.25, 2.25, 5.5, 2.5], "texture": "#2"},
				"west": {"uv": [5, 2.25, 5.25, 2.5], "texture": "#2"},
				"up": {"uv": [5, 2.25, 4.75, 2], "texture": "#2"},
				"down": {"uv": [5.25, 2, 5, 2.25], "texture": "#2"}
			}
		},
		{
			"from": [-1, 26, 8],
			"to": [0, 27, 9],
			"faces": {
				"north": {"uv": [4.75, 1.75, 5, 2], "texture": "#2"},
				"east": {"uv": [4.5, 1.75, 4.75, 2], "texture": "#2"},
				"south": {"uv": [5.25, 1.75, 5.5, 2], "texture": "#2"},
				"west": {"uv": [5, 1.75, 5.25, 2], "texture": "#2"},
				"up": {"uv": [5, 1.75, 4.75, 1.5], "texture": "#2"},
				"down": {"uv": [5.25, 1.5, 5, 1.75], "texture": "#2"}
			}
		},
		{
			"from": [-1, 27, 8],
			"to": [0, 28, 9],
			"faces": {
				"north": {"uv": [4.75, 1, 5, 1.25], "texture": "#2"},
				"east": {"uv": [4.5, 1, 4.75, 1.25], "texture": "#2"},
				"south": {"uv": [5.25, 1, 5.5, 1.25], "texture": "#2"},
				"west": {"uv": [5, 1, 5.25, 1.25], "texture": "#2"},
				"up": {"uv": [5, 1, 4.75, 0.75], "texture": "#2"},
				"down": {"uv": [5.25, 0.75, 5, 1], "texture": "#2"}
			}
		},
		{
			"from": [-6, 26, 8],
			"to": [-5, 27, 9],
			"faces": {
				"north": {"uv": [4.75, 0.25, 5, 0.5], "texture": "#2"},
				"east": {"uv": [4.5, 0.25, 4.75, 0.5], "texture": "#2"},
				"south": {"uv": [5.25, 0.25, 5.5, 0.5], "texture": "#2"},
				"west": {"uv": [5, 0.25, 5.25, 0.5], "texture": "#2"},
				"up": {"uv": [5, 0.25, 4.75, 0], "texture": "#2"},
				"down": {"uv": [5.25, 0, 5, 0.25], "texture": "#2"}
			}
		},
		{
			"from": [-7, 26, 8],
			"to": [-6, 27, 9],
			"faces": {
				"north": {"uv": [0.25, 4.75, 0.5, 5], "texture": "#2"},
				"east": {"uv": [0, 4.75, 0.25, 5], "texture": "#2"},
				"south": {"uv": [0.75, 4.75, 1, 5], "texture": "#2"},
				"west": {"uv": [0.5, 4.75, 0.75, 5], "texture": "#2"},
				"up": {"uv": [0.5, 4.75, 0.25, 4.5], "texture": "#2"},
				"down": {"uv": [0.75, 4.5, 0.5, 4.75], "texture": "#2"}
			}
		},
		{
			"from": [-7, 27, 8],
			"to": [-6, 28, 9],
			"faces": {
				"north": {"uv": [3.5, 4.5, 3.75, 4.75], "texture": "#2"},
				"east": {"uv": [3.25, 4.5, 3.5, 4.75], "texture": "#2"},
				"south": {"uv": [4, 4.5, 4.25, 4.75], "texture": "#2"},
				"west": {"uv": [3.75, 4.5, 4, 4.75], "texture": "#2"},
				"up": {"uv": [3.75, 4.5, 3.5, 4.25], "texture": "#2"},
				"down": {"uv": [4, 4.25, 3.75, 4.5], "texture": "#2"}
			}
		},
		{
			"from": [-7, 28, 8],
			"to": [-6, 29, 9],
			"faces": {
				"north": {"uv": [2, 4.5, 2.25, 4.75], "texture": "#2"},
				"east": {"uv": [1.75, 4.5, 2, 4.75], "texture": "#2"},
				"south": {"uv": [2.5, 4.5, 2.75, 4.75], "texture": "#2"},
				"west": {"uv": [2.25, 4.5, 2.5, 4.75], "texture": "#2"},
				"up": {"uv": [2.25, 4.5, 2, 4.25], "texture": "#2"},
				"down": {"uv": [2.5, 4.25, 2.25, 4.5], "texture": "#2"}
			}
		},
		{
			"from": [-8, 26, 8],
			"to": [-7, 27, 9],
			"faces": {
				"north": {"uv": [1, 4.5, 1.25, 4.75], "texture": "#2"},
				"east": {"uv": [0.75, 4.5, 1, 4.75], "texture": "#2"},
				"south": {"uv": [1.5, 4.5, 1.75, 4.75], "texture": "#2"},
				"west": {"uv": [1.25, 4.5, 1.5, 4.75], "texture": "#2"},
				"up": {"uv": [1.25, 4.5, 1, 4.25], "texture": "#2"},
				"down": {"uv": [1.5, 4.25, 1.25, 4.5], "texture": "#2"}
			}
		},
		{
			"from": [-8, 27, 8],
			"to": [-7, 28, 9],
			"faces": {
				"north": {"uv": [4.25, 4.25, 4.5, 4.5], "texture": "#2"},
				"east": {"uv": [4, 4.25, 4.25, 4.5], "texture": "#2"},
				"south": {"uv": [4.75, 4.25, 5, 4.5], "texture": "#2"},
				"west": {"uv": [4.5, 4.25, 4.75, 4.5], "texture": "#2"},
				"up": {"uv": [4.5, 4.25, 4.25, 4], "texture": "#2"},
				"down": {"uv": [4.75, 4, 4.5, 4.25], "texture": "#2"}
			}
		},
		{
			"from": [-8, 28, 8],
			"to": [-7, 29, 9],
			"faces": {
				"north": {"uv": [4.25, 3.75, 4.5, 4], "texture": "#2"},
				"east": {"uv": [4, 3.75, 4.25, 4], "texture": "#2"},
				"south": {"uv": [4.75, 3.75, 5, 4], "texture": "#2"},
				"west": {"uv": [4.5, 3.75, 4.75, 4], "texture": "#2"},
				"up": {"uv": [4.5, 3.75, 4.25, 3.5], "texture": "#2"},
				"down": {"uv": [4.75, 3.5, 4.5, 3.75], "texture": "#2"}
			}
		},
		{
			"from": [-8, 29, 8],
			"to": [-7, 30, 9],
			"faces": {
				"north": {"uv": [4.25, 3.25, 4.5, 3.5], "texture": "#2"},
				"east": {"uv": [4, 3.25, 4.25, 3.5], "texture": "#2"},
				"south": {"uv": [4.75, 3.25, 5, 3.5], "texture": "#2"},
				"west": {"uv": [4.5, 3.25, 4.75, 3.5], "texture": "#2"},
				"up": {"uv": [4.5, 3.25, 4.25, 3], "texture": "#2"},
				"down": {"uv": [4.75, 3, 4.5, 3.25], "texture": "#2"}
			}
		},
		{
			"from": [-8, 30, 8],
			"to": [-7, 31, 9],
			"faces": {
				"north": {"uv": [4.25, 2.75, 4.5, 3], "texture": "#2"},
				"east": {"uv": [4, 2.75, 4.25, 3], "texture": "#2"},
				"south": {"uv": [4.75, 2.75, 5, 3], "texture": "#2"},
				"west": {"uv": [4.5, 2.75, 4.75, 3], "texture": "#2"},
				"up": {"uv": [4.5, 2.75, 4.25, 2.5], "texture": "#2"},
				"down": {"uv": [4.75, 2.5, 4.5, 2.75], "texture": "#2"}
			}
		},
		{
			"from": [-8, 24, 8],
			"to": [-7, 25, 9],
			"faces": {
				"north": {"uv": [2.75, 4.25, 3, 4.5], "texture": "#2"},
				"east": {"uv": [2.5, 4.25, 2.75, 4.5], "texture": "#2"},
				"south": {"uv": [3.25, 4.25, 3.5, 4.5], "texture": "#2"},
				"west": {"uv": [3, 4.25, 3.25, 4.5], "texture": "#2"},
				"up": {"uv": [3, 4.25, 2.75, 4], "texture": "#2"},
				"down": {"uv": [3.25, 4, 3, 4.25], "texture": "#2"}
			}
		},
		{
			"from": [3, 18, 8],
			"to": [4, 19, 9],
			"faces": {
				"north": {"uv": [0.25, 4.25, 0.5, 4.5], "texture": "#2"},
				"east": {"uv": [0, 4.25, 0.25, 4.5], "texture": "#2"},
				"south": {"uv": [0.75, 4.25, 1, 4.5], "texture": "#2"},
				"west": {"uv": [0.5, 4.25, 0.75, 4.5], "texture": "#2"},
				"up": {"uv": [0.5, 4.25, 0.25, 4], "texture": "#2"},
				"down": {"uv": [0.75, 4, 0.5, 4.25], "texture": "#2"}
			}
		},
		{
			"from": [3, 19, 8],
			"to": [4, 20, 9],
			"faces": {
				"north": {"uv": [3.5, 4, 3.75, 4.25], "texture": "#2"},
				"east": {"uv": [3.25, 4, 3.5, 4.25], "texture": "#2"},
				"south": {"uv": [4, 4, 4.25, 4.25], "texture": "#2"},
				"west": {"uv": [3.75, 4, 4, 4.25], "texture": "#2"},
				"up": {"uv": [3.75, 4, 3.5, 3.75], "texture": "#2"},
				"down": {"uv": [4, 3.75, 3.75, 4], "texture": "#2"}
			}
		},
		{
			"from": [2, 20, 8],
			"to": [3, 21, 9],
			"faces": {
				"north": {"uv": [4, 2, 4.25, 2.25], "texture": "#2"},
				"east": {"uv": [3.75, 2, 4, 2.25], "texture": "#2"},
				"south": {"uv": [4.5, 2, 4.75, 2.25], "texture": "#2"},
				"west": {"uv": [4.25, 2, 4.5, 2.25], "texture": "#2"},
				"up": {"uv": [4.25, 2, 4, 1.75], "texture": "#2"},
				"down": {"uv": [4.5, 1.75, 4.25, 2], "texture": "#2"}
			}
		},
		{
			"from": [2, 21, 8],
			"to": [3, 22, 9],
			"faces": {
				"north": {"uv": [2, 4, 2.25, 4.25], "texture": "#2"},
				"east": {"uv": [1.75, 4, 2, 4.25], "texture": "#2"},
				"south": {"uv": [2.5, 4, 2.75, 4.25], "texture": "#2"},
				"west": {"uv": [2.25, 4, 2.5, 4.25], "texture": "#2"},
				"up": {"uv": [2.25, 4, 2, 3.75], "texture": "#2"},
				"down": {"uv": [2.5, 3.75, 2.25, 4], "texture": "#2"}
			}
		},
		{
			"from": [4, 17, 8],
			"to": [5, 18, 9],
			"faces": {
				"north": {"uv": [4, 1.5, 4.25, 1.75], "texture": "#2"},
				"east": {"uv": [3.75, 1.5, 4, 1.75], "texture": "#2"},
				"south": {"uv": [4.5, 1.5, 4.75, 1.75], "texture": "#2"},
				"west": {"uv": [4.25, 1.5, 4.5, 1.75], "texture": "#2"},
				"up": {"uv": [4.25, 1.5, 4, 1.25], "texture": "#2"},
				"down": {"uv": [4.5, 1.25, 4.25, 1.5], "texture": "#2"}
			}
		},
		{
			"from": [4, 16, 8],
			"to": [5, 17, 9],
			"faces": {
				"north": {"uv": [1, 4, 1.25, 4.25], "texture": "#2"},
				"east": {"uv": [0.75, 4, 1, 4.25], "texture": "#2"},
				"south": {"uv": [1.5, 4, 1.75, 4.25], "texture": "#2"},
				"west": {"uv": [1.25, 4, 1.5, 4.25], "texture": "#2"},
				"up": {"uv": [1.25, 4, 1, 3.75], "texture": "#2"},
				"down": {"uv": [1.5, 3.75, 1.25, 4], "texture": "#2"}
			}
		},
		{
			"from": [5, 15, 8],
			"to": [6, 16, 9],
			"faces": {
				"north": {"uv": [4, 0.75, 4.25, 1], "texture": "#2"},
				"east": {"uv": [3.75, 0.75, 4, 1], "texture": "#2"},
				"south": {"uv": [4.5, 0.75, 4.75, 1], "texture": "#2"},
				"west": {"uv": [4.25, 0.75, 4.5, 1], "texture": "#2"},
				"up": {"uv": [4.25, 0.75, 4, 0.5], "texture": "#2"},
				"down": {"uv": [4.5, 0.5, 4.25, 0.75], "texture": "#2"}
			}
		},
		{
			"from": [5, 14, 8],
			"to": [6, 15, 9],
			"faces": {
				"north": {"uv": [2.75, 3.75, 3, 4], "texture": "#2"},
				"east": {"uv": [2.5, 3.75, 2.75, 4], "texture": "#2"},
				"south": {"uv": [3.25, 3.75, 3.5, 4], "texture": "#2"},
				"west": {"uv": [3, 3.75, 3.25, 4], "texture": "#2"},
				"up": {"uv": [3, 3.75, 2.75, 3.5], "texture": "#2"},
				"down": {"uv": [3.25, 3.5, 3, 3.75], "texture": "#2"}
			}
		},
		{
			"from": [3, 20, 8],
			"to": [4, 21, 9],
			"faces": {
				"north": {"uv": [3.75, 0.25, 4, 0.5], "texture": "#2"},
				"east": {"uv": [3.5, 0.25, 3.75, 0.5], "texture": "#2"},
				"south": {"uv": [4.25, 0.25, 4.5, 0.5], "texture": "#2"},
				"west": {"uv": [4, 0.25, 4.25, 0.5], "texture": "#2"},
				"up": {"uv": [4, 0.25, 3.75, 0], "texture": "#2"},
				"down": {"uv": [4.25, 0, 4, 0.25], "texture": "#2"}
			}
		},
		{
			"from": [3, 21, 8],
			"to": [4, 22, 9],
			"faces": {
				"north": {"uv": [0.25, 3.75, 0.5, 4], "texture": "#2"},
				"east": {"uv": [0, 3.75, 0.25, 4], "texture": "#2"},
				"south": {"uv": [0.75, 3.75, 1, 4], "texture": "#2"},
				"west": {"uv": [0.5, 3.75, 0.75, 4], "texture": "#2"},
				"up": {"uv": [0.5, 3.75, 0.25, 3.5], "texture": "#2"},
				"down": {"uv": [0.75, 3.5, 0.5, 3.75], "texture": "#2"}
			}
		},
		{
			"from": [11, 4, 8],
			"to": [12, 5, 9],
			"faces": {
				"north": {"uv": [3.5, 3.5, 3.75, 3.75], "texture": "#2"},
				"east": {"uv": [3.25, 3.5, 3.5, 3.75], "texture": "#2"},
				"south": {"uv": [4, 3.5, 4.25, 3.75], "texture": "#2"},
				"west": {"uv": [3.75, 3.5, 4, 3.75], "texture": "#2"},
				"up": {"uv": [3.75, 3.5, 3.5, 3.25], "texture": "#2"},
				"down": {"uv": [4, 3.25, 3.75, 3.5], "texture": "#2"}
			}
		},
		{
			"from": [11, 5, 8],
			"to": [12, 6, 9],
			"faces": {
				"north": {"uv": [3.5, 3, 3.75, 3.25], "texture": "#2"},
				"east": {"uv": [3.25, 3, 3.5, 3.25], "texture": "#2"},
				"south": {"uv": [4, 3, 4.25, 3.25], "texture": "#2"},
				"west": {"uv": [3.75, 3, 4, 3.25], "texture": "#2"},
				"up": {"uv": [3.75, 3, 3.5, 2.75], "texture": "#2"},
				"down": {"uv": [4, 2.75, 3.75, 3], "texture": "#2"}
			}
		},
		{
			"from": [11, 6, 8],
			"to": [12, 7, 9],
			"faces": {
				"north": {"uv": [3.5, 2.5, 3.75, 2.75], "texture": "#2"},
				"east": {"uv": [3.25, 2.5, 3.5, 2.75], "texture": "#2"},
				"south": {"uv": [4, 2.5, 4.25, 2.75], "texture": "#2"},
				"west": {"uv": [3.75, 2.5, 4, 2.75], "texture": "#2"},
				"up": {"uv": [3.75, 2.5, 3.5, 2.25], "texture": "#2"},
				"down": {"uv": [4, 2.25, 3.75, 2.5], "texture": "#2"}
			}
		},
		{
			"from": [10, 7, 8],
			"to": [11, 8, 9],
			"faces": {
				"north": {"uv": [2, 3.5, 2.25, 3.75], "texture": "#2"},
				"east": {"uv": [1.75, 3.5, 2, 3.75], "texture": "#2"},
				"south": {"uv": [2.5, 3.5, 2.75, 3.75], "texture": "#2"},
				"west": {"uv": [2.25, 3.5, 2.5, 3.75], "texture": "#2"},
				"up": {"uv": [2.25, 3.5, 2, 3.25], "texture": "#2"},
				"down": {"uv": [2.5, 3.25, 2.25, 3.5], "texture": "#2"}
			}
		},
		{
			"from": [10, 4, 8],
			"to": [11, 5, 9],
			"faces": {
				"north": {"uv": [1, 3.5, 1.25, 3.75], "texture": "#2"},
				"east": {"uv": [0.75, 3.5, 1, 3.75], "texture": "#2"},
				"south": {"uv": [1.5, 3.5, 1.75, 3.75], "texture": "#2"},
				"west": {"uv": [1.25, 3.5, 1.5, 3.75], "texture": "#2"},
				"up": {"uv": [1.25, 3.5, 1, 3.25], "texture": "#2"},
				"down": {"uv": [1.5, 3.25, 1.25, 3.5], "texture": "#2"}
			}
		},
		{
			"from": [9, 4, 8],
			"to": [10, 5, 9],
			"faces": {
				"north": {"uv": [2.75, 3.25, 3, 3.5], "texture": "#2"},
				"east": {"uv": [2.5, 3.25, 2.75, 3.5], "texture": "#2"},
				"south": {"uv": [3.25, 3.25, 3.5, 3.5], "texture": "#2"},
				"west": {"uv": [3, 3.25, 3.25, 3.5], "texture": "#2"},
				"up": {"uv": [3, 3.25, 2.75, 3], "texture": "#2"},
				"down": {"uv": [3.25, 3, 3, 3.25], "texture": "#2"}
			}
		},
		{
			"from": [9, 5, 8],
			"to": [10, 6, 9],
			"faces": {
				"north": {"uv": [3.25, 1.75, 3.5, 2], "texture": "#2"},
				"east": {"uv": [3, 1.75, 3.25, 2], "texture": "#2"},
				"south": {"uv": [3.75, 1.75, 4, 2], "texture": "#2"},
				"west": {"uv": [3.5, 1.75, 3.75, 2], "texture": "#2"},
				"up": {"uv": [3.5, 1.75, 3.25, 1.5], "texture": "#2"},
				"down": {"uv": [3.75, 1.5, 3.5, 1.75], "texture": "#2"}
			}
		},
		{
			"from": [8, 7, 8],
			"to": [9, 8, 9],
			"faces": {
				"north": {"uv": [3.25, 1.25, 3.5, 1.5], "texture": "#2"},
				"east": {"uv": [3, 1.25, 3.25, 1.5], "texture": "#2"},
				"south": {"uv": [3.75, 1.25, 4, 1.5], "texture": "#2"},
				"west": {"uv": [3.5, 1.25, 3.75, 1.5], "texture": "#2"},
				"up": {"uv": [3.5, 1.25, 3.25, 1], "texture": "#2"},
				"down": {"uv": [3.75, 1, 3.5, 1.25], "texture": "#2"}
			}
		},
		{
			"from": [9, 8, 8],
			"to": [10, 9, 9],
			"faces": {
				"north": {"uv": [0.25, 3.25, 0.5, 3.5], "texture": "#2"},
				"east": {"uv": [0, 3.25, 0.25, 3.5], "texture": "#2"},
				"south": {"uv": [0.75, 3.25, 1, 3.5], "texture": "#2"},
				"west": {"uv": [0.5, 3.25, 0.75, 3.5], "texture": "#2"},
				"up": {"uv": [0.5, 3.25, 0.25, 3], "texture": "#2"},
				"down": {"uv": [0.75, 3, 0.5, 3.25], "texture": "#2"}
			}
		},
		{
			"from": [9, 9, 8],
			"to": [10, 10, 9],
			"faces": {
				"north": {"uv": [2, 3, 2.25, 3.25], "texture": "#2"},
				"east": {"uv": [1.75, 3, 2, 3.25], "texture": "#2"},
				"south": {"uv": [2.5, 3, 2.75, 3.25], "texture": "#2"},
				"west": {"uv": [2.25, 3, 2.5, 3.25], "texture": "#2"},
				"up": {"uv": [2.25, 3, 2, 2.75], "texture": "#2"},
				"down": {"uv": [2.5, 2.75, 2.25, 3], "texture": "#2"}
			}
		},
		{
			"from": [9, 6, 8],
			"to": [10, 7, 9],
			"faces": {
				"north": {"uv": [1, 3, 1.25, 3.25], "texture": "#2"},
				"east": {"uv": [0.75, 3, 1, 3.25], "texture": "#2"},
				"south": {"uv": [1.5, 3, 1.75, 3.25], "texture": "#2"},
				"west": {"uv": [1.25, 3, 1.5, 3.25], "texture": "#2"},
				"up": {"uv": [1.25, 3, 1, 2.75], "texture": "#2"},
				"down": {"uv": [1.5, 2.75, 1.25, 3], "texture": "#2"}
			}
		},
		{
			"from": [7, 8, 8],
			"to": [8, 9, 9],
			"faces": {
				"north": {"uv": [3, 0.75, 3.25, 1], "texture": "#2"},
				"east": {"uv": [2.75, 0.75, 3, 1], "texture": "#2"},
				"south": {"uv": [3.5, 0.75, 3.75, 1], "texture": "#2"},
				"west": {"uv": [3.25, 0.75, 3.5, 1], "texture": "#2"},
				"up": {"uv": [3.25, 0.75, 3, 0.5], "texture": "#2"},
				"down": {"uv": [3.5, 0.5, 3.25, 0.75], "texture": "#2"}
			}
		},
		{
			"from": [7, 6, 8],
			"to": [8, 7, 9],
			"faces": {
				"north": {"uv": [3, 0.75, 3.25, 1], "texture": "#2"},
				"east": {"uv": [2.75, 0.75, 3, 1], "texture": "#2"},
				"south": {"uv": [3.5, 0.75, 3.75, 1], "texture": "#2"},
				"west": {"uv": [3.25, 0.75, 3.5, 1], "texture": "#2"},
				"up": {"uv": [3.25, 0.75, 3, 0.5], "texture": "#2"},
				"down": {"uv": [3.5, 0.5, 3.25, 0.75], "texture": "#2"}
			}
		},
		{
			"from": [7, 9, 8],
			"to": [8, 10, 9],
			"faces": {
				"north": {"uv": [2.75, 2.75, 3, 3], "texture": "#2"},
				"east": {"uv": [2.5, 2.75, 2.75, 3], "texture": "#2"},
				"south": {"uv": [3.25, 2.75, 3.5, 3], "texture": "#2"},
				"west": {"uv": [3, 2.75, 3.25, 3], "texture": "#2"},
				"up": {"uv": [3, 2.75, 2.75, 2.5], "texture": "#2"},
				"down": {"uv": [3.25, 2.5, 3, 2.75], "texture": "#2"}
			}
		},
		{
			"from": [7, 7, 8],
			"to": [8, 8, 9],
			"faces": {
				"north": {"uv": [2.75, 2.75, 3, 3], "texture": "#2"},
				"east": {"uv": [2.5, 2.75, 2.75, 3], "texture": "#2"},
				"south": {"uv": [3.25, 2.75, 3.5, 3], "texture": "#2"},
				"west": {"uv": [3, 2.75, 3.25, 3], "texture": "#2"},
				"up": {"uv": [3, 2.75, 2.75, 2.5], "texture": "#2"},
				"down": {"uv": [3.25, 2.5, 3, 2.75], "texture": "#2"}
			}
		},
		{
			"from": [6, 10, 8],
			"to": [7, 11, 9],
			"faces": {
				"north": {"uv": [2.75, 2.25, 3, 2.5], "texture": "#2"},
				"east": {"uv": [2.5, 2.25, 2.75, 2.5], "texture": "#2"},
				"south": {"uv": [3.25, 2.25, 3.5, 2.5], "texture": "#2"},
				"west": {"uv": [3, 2.25, 3.25, 2.5], "texture": "#2"},
				"up": {"uv": [3, 2.25, 2.75, 2], "texture": "#2"},
				"down": {"uv": [3.25, 2, 3, 2.25], "texture": "#2"}
			}
		},
		{
			"from": [6, 6, 8],
			"to": [7, 7, 9],
			"faces": {
				"north": {"uv": [2.75, 2.25, 3, 2.5], "texture": "#2"},
				"east": {"uv": [2.5, 2.25, 2.75, 2.5], "texture": "#2"},
				"south": {"uv": [3.25, 2.25, 3.5, 2.5], "texture": "#2"},
				"west": {"uv": [3, 2.25, 3.25, 2.5], "texture": "#2"},
				"up": {"uv": [3, 2.25, 2.75, 2], "texture": "#2"},
				"down": {"uv": [3.25, 2, 3, 2.25], "texture": "#2"}
			}
		},
		{
			"from": [8, 10, 8],
			"to": [9, 11, 9],
			"faces": {
				"north": {"uv": [2.75, 0.25, 3, 0.5], "texture": "#2"},
				"east": {"uv": [2.5, 0.25, 2.75, 0.5], "texture": "#2"},
				"south": {"uv": [3.25, 0.25, 3.5, 0.5], "texture": "#2"},
				"west": {"uv": [3, 0.25, 3.25, 0.5], "texture": "#2"},
				"up": {"uv": [3, 0.25, 2.75, 0], "texture": "#2"},
				"down": {"uv": [3.25, 0, 3, 0.25], "texture": "#2"}
			}
		},
		{
			"from": [6, 11, 8],
			"to": [7, 12, 9],
			"faces": {
				"north": {"uv": [0.25, 2.75, 0.5, 3], "texture": "#2"},
				"east": {"uv": [0, 2.75, 0.25, 3], "texture": "#2"},
				"south": {"uv": [0.75, 2.75, 1, 3], "texture": "#2"},
				"west": {"uv": [0.5, 2.75, 0.75, 3], "texture": "#2"},
				"up": {"uv": [0.5, 2.75, 0.25, 2.5], "texture": "#2"},
				"down": {"uv": [0.75, 2.5, 0.5, 2.75], "texture": "#2"}
			}
		},
		{
			"from": [6, 8, 8],
			"to": [7, 9, 9],
			"faces": {
				"north": {"uv": [0.25, 2.75, 0.5, 3], "texture": "#2"},
				"east": {"uv": [0, 2.75, 0.25, 3], "texture": "#2"},
				"south": {"uv": [0.75, 2.75, 1, 3], "texture": "#2"},
				"west": {"uv": [0.5, 2.75, 0.75, 3], "texture": "#2"},
				"up": {"uv": [0.5, 2.75, 0.25, 2.5], "texture": "#2"},
				"down": {"uv": [0.75, 2.5, 0.5, 2.75], "texture": "#2"}
			}
		},
		{
			"from": [6, 11, 8],
			"to": [7, 12, 9],
			"faces": {
				"north": {"uv": [0.25, 2.75, 0.5, 3], "texture": "#2"},
				"east": {"uv": [0, 2.75, 0.25, 3], "texture": "#2"},
				"south": {"uv": [0.75, 2.75, 1, 3], "texture": "#2"},
				"west": {"uv": [0.5, 2.75, 0.75, 3], "texture": "#2"},
				"up": {"uv": [0.5, 2.75, 0.25, 2.5], "texture": "#2"},
				"down": {"uv": [0.75, 2.5, 0.5, 2.75], "texture": "#2"}
			}
		},
		{
			"from": [8, 11, 8],
			"to": [9, 12, 9],
			"faces": {
				"north": {"uv": [2, 2.5, 2.25, 2.75], "texture": "#2"},
				"east": {"uv": [1.75, 2.5, 2, 2.75], "texture": "#2"},
				"south": {"uv": [2.5, 2.5, 2.75, 2.75], "texture": "#2"},
				"west": {"uv": [2.25, 2.5, 2.5, 2.75], "texture": "#2"},
				"up": {"uv": [2.25, 2.5, 2, 2.25], "texture": "#2"},
				"down": {"uv": [2.5, 2.25, 2.25, 2.5], "texture": "#2"}
			}
		},
		{
			"from": [7, 13, 8],
			"to": [8, 14, 9],
			"faces": {
				"north": {"uv": [2.5, 1.5, 2.75, 1.75], "texture": "#2"},
				"east": {"uv": [2.25, 1.5, 2.5, 1.75], "texture": "#2"},
				"south": {"uv": [3, 1.5, 3.25, 1.75], "texture": "#2"},
				"west": {"uv": [2.75, 1.5, 3, 1.75], "texture": "#2"},
				"up": {"uv": [2.75, 1.5, 2.5, 1.25], "texture": "#2"},
				"down": {"uv": [3, 1.25, 2.75, 1.5], "texture": "#2"}
			}
		},
		{
			"from": [7, 12, 8],
			"to": [8, 13, 9],
			"faces": {
				"north": {"uv": [1, 2.5, 1.25, 2.75], "texture": "#2"},
				"east": {"uv": [0.75, 2.5, 1, 2.75], "texture": "#2"},
				"south": {"uv": [1.5, 2.5, 1.75, 2.75], "texture": "#2"},
				"west": {"uv": [1.25, 2.5, 1.5, 2.75], "texture": "#2"},
				"up": {"uv": [1.25, 2.5, 1, 2.25], "texture": "#2"},
				"down": {"uv": [1.5, 2.25, 1.25, 2.5], "texture": "#2"}
			}
		},
		{
			"from": [5, 13, 8],
			"to": [6, 14, 9],
			"faces": {
				"north": {"uv": [2.25, 1, 2.5, 1.25], "texture": "#2"},
				"east": {"uv": [2, 1, 2.25, 1.25], "texture": "#2"},
				"south": {"uv": [2.75, 1, 3, 1.25], "texture": "#2"},
				"west": {"uv": [2.5, 1, 2.75, 1.25], "texture": "#2"},
				"up": {"uv": [2.5, 1, 2.25, 0.75], "texture": "#2"},
				"down": {"uv": [2.75, 0.75, 2.5, 1], "texture": "#2"}
			}
		},
		{
			"from": [5, 12, 8],
			"to": [6, 13, 9],
			"faces": {
				"north": {"uv": [0.25, 2.25, 0.5, 2.5], "texture": "#2"},
				"east": {"uv": [0, 2.25, 0.25, 2.5], "texture": "#2"},
				"south": {"uv": [0.75, 2.25, 1, 2.5], "texture": "#2"},
				"west": {"uv": [0.5, 2.25, 0.75, 2.5], "texture": "#2"},
				"up": {"uv": [0.5, 2.25, 0.25, 2], "texture": "#2"},
				"down": {"uv": [0.75, 2, 0.5, 2.25], "texture": "#2"}
			}
		},
		{
			"from": [8, 8, 8],
			"to": [9, 9, 9],
			"faces": {
				"north": {"uv": [2, 2, 2.25, 2.25], "texture": "#2"},
				"east": {"uv": [1.75, 2, 2, 2.25], "texture": "#2"},
				"south": {"uv": [2.5, 2, 2.75, 2.25], "texture": "#2"},
				"west": {"uv": [2.25, 2, 2.5, 2.25], "texture": "#2"},
				"up": {"uv": [2.25, 2, 2, 1.75], "texture": "#2"},
				"down": {"uv": [2.5, 1.75, 2.25, 2], "texture": "#2"}
			}
		},
		{
			"from": [8, 9, 8],
			"to": [9, 10, 9],
			"faces": {
				"north": {"uv": [1, 2, 1.25, 2.25], "texture": "#2"},
				"east": {"uv": [0.75, 2, 1, 2.25], "texture": "#2"},
				"south": {"uv": [1.5, 2, 1.75, 2.25], "texture": "#2"},
				"west": {"uv": [1.25, 2, 1.5, 2.25], "texture": "#2"},
				"up": {"uv": [1.25, 2, 1, 1.75], "texture": "#2"},
				"down": {"uv": [1.5, 1.75, 1.25, 2], "texture": "#2"}
			}
		},
		{
			"from": [7, 10, 8],
			"to": [8, 11, 9],
			"faces": {
				"north": {"uv": [2, 0.5, 2.25, 0.75], "texture": "#2"},
				"east": {"uv": [1.75, 0.5, 2, 0.75], "texture": "#2"},
				"south": {"uv": [2.5, 0.5, 2.75, 0.75], "texture": "#2"},
				"west": {"uv": [2.25, 0.5, 2.5, 0.75], "texture": "#2"},
				"up": {"uv": [2.25, 0.5, 2, 0.25], "texture": "#2"},
				"down": {"uv": [2.5, 0.25, 2.25, 0.5], "texture": "#2"}
			}
		},
		{
			"from": [7, 5, 8],
			"to": [8, 6, 9],
			"faces": {
				"north": {"uv": [2, 0.5, 2.25, 0.75], "texture": "#2"},
				"east": {"uv": [1.75, 0.5, 2, 0.75], "texture": "#2"},
				"south": {"uv": [2.5, 0.5, 2.75, 0.75], "texture": "#2"},
				"west": {"uv": [2.25, 0.5, 2.5, 0.75], "texture": "#2"},
				"up": {"uv": [2.25, 0.5, 2, 0.25], "texture": "#2"},
				"down": {"uv": [2.5, 0.25, 2.25, 0.5], "texture": "#2"}
			}
		},
		{
			"from": [7, 11, 8],
			"to": [8, 12, 9],
			"faces": {
				"north": {"uv": [0.25, 1.75, 0.5, 2], "texture": "#2"},
				"east": {"uv": [0, 1.75, 0.25, 2], "texture": "#2"},
				"south": {"uv": [0.75, 1.75, 1, 2], "texture": "#2"},
				"west": {"uv": [0.5, 1.75, 0.75, 2], "texture": "#2"},
				"up": {"uv": [0.5, 1.75, 0.25, 1.5], "texture": "#2"},
				"down": {"uv": [0.75, 1.5, 0.5, 1.75], "texture": "#2"}
			}
		},
		{
			"from": [6, 12, 8],
			"to": [7, 13, 9],
			"faces": {
				"north": {"uv": [1.5, 1.5, 1.75, 1.75], "texture": "#2"},
				"east": {"uv": [1.25, 1.5, 1.5, 1.75], "texture": "#2"},
				"south": {"uv": [2, 1.5, 2.25, 1.75], "texture": "#2"},
				"west": {"uv": [1.75, 1.5, 2, 1.75], "texture": "#2"},
				"up": {"uv": [1.75, 1.5, 1.5, 1.25], "texture": "#2"},
				"down": {"uv": [2, 1.25, 1.75, 1.5], "texture": "#2"}
			}
		},
		{
			"from": [6, 7, 8],
			"to": [7, 8, 9],
			"faces": {
				"north": {"uv": [1.5, 1.5, 1.75, 1.75], "texture": "#2"},
				"east": {"uv": [1.25, 1.5, 1.5, 1.75], "texture": "#2"},
				"south": {"uv": [2, 1.5, 2.25, 1.75], "texture": "#2"},
				"west": {"uv": [1.75, 1.5, 2, 1.75], "texture": "#2"},
				"up": {"uv": [1.75, 1.5, 1.5, 1.25], "texture": "#2"},
				"down": {"uv": [2, 1.25, 1.75, 1.5], "texture": "#2"}
			}
		},
		{
			"from": [6, 9, 8],
			"to": [7, 10, 9],
			"faces": {
				"north": {"uv": [1.5, 1.5, 1.75, 1.75], "texture": "#2"},
				"east": {"uv": [1.25, 1.5, 1.5, 1.75], "texture": "#2"},
				"south": {"uv": [2, 1.5, 2.25, 1.75], "texture": "#2"},
				"west": {"uv": [1.75, 1.5, 2, 1.75], "texture": "#2"},
				"up": {"uv": [1.75, 1.5, 1.5, 1.25], "texture": "#2"},
				"down": {"uv": [2, 1.25, 1.75, 1.5], "texture": "#2"}
			}
		},
		{
			"from": [6, 13, 8],
			"to": [7, 14, 9],
			"faces": {
				"north": {"uv": [1.25, 1, 1.5, 1.25], "texture": "#2"},
				"east": {"uv": [1, 1, 1.25, 1.25], "texture": "#2"},
				"south": {"uv": [1.75, 1, 2, 1.25], "texture": "#2"},
				"west": {"uv": [1.5, 1, 1.75, 1.25], "texture": "#2"},
				"up": {"uv": [1.5, 1, 1.25, 0.75], "texture": "#2"},
				"down": {"uv": [1.75, 0.75, 1.5, 1], "texture": "#2"}
			}
		},
		{
			"from": [9, 7, 8],
			"to": [10, 8, 9],
			"faces": {
				"north": {"uv": [1.25, 0.25, 1.5, 0.5], "texture": "#2"},
				"east": {"uv": [1, 0.25, 1.25, 0.5], "texture": "#2"},
				"south": {"uv": [1.75, 0.25, 2, 0.5], "texture": "#2"},
				"west": {"uv": [1.5, 0.25, 1.75, 0.5], "texture": "#2"},
				"up": {"uv": [1.5, 0.25, 1.25, 0], "texture": "#2"},
				"down": {"uv": [1.75, 0, 1.5, 0.25], "texture": "#2"}
			}
		},
		{
			"from": [10, 6, 7.5],
			"to": [11, 7, 9.5],
			"faces": {
				"north": {"uv": [0.5, 1.25, 0.75, 1.5], "texture": "#2"},
				"east": {"uv": [0, 1.25, 0.5, 1.5], "texture": "#2"},
				"south": {"uv": [1.25, 1.25, 1.5, 1.5], "texture": "#2"},
				"west": {"uv": [0.75, 1.25, 1.25, 1.5], "texture": "#2"},
				"up": {"uv": [0.75, 1.25, 0.5, 0.75], "texture": "#2"},
				"down": {"uv": [1, 0.75, 0.75, 1.25], "texture": "#2"}
			}
		},
		{
			"from": [10, 5, 7.5],
			"to": [11, 6, 9.5],
			"faces": {
				"north": {"uv": [0.5, 0.5, 0.75, 0.75], "texture": "#2"},
				"east": {"uv": [0, 0.5, 0.5, 0.75], "texture": "#2"},
				"south": {"uv": [1.25, 0.5, 1.5, 0.75], "texture": "#2"},
				"west": {"uv": [0.75, 0.5, 1.25, 0.75], "texture": "#2"},
				"up": {"uv": [0.75, 0.5, 0.5, 0], "texture": "#2"},
				"down": {"uv": [1, 0, 0.75, 0.5], "texture": "#2"}
			}
		}
	],
	"display": {
		"thirdperson_righthand": {
			"rotation": [-4, -90, -64],
			"translation": [0.75, -4, -0.75]
		},
		"thirdperson_lefthand": {
			"rotation": [131, 90, -68],
			"translation": [-0.5, -4.5, -1.75]
		},
		"firstperson_righthand": {
			"rotation": [32, -79, 0],
			"translation": [4, 2, 0],
			"scale": [0.5, 0.5, 0.49]
		},
		"firstperson_lefthand": {
			"rotation": [30, 95, 0],
			"translation": [4, 2, 0],
			"scale": [0.5, 0.5, 0.49]
		},
		"ground": {
			"translation": [0, 1.25, 0],
			"scale": [0.6, 0.6, 0.6]
		},
		"gui": {
			"rotation": [0, 180, 0],
			"translation": [-3.75, -5.5, 0],
			"scale": [0.56, 0.56, 0.56]
		},
		"head": {
			"rotation": [-13, -92, 0],
			"translation": [0, 10.5, 0]
		},
		"fixed": {
			"translation": [5.5, -6.25, 0],
			"scale": [0.73, 0.64, 0.74]
		}
	},
	"groups": [
		{
			"name": "shadowblade",
			"origin": [0, 0, 0],
			"color": 0,
			"children": [
				0,
				1,
				2,
				3,
				4,
				5,
				6,
				7,
				8,
				9,
				10,
				11,
				12,
				13,
				14,
				15,
				16,
				17,
				18,
				19,
				20,
				21,
				22,
				23,
				24,
				25,
				26,
				27,
				28,
				29,
				30,
				31,
				32,
				33,
				34,
				35,
				36,
				37,
				38,
				39,
				40,
				41,
				42,
				43,
				44,
				45,
				46,
				47,
				48,
				49,
				50,
				51,
				52,
				53,
				54,
				55,
				56,
				57,
				58,
				59,
				60,
				61,
				62,
				63,
				64,
				65,
				66,
				67,
				68,
				69,
				70,
				71,
				72,
				73,
				74,
				75,
				76,
				77,
				78,
				79,
				80,
				81,
				82,
				83,
				84,
				85,
				86,
				87,
				88,
				89,
				90,
				91,
				92,
				93,
				94,
				95,
				96,
				97,
				98,
				99,
				100,
				101,
				102,
				103,
				104,
				105,
				106,
				107,
				108,
				109,
				110,
				111,
				112,
				113,
				114,
				115,
				116,
				117,
				118,
				119,
				120,
				121,
				122,
				123,
				124,
				125,
				126,
				127,
				128,
				129,
				130,
				131,
				132,
				133,
				134,
				135,
				136,
				137,
				138,
				139,
				140,
				141,
				142,
				143,
				144,
				145,
				146,
				147,
				148,
				149,
				150,
				151,
				152,
				153,
				154,
				155,
				156,
				157,
				158,
				159,
				160,
				161,
				162,
				163,
				164,
				165,
				166,
				167,
				168,
				169
			]
		}
	]
}