{
    "parent": "item/handheld", 
    "textures": {
        "layer0": "item/diamond_sword"
    },
	"overrides": [
		{ "predicate": { "custom_model_data": 1}, "model": "item/diamond_sword/elucidator" },
		{ "predicate": { "custom_model_data": 2}, "model": "item/diamond_sword/excalibur" },
		{ "predicate": { "custom_model_data": 3}, "model": "item/diamond_sword/darkrepulser" },
		{ "predicate": { "custom_model_data": 4}, "model": "item/diamond_sword/anneal" },
		{ "predicate": { "custom_model_data": 5}, "model": "item/diamond_sword/gram" },
		{ "predicate": { "custom_model_data": 6}, "model": "item/diamond_sword/blackgreat" },
		{ "predicate": { "custom_model_data": 7}, "model": "item/diamond_sword/guiltythorn" },
		{ "predicate": { "custom_model_data": 8}, "model": "item/diamond_sword/karakurenai" },
		{ "predicate": { "custom_model_data": 9}, "model": "item/diamond_sword/lambentlight" },
		{ "predicate": { "custom_model_data": 10}, "model": "item/diamond_sword/liberator" },
		{ "predicate": { "custom_model_data": 11}, "model": "item/diamond_sword/tyrantdragon" },
		{ "predicate": { "custom_model_data": 12}, "model": "item/diamond_sword/sunsword" },
		{ "predicate": { "custom_model_data": 13}, "model": "item/diamond_sword/defaultsword" },
		{ "predicate": { "custom_model_data": 14}, "model": "item/diamond_sword/iceblade" },
		{ "predicate": { "custom_model_data": 15}, "model": "item/diamond_sword/allelements" },
		{ "predicate": { "custom_model_data": 16}, "model": "item/diamond_sword/nightblade" },
		{ "predicate": { "custom_model_data": 17}, "model": "item/diamond_sword/woodpirate" },
		{ "predicate": { "custom_model_data": 18}, "model": "item/diamond_sword/soulblade" },
		{ "predicate": { "custom_model_data": 19}, "model": "item/diamond_sword/flamesword" },
		{ "predicate": { "custom_model_data": 20}, "model": "item/diamond_sword/chaossword" },
		{ "predicate": { "custom_model_data": 21}, "model": "item/diamond_sword/edgesword" },
		{ "predicate": { "custom_model_data": 22}, "model": "item/diamond_sword/wardensword" },
		{ "predicate": { "custom_model_data": 23}, "model": "item/diamond_sword/bamboosword" },
		{ "predicate": { "custom_model_data": 24}, "model": "item/diamond_sword/steelsword" },
		{ "predicate": { "custom_model_data": 25}, "model": "item/diamond_sword/magic_sword" },
		{ "predicate": { "custom_model_data": 26}, "model": "item/diamond_sword/giand_blade" }
	]
}