{
	"credit": "Made with Blockbench",
	"texture_size": [64, 64],
	"textures": {
		"0": "item/weapons/swords/crysta",
		"particle": "item/weapons/swords/crysta"
	},
	"elements": [
		{
			"from": [16, 0, 7],
			"to": [21, 2, 8],
			"faces": {
				"north": {"uv": [4, 5, 5.25, 5.5], "texture": "#0"},
				"east": {"uv": [3.75, 5, 4, 5.5], "texture": "#0"},
				"south": {"uv": [5.5, 5, 6.75, 5.5], "texture": "#0"},
				"west": {"uv": [5.25, 5, 5.5, 5.5], "texture": "#0"},
				"up": {"uv": [5.25, 5, 4, 4.75], "texture": "#0"},
				"down": {"uv": [6.5, 4.75, 5.25, 5], "texture": "#0"}
			}
		},
		{
			"from": [16, 2, 7],
			"to": [20, 3, 8],
			"faces": {
				"north": {"uv": [2.75, 6.25, 3.75, 6.5], "texture": "#0"},
				"east": {"uv": [2.5, 6.25, 2.75, 6.5], "texture": "#0"},
				"south": {"uv": [4, 6.25, 5, 6.5], "texture": "#0"},
				"west": {"uv": [3.75, 6.25, 4, 6.5], "texture": "#0"},
				"up": {"uv": [3.75, 6.25, 2.75, 6], "texture": "#0"},
				"down": {"uv": [4.75, 6, 3.75, 6.25], "texture": "#0"}
			}
		},
		{
			"from": [19, 4, 7],
			"to": [20, 8, 8],
			"faces": {
				"north": {"uv": [1.25, 6.75, 1.5, 7.75], "texture": "#0"},
				"east": {"uv": [1, 6.75, 1.25, 7.75], "texture": "#0"},
				"south": {"uv": [1.75, 6.75, 2, 7.75], "texture": "#0"},
				"west": {"uv": [1.5, 6.75, 1.75, 7.75], "texture": "#0"},
				"up": {"uv": [1.5, 6.75, 1.25, 6.5], "texture": "#0"},
				"down": {"uv": [1.75, 6.5, 1.5, 6.75], "texture": "#0"}
			}
		},
		{
			"from": [18, 5, 7],
			"to": [19, 9, 8],
			"faces": {
				"north": {"uv": [0.25, 6.75, 0.5, 7.75], "texture": "#0"},
				"east": {"uv": [0, 6.75, 0.25, 7.75], "texture": "#0"},
				"south": {"uv": [0.75, 6.75, 1, 7.75], "texture": "#0"},
				"west": {"uv": [0.5, 6.75, 0.75, 7.75], "texture": "#0"},
				"up": {"uv": [0.5, 6.75, 0.25, 6.5], "texture": "#0"},
				"down": {"uv": [0.75, 6.5, 0.5, 6.75], "texture": "#0"}
			}
		},
		{
			"from": [15, 10, 7],
			"to": [17, 11, 8],
			"faces": {
				"north": {"uv": [2.25, 6.75, 2.75, 7], "texture": "#0"},
				"east": {"uv": [2, 6.75, 2.25, 7], "texture": "#0"},
				"south": {"uv": [3, 6.75, 3.5, 7], "texture": "#0"},
				"west": {"uv": [2.75, 6.75, 3, 7], "texture": "#0"},
				"up": {"uv": [2.75, 6.75, 2.25, 6.5], "texture": "#0"},
				"down": {"uv": [3.25, 6.5, 2.75, 6.75], "texture": "#0"}
			}
		},
		{
			"from": [10, 7, 7],
			"to": [18, 10, 8],
			"faces": {
				"north": {"uv": [0.25, 2.75, 2.25, 3.5], "texture": "#0"},
				"east": {"uv": [0, 2.75, 0.25, 3.5], "texture": "#0"},
				"south": {"uv": [2.5, 2.75, 4.5, 3.5], "texture": "#0"},
				"west": {"uv": [2.25, 2.75, 2.5, 3.5], "texture": "#0"},
				"up": {"uv": [2.25, 2.75, 0.25, 2.5], "texture": "#0"},
				"down": {"uv": [4.25, 2.5, 2.25, 2.75], "texture": "#0"}
			}
		},
		{
			"from": [7, 6, 7],
			"to": [10, 7, 8],
			"faces": {
				"north": {"uv": [5.25, 6.25, 6, 6.5], "texture": "#0"},
				"east": {"uv": [5, 6.25, 5.25, 6.5], "texture": "#0"},
				"south": {"uv": [6.25, 6.25, 7, 6.5], "texture": "#0"},
				"west": {"uv": [6, 6.25, 6.25, 6.5], "texture": "#0"},
				"up": {"uv": [6, 6.25, 5.25, 6], "texture": "#0"},
				"down": {"uv": [6.75, 6, 6, 6.25], "texture": "#0"}
			}
		},
		{
			"from": [8, 7, 7],
			"to": [10, 8, 8],
			"faces": {
				"north": {"uv": [6.5, 1, 7, 1.25], "texture": "#0"},
				"east": {"uv": [6.25, 1, 6.5, 1.25], "texture": "#0"},
				"south": {"uv": [7.25, 1, 7.75, 1.25], "texture": "#0"},
				"west": {"uv": [7, 1, 7.25, 1.25], "texture": "#0"},
				"up": {"uv": [7, 1, 6.5, 0.75], "texture": "#0"},
				"down": {"uv": [7.5, 0.75, 7, 1], "texture": "#0"}
			}
		},
		{
			"from": [9, 8, 7],
			"to": [10, 9, 8],
			"faces": {
				"north": {"uv": [3.75, 6.75, 4, 7], "texture": "#0"},
				"east": {"uv": [3.5, 6.75, 3.75, 7], "texture": "#0"},
				"south": {"uv": [4.25, 6.75, 4.5, 7], "texture": "#0"},
				"west": {"uv": [4, 6.75, 4.25, 7], "texture": "#0"},
				"up": {"uv": [4, 6.75, 3.75, 6.5], "texture": "#0"},
				"down": {"uv": [4.25, 6.5, 4, 6.75], "texture": "#0"}
			}
		},
		{
			"from": [9, 10, 7],
			"to": [14, 11, 8],
			"faces": {
				"north": {"uv": [0.25, 5.75, 1.5, 6], "texture": "#0"},
				"east": {"uv": [0, 5.75, 0.25, 6], "texture": "#0"},
				"south": {"uv": [1.75, 5.75, 3, 6], "texture": "#0"},
				"west": {"uv": [1.5, 5.75, 1.75, 6], "texture": "#0"},
				"up": {"uv": [1.5, 5.75, 0.25, 5.5], "texture": "#0"},
				"down": {"uv": [2.75, 5.5, 1.5, 5.75], "texture": "#0"}
			}
		},
		{
			"from": [8, 11, 7],
			"to": [13, 12, 8],
			"faces": {
				"north": {"uv": [0.25, 5.25, 1.5, 5.5], "texture": "#0"},
				"east": {"uv": [0, 5.25, 0.25, 5.5], "texture": "#0"},
				"south": {"uv": [1.75, 5.25, 3, 5.5], "texture": "#0"},
				"west": {"uv": [1.5, 5.25, 1.75, 5.5], "texture": "#0"},
				"up": {"uv": [1.5, 5.25, 0.25, 5], "texture": "#0"},
				"down": {"uv": [2.75, 5, 1.5, 5.25], "texture": "#0"}
			}
		},
		{
			"from": [7, 12, 7],
			"to": [14, 13, 8],
			"faces": {
				"north": {"uv": [4.75, 2.75, 6.5, 3], "texture": "#0"},
				"east": {"uv": [4.5, 2.75, 4.75, 3], "texture": "#0"},
				"south": {"uv": [6.75, 2.75, 8.5, 3], "texture": "#0"},
				"west": {"uv": [6.5, 2.75, 6.75, 3], "texture": "#0"},
				"up": {"uv": [6.5, 2.75, 4.75, 2.5], "texture": "#0"},
				"down": {"uv": [8.25, 2.5, 6.5, 2.75], "texture": "#0"}
			}
		},
		{
			"from": [6, 13, 7],
			"to": [13, 14, 8],
			"faces": {
				"north": {"uv": [0.25, 4.75, 2, 5], "texture": "#0"},
				"east": {"uv": [0, 4.75, 0.25, 5], "texture": "#0"},
				"south": {"uv": [2.25, 4.75, 4, 5], "texture": "#0"},
				"west": {"uv": [2, 4.75, 2.25, 5], "texture": "#0"},
				"up": {"uv": [2, 4.75, 0.25, 4.5], "texture": "#0"},
				"down": {"uv": [3.75, 4.5, 2, 4.75], "texture": "#0"}
			}
		},
		{
			"from": [3, 15, 7],
			"to": [11, 16, 8],
			"faces": {
				"north": {"uv": [4.5, 4, 6.5, 4.25], "texture": "#0"},
				"east": {"uv": [4.25, 4, 4.5, 4.25], "texture": "#0"},
				"south": {"uv": [6.75, 4, 8.75, 4.25], "texture": "#0"},
				"west": {"uv": [6.5, 4, 6.75, 4.25], "texture": "#0"},
				"up": {"uv": [6.5, 4, 4.5, 3.75], "texture": "#0"},
				"down": {"uv": [8.5, 3.75, 6.5, 4], "texture": "#0"}
			}
		},
		{
			"from": [5, 14, 7],
			"to": [12, 15, 8],
			"faces": {
				"north": {"uv": [4.5, 4.5, 6.25, 4.75], "texture": "#0"},
				"east": {"uv": [4.25, 4.5, 4.5, 4.75], "texture": "#0"},
				"south": {"uv": [6.5, 4.5, 8.25, 4.75], "texture": "#0"},
				"west": {"uv": [6.25, 4.5, 6.5, 4.75], "texture": "#0"},
				"up": {"uv": [6.25, 4.5, 4.5, 4.25], "texture": "#0"},
				"down": {"uv": [8, 4.25, 6.25, 4.5], "texture": "#0"}
			}
		},
		{
			"from": [1, 17, 7],
			"to": [9, 18, 8],
			"faces": {
				"north": {"uv": [4.5, 3.5, 6.5, 3.75], "texture": "#0"},
				"east": {"uv": [4.25, 3.5, 4.5, 3.75], "texture": "#0"},
				"south": {"uv": [6.75, 3.5, 8.75, 3.75], "texture": "#0"},
				"west": {"uv": [6.5, 3.5, 6.75, 3.75], "texture": "#0"},
				"up": {"uv": [6.5, 3.5, 4.5, 3.25], "texture": "#0"},
				"down": {"uv": [8.5, 3.25, 6.5, 3.5], "texture": "#0"}
			}
		},
		{
			"from": [2, 16, 7],
			"to": [10, 17, 8],
			"faces": {
				"north": {"uv": [0.25, 4.25, 2.25, 4.5], "texture": "#0"},
				"east": {"uv": [0, 4.25, 0.25, 4.5], "texture": "#0"},
				"south": {"uv": [2.5, 4.25, 4.5, 4.5], "texture": "#0"},
				"west": {"uv": [2.25, 4.25, 2.5, 4.5], "texture": "#0"},
				"up": {"uv": [2.25, 4.25, 0.25, 4], "texture": "#0"},
				"down": {"uv": [4.25, 4, 2.25, 4.25], "texture": "#0"}
			}
		},
		{
			"from": [-2, 19, 7],
			"to": [7, 20, 8],
			"faces": {
				"north": {"uv": [0.25, 2.25, 2.5, 2.5], "texture": "#0"},
				"east": {"uv": [0, 2.25, 0.25, 2.5], "texture": "#0"},
				"south": {"uv": [2.75, 2.25, 5, 2.5], "texture": "#0"},
				"west": {"uv": [2.5, 2.25, 2.75, 2.5], "texture": "#0"},
				"up": {"uv": [2.5, 2.25, 0.25, 2], "texture": "#0"},
				"down": {"uv": [4.75, 2, 2.5, 2.25], "texture": "#0"}
			}
		},
		{
			"from": [0, 18, 7],
			"to": [8, 19, 8],
			"faces": {
				"north": {"uv": [0.25, 3.75, 2.25, 4], "texture": "#0"},
				"east": {"uv": [0, 3.75, 0.25, 4], "texture": "#0"},
				"south": {"uv": [2.5, 3.75, 4.5, 4], "texture": "#0"},
				"west": {"uv": [2.25, 3.75, 2.5, 4], "texture": "#0"},
				"up": {"uv": [2.25, 3.75, 0.25, 3.5], "texture": "#0"},
				"down": {"uv": [4.25, 3.5, 2.25, 3.75], "texture": "#0"}
			}
		},
		{
			"from": [-8, 21, 7],
			"to": [5, 22, 8],
			"faces": {
				"north": {"uv": [0.25, 0.25, 3.5, 0.5], "texture": "#0"},
				"east": {"uv": [0, 0.25, 0.25, 0.5], "texture": "#0"},
				"south": {"uv": [3.75, 0.25, 7, 0.5], "texture": "#0"},
				"west": {"uv": [3.5, 0.25, 3.75, 0.5], "texture": "#0"},
				"up": {"uv": [3.5, 0.25, 0.25, 0], "texture": "#0"},
				"down": {"uv": [6.75, 0, 3.5, 0.25], "texture": "#0"}
			}
		},
		{
			"from": [-8, 22, 7],
			"to": [4, 23, 8],
			"faces": {
				"north": {"uv": [0.25, 0.75, 3.25, 1], "texture": "#0"},
				"east": {"uv": [0, 0.75, 0.25, 1], "texture": "#0"},
				"south": {"uv": [3.5, 0.75, 6.5, 1], "texture": "#0"},
				"west": {"uv": [3.25, 0.75, 3.5, 1], "texture": "#0"},
				"up": {"uv": [3.25, 0.75, 0.25, 0.5], "texture": "#0"},
				"down": {"uv": [6.25, 0.5, 3.25, 0.75], "texture": "#0"}
			}
		},
		{
			"from": [-7, 23, 7],
			"to": [2, 24, 8],
			"faces": {
				"north": {"uv": [0.25, 1.75, 2.5, 2], "texture": "#0"},
				"east": {"uv": [0, 1.75, 0.25, 2], "texture": "#0"},
				"south": {"uv": [2.75, 1.75, 5, 2], "texture": "#0"},
				"west": {"uv": [2.5, 1.75, 2.75, 2], "texture": "#0"},
				"up": {"uv": [2.5, 1.75, 0.25, 1.5], "texture": "#0"},
				"down": {"uv": [4.75, 1.5, 2.5, 1.75], "texture": "#0"}
			}
		},
		{
			"from": [-6, 24, 7],
			"to": [-1, 25, 8],
			"faces": {
				"north": {"uv": [5, 2, 6.25, 2.25], "texture": "#0"},
				"east": {"uv": [4.75, 2, 5, 2.25], "texture": "#0"},
				"south": {"uv": [6.5, 2, 7.75, 2.25], "texture": "#0"},
				"west": {"uv": [6.25, 2, 6.5, 2.25], "texture": "#0"},
				"up": {"uv": [6.25, 2, 5, 1.75], "texture": "#0"},
				"down": {"uv": [7.5, 1.75, 6.25, 2], "texture": "#0"}
			}
		},
		{
			"from": [-5, 20, 7],
			"to": [6, 21, 8],
			"faces": {
				"north": {"uv": [0.25, 1.25, 3, 1.5], "texture": "#0"},
				"east": {"uv": [0, 1.25, 0.25, 1.5], "texture": "#0"},
				"south": {"uv": [3.25, 1.25, 6, 1.5], "texture": "#0"},
				"west": {"uv": [3, 1.25, 3.25, 1.5], "texture": "#0"},
				"up": {"uv": [3, 1.25, 0.25, 1], "texture": "#0"},
				"down": {"uv": [5.75, 1, 3, 1.25], "texture": "#0"}
			}
		},
		{
			"from": [15, 3, 7],
			"to": [19, 4, 8],
			"faces": {
				"north": {"uv": [0.25, 6.25, 1.25, 6.5], "texture": "#0"},
				"east": {"uv": [0, 6.25, 0.25, 6.5], "texture": "#0"},
				"south": {"uv": [1.5, 6.25, 2.5, 6.5], "texture": "#0"},
				"west": {"uv": [1.25, 6.25, 1.5, 6.5], "texture": "#0"},
				"up": {"uv": [1.25, 6.25, 0.25, 6], "texture": "#0"},
				"down": {"uv": [2.25, 6, 1.25, 6.25], "texture": "#0"}
			}
		},
		{
			"from": [14, 4, 7],
			"to": [18, 5, 8],
			"faces": {
				"north": {"uv": [6, 1.5, 7, 1.75], "texture": "#0"},
				"east": {"uv": [5.75, 1.5, 6, 1.75], "texture": "#0"},
				"south": {"uv": [7.25, 1.5, 8.25, 1.75], "texture": "#0"},
				"west": {"uv": [7, 1.5, 7.25, 1.75], "texture": "#0"},
				"up": {"uv": [7, 1.5, 6, 1.25], "texture": "#0"},
				"down": {"uv": [8, 1.25, 7, 1.5], "texture": "#0"}
			}
		},
		{
			"from": [13, 5, 7],
			"to": [17, 6, 8],
			"faces": {
				"north": {"uv": [5.75, 5.75, 6.75, 6], "texture": "#0"},
				"east": {"uv": [5.5, 5.75, 5.75, 6], "texture": "#0"},
				"south": {"uv": [7, 5.75, 8, 6], "texture": "#0"},
				"west": {"uv": [6.75, 5.75, 7, 6], "texture": "#0"},
				"up": {"uv": [6.75, 5.75, 5.75, 5.5], "texture": "#0"},
				"down": {"uv": [7.75, 5.5, 6.75, 5.75], "texture": "#0"}
			}
		},
		{
			"from": [12, 6, 7],
			"to": [16, 7, 8],
			"faces": {
				"north": {"uv": [3.25, 5.75, 4.25, 6], "texture": "#0"},
				"east": {"uv": [3, 5.75, 3.25, 6], "texture": "#0"},
				"south": {"uv": [4.5, 5.75, 5.5, 6], "texture": "#0"},
				"west": {"uv": [4.25, 5.75, 4.5, 6], "texture": "#0"},
				"up": {"uv": [4.25, 5.75, 3.25, 5.5], "texture": "#0"},
				"down": {"uv": [5.25, 5.5, 4.25, 5.75], "texture": "#0"}
			}
		}
	],
	"display": {
		"thirdperson_righthand": {
			"rotation": [-73, 90, 46],
			"translation": [0, 1.75, 3.75],
			"scale": [0.55, 0.55, 1]
		},
		"thirdperson_lefthand": {
			"rotation": [-125, 180, 7],
			"translation": [-5.5, -5.25, 11],
			"scale": [0.5, 0.5, 1]
		},
		"firstperson_righthand": {
			"rotation": [-23, 103, -26],
			"translation": [2, 3, 1],
			"scale": [0.54, 0.54, 0.54]
		},
		"firstperson_lefthand": {
			"scale": [0, 0, 0]
		},
		"ground": {
			"translation": [0, 0.75, 0],
			"scale": [0.5, 0.5, 1]
		},
		"gui": {
			"rotation": [0, 180, 0],
			"translation": [-1, -2.5, 0],
			"scale": [0.5, 0.5, 0.5]
		},
		"fixed": {
			"translation": [0, -3, 0],
			"scale": [0.5, 0.5, 1]
		}
	}
}