{
	"credit": "Made with Blockbench",
	"parent": "item/handheld",
	"textures": {
		"layer0": "item/weapons/swords/dark_pirate"
	},
	"display": {
		"thirdperson_righthand": {
			"rotation": [0, -90, 45],
			"translation": [0, 7.25, 2],
			"scale": [1.1, 1.1, 1]
		},
		"thirdperson_lefthand": {
			"rotation": [-110, 0, -10],
			"translation": [-5.75, -6.5, 6.25],
			"scale": [1.1, 1.1, 1]
		},
		"firstperson_righthand": {
			"rotation": [0, -90, 45],
			"translation": [1, 6.5, 0]
		},
		"firstperson_lefthand": {
			"rotation": [0, -90, -45],
			"translation": [0, 3.75, 0],
			"scale": [0, 0, 0]
		},
		"ground": {
			"translation": [0, 1, 0],
			"scale": [0.75, 0.75, 0.75]
		},
		"gui": {
			"translation": [2.5, 2.5, 0],
			"scale": [1.2, 1.2, 1]
		},
		"head": {
			"rotation": [0, 0, 45],
			"translation": [0, 11, 0]
		}
	}
}
