{
	"credit": "Made with Blockbench",
	"parent": "item/handheld",
	"textures": {
		"layer0": "item/weapons/swords/dawnbreaker"
	},
	"display": {
		"thirdperson_righthand": {
			"rotation": [0, 90, 45],
			"translation": [0, 4, 1.5],
			"scale": [1.8, 1.8, 1]
		},
		"thirdperson_lefthand": {
			"rotation": [-110, 0, -10],
			"translation": [-4, -6.5, 9.5],
			"scale": [1.8, 1.8, 1]
		},
		"firstperson_righthand": {
			"rotation": [0, 90, 45],
			"translation": [0, 2.25, 0],
			"scale": [1.4, 1.4, 1]
		},
		"firstperson_lefthand": {
			"rotation": [0, -90, -45],
			"translation": [0, 3.75, 0],
			"scale": [0, 0, 0]
		},
		"ground": {
			"translation": [0, 1, 0],
			"scale": [1.2, 1.2, 1]
		},
		"gui": {
			"translation": [0, -1, 0],
			"scale": [1.5, 1.5, 1]
		},
		"head": {
			"rotation": [0, 0, 45],
			"translation": [0, 11, 0]
		}
	}
}