{
	"credit": "Made with Blockbench",
	"parent": "item/handheld",
	"textures": {
		"layer0": "item/weapons/swords/eckesacks"
	},
	"display": {
		"thirdperson_righthand": {
			"rotation": [0, -90, 45],
			"translation": [0, 4.5, 2],
			"scale": [1.4, 1.4, 1]
		},
		"thirdperson_lefthand": {
			"rotation": [-110, 0, -10],
			"translation": [-4, -6.25, 9],
			"scale": [1.4, 1.4, 1]
		},
		"firstperson_righthand": {
			"rotation": [0, -90, 45],
			"translation": [1.25, 3.75, 0]
		},
		"firstperson_lefthand": {
			"rotation": [0, -90, -45],
			"translation": [0, 3.75, 0],
			"scale": [0, 0, 0]
		},
		"ground": {
			"translation": [0, 1, 0]
		},
		"gui": {
			"scale": [1.2, 1.2, 1]
		},
		"head": {
			"rotation": [0, 0, 45],
			"translation": [0, 11, 0]
		}
	}
}