{
	"credit": "Made with Blockbench",
	"parent": "item/handheld",
	"textures": {
		"layer0": "item/weapons/swords/galaxia"
	},
	"display": {
		"thirdperson_righthand": {
			"rotation": [0, 90, 45],
			"translation": [0, 8.75, 2],
			"scale": [1.4, 1.4, 1]
		},
		"thirdperson_lefthand": {
			"rotation": [-114, 0, -10],
			"translation": [-5.75, -7.75, 5],
			"scale": [1.4, 1.4, 1]
		},
		"firstperson_righthand": {
			"rotation": [0, 90, 45],
			"translation": [0, 5.5, 0],
			"scale": [1.4, 1.4, 1]
		},
		"firstperson_lefthand": {
			"rotation": [0, -90, -45],
			"translation": [0, 3.75, 0],
			"scale": [0, 0, 0]
		},
		"ground": {
			"translation": [0, 5.5, 0]
		},
		"gui": {
			"translation": [1.25, 1.25, 0],
			"scale": [1.27, 1.27, 1.27]
		},
		"head": {
			"rotation": [0, 0, 45],
			"translation": [0, 11, 0]
		}
	}
}