{
	"credit": "Made with Blockbench",
	"parent": "item/handheld",
	"textures": {
		"layer0": "item/weapons/swords/iron_gladius"
	},
	"display": {
		"thirdperson_righthand": {
			"rotation": [0, -90, 45],
			"translation": [0, 5, 2],
			"scale": [1.1, 1.1, 1]
		},
		"thirdperson_lefthand": {
			"rotation": [-110, 0, -10],
			"translation": [-5.75, -6.25, 6.25],
			"scale": [1.1, 1.1, 1]
		},
		"firstperson_righthand": {
			"rotation": [0, -90, 45],
			"translation": [1, 4.5, 0]
		},
		"firstperson_lefthand": {
			"rotation": [0, -90, -45],
			"translation": [0, 3.75, 0],
			"scale": [0, 0, 0]
		},
		"ground": {
			"translation": [0, 4, 0]
		},
		"head": {
			"rotation": [0, 0, 45],
			"translation": [0, 11, 0]
		}
	}
}
