{
	"credit": "Made with Blockbench",
	"parent": "item/handheld",
	"textures": {
		"layer0": "item/weapons/swords/the_sword_of_the_creator"
	},
	"display": {
		"thirdperson_righthand": {
			"rotation": [0, 90, 45],
			"translation": [0, 9, 2],
			"scale": [1.6, 1.6, 1]
		},
		"thirdperson_lefthand": {
			"rotation": [-110, 0, -11],
			"translation": [-5.5, -6.5, 4.75],
			"scale": [1.6, 1.6, 1]
		},
		"firstperson_righthand": {
			"rotation": [0, 90, 45],
			"translation": [0, 6.5, 0],
			"scale": [1.6, 1.6, 1]
		},
		"firstperson_lefthand": {
			"rotation": [0, -90, -45],
			"translation": [0, 3.75, 0],
			"scale": [0, 0, 0]
		},
		"ground": {
			"rotation": [0, 15, 0],
			"translation": [0, 1, 0]
		},
		"gui": {
			"translation": [1.5, 1.5, 0],
			"scale": [1.54, 1.54, 1]
		},
		"head": {
			"rotation": [0, 0, 45],
			"translation": [0, 11, 0]
		},
		"fixed": {
			"translation": [1.5, 1.5, 0],
			"scale": [1.81, 1.81, 1]
		}
	}
}